Country,City,Yield,Text,meanYield,Text_numbeo,CountryCity,latitude,longitude
Albania,Durres,4.615384615384616,"                                      Price  Rent Yield
Neighbor               Apartments                      
Duress (all locations) 0-Studio     $28,063  $188  8.1%
                       1-Bedroom    $52,116  $200  4.6%
                       2-Bedroom    $65,145  $251  4.6%
                       3-Bedroom   $120,268  $301  3.0%
                       4+Bedroom   $185,413  $351  2.3%",,,"Durres, Albania",41.33105689999999,19.45679256119084
Albania,Elbasan,4.9714285714285715,"                                      Price  Rent Yield
Neighbor                Apartments                     
Elbasan (all locations) 0-Studio    $30,067  $128  5.1%
                        1-Bedroom   $35,078  $145  5.0%
                        2-Bedroom   $46,931  $171  4.4%",,,"Elbasan, Albania",41.1105874,20.0794072
Albania,Fier,3.954545454545454,"                                   Price  Rent Yield
Neighbor             Apartments                     
Fier (all locations) 0-Studio    $29,566  $128  5.2%
                     1-Bedroom   $44,098  $145  4.0%
                     2-Bedroom   $55,123  $154  3.4%",,,"Fier, Albania",40.726826200000005,19.56044971340522
Albania,Sarande,4.090909090909091,"                                      Price  Rent Yield
Neighbor                Apartments                     
Sarande (all locations) 0-Studio    $60,134  $162  3.2%
                        1-Bedroom   $69,154  $301  5.2%
                        2-Bedroom   $88,197  $301  4.1%",,,"Sarande, Albania",39.8752198,20.0065258
Albania,Shkoder,4.102153846153846,"                                      Price  Rent Yield
Neighbor                Apartments                     
Skhöder (all locations) 0-Studio    $36,080  $171  5.7%
                        1-Bedroom   $50,112  $188  4.5%
                        2-Bedroom   $65,145  $200  3.7%
                        3-Bedroom   $73,163  $213  3.5%",,,"Shkoder, Albania",42.0681371,19.5121437
Albania,Tirana,5.647058823529412,"                                      Price    Rent Yield
Neighbor               Apartments                        
Tirana (all locations) 0-Studio     $55,123    $341  7.4%
                       1-Bedroom    $85,190    $401  5.6%
                       2-Bedroom    $97,217    $451  5.6%
                       3-Bedroom   $140,313    $601  5.1%
                       4+Bedroom   $180,402  $1,002  6.7%",4.800404797363386,"                                 Price    Rent Yield
Neighbor          Apartments                        
City Center       1-Bedroom   $127,092    $492  4.6%
                  3-Bedroom   $279,602  $1,024  4.4%
Outside of Center 1-Bedroom    $59,456    $320  6.5%
                  3-Bedroom   $130,803    $540  5.0%","Tirana, Albania",41.3304886,19.82556898393491
Albania,Vlore,4.8,"                                    Price  Rent Yield
Neighbor              Apartments                     
Vlore (all locations) 0-Studio    $48,107  $200  5.0%
                      1-Bedroom   $65,145  $251  4.6%
                      2-Bedroom   $75,168  $301  4.8%",,,"Vlore, Albania",40.45107385,19.49510730541237
Algeria,Algiers,,,2.8609593929683714,"                                 Price  Rent Yield
Neighbor          Apartments                      
City Center       1-Bedroom    $88,414  $242  3.3%
                  3-Bedroom   $194,511  $430  2.7%
Outside of Center 1-Bedroom    $52,418  $134  3.1%
                  3-Bedroom   $115,320  $254  2.6%","Algiers, Algeria",36.7753606,3.0601882
Algeria,Oran,,,3.7208009107992033,"                                 Price  Rent Yield
Neighbor          Apartments                      
City Center       1-Bedroom    $58,368  $255  5.2%
                  3-Bedroom   $128,410  $394  3.7%
Outside of Center 1-Bedroom    $40,408  $127  3.8%
                  3-Bedroom    $88,899  $232  3.1%","Oran, Algeria",35.7044415,-0.6502981
Andorra,Andorra,5.142857142857142,"                                       Price    Rent Yield
Neighbor                Apartments                        
Andorra (all locations) 0-Studio    $139,167    $501  4.3%
                        1-Bedroom   $185,222    $851  5.5%
                        2-Bedroom   $280,336  $1,201  5.1%
                        3-Bedroom   $405,487  $2,103  6.2%
                        4+Bedroom   $683,821  $2,753  4.8%",,,"Andorra, Andorra",42.5069391,1.5212467
Argentina,Buenos Aires,4.972727272727273,"                                            Price    Rent Yield
Neighbor                     Apartments                        
Buenos Aires Costa Atlántica 0-Studio     $47,900    $138  3.5%
                             1-Bedroom    $73,000    $289  4.8%
                             2-Bedroom   $124,900    $825  7.9%
                             3-Bedroom   $205,000  $1,032  6.0%
La Matanza                   0-Studio     $53,000    $220  5.0%
                             1-Bedroom    $73,300    $310  5.1%
                             2-Bedroom   $115,000    $446  4.7%
                             3-Bedroom   $180,000    $619  4.1%
Lanús                        0-Studio     $55,100    $261  5.7%
                             1-Bedroom    $75,000    $310  5.0%
                             2-Bedroom   $110,000    $457  5.0%
                             3-Bedroom   $175,000    $619  4.2%
Lomas de Zamora              0-Studio     $58,250    $241  5.0%
                             1-Bedroom    $90,000    $330  4.4%
                             2-Bedroom   $140,000    $423  3.6%
                             3-Bedroom   $218,000    $825  4.5%
                             4+Bedroom   $390,000  $1,138  3.5%
Morón                        0-Studio     $49,000    $261  6.4%
                             1-Bedroom    $67,000    $344  6.2%
                             2-Bedroom   $120,000    $516  5.2%
                             3-Bedroom   $200,000  $1,000  6.0%
San Isidro                   0-Studio     $90,000    $516  6.9%
                             1-Bedroom   $145,000    $516  4.3%
                             2-Bedroom   $209,450    $825  4.7%
                             3-Bedroom   $275,500  $1,500  6.5%
                             4+Bedroom   $372,500  $2,500  8.1%
Tigre                        0-Studio     $99,000    $618  7.5%
                             1-Bedroom   $130,000    $700  6.5%
                             2-Bedroom   $212,788  $1,000  5.6%
                             3-Bedroom   $290,000  $1,513  6.3%
                             4+Bedroom   $360,000  $1,450  4.8%
Vicente López                0-Studio     $82,000    $344  5.0%
                             1-Bedroom   $132,000    $652  5.9%
                             2-Bedroom   $185,000    $929  6.0%
                             3-Bedroom   $325,000  $2,000  7.4%
                             4+Bedroom   $961,750  $4,000  5.0%",2.8980888387091785,"                                 Price  Rent Yield
Neighbor          Apartments                      
City Center       1-Bedroom   $125,340  $330  3.2%
                  3-Bedroom   $275,749  $666  2.9%
Outside of Center 1-Bedroom    $97,475  $236  2.9%
                  3-Bedroom   $214,445  $468  2.6%","Buenos Aires, Argentina",-34.6075682,-58.4370894
Argentina,Córdoba,6.517894736842106,"                                       Price  Rent Yield
Neighbor                Apartments                      
Córdoba (all locations) 0-Studio     $50,000  $310  7.4%
                        1-Bedroom    $55,000  $344  7.5%
                        2-Bedroom    $95,000  $516  6.5%
                        3-Bedroom   $138,000  $722  6.3%
                        4+Bedroom   $188,000  $667  4.3%",,,"Córdoba, Argentina",-31.4166867,-64.1834193
Argentina,Rosario,4.2912,"                                       Price  Rent Yield
Neighbor                Apartments                      
Rosario (all locations) 0-Studio     $49,000  $268  6.6%
                        1-Bedroom    $60,660  $344  6.8%
                        2-Bedroom   $125,000  $447  4.3%
                        3-Bedroom   $218,000  $636  3.5%
                        4+Bedroom   $330,000  $997  3.6%",,,"Rosario, Argentina",-32.9595004,-60.6615415
Argentina,San Miguel de Tucumán,5.918714969241286,"                                                    Price  Rent Yield
Neighbor                              Apartments                     
San Miguel de Tucumán (all locations) 0-Studio    $35,000  $151  5.2%
                                      1-Bedroom   $47,025  $261  6.7%
                                      2-Bedroom   $72,250  $516  8.6%
                                      3-Bedroom   $79,000  $241  3.7%",,,"San Miguel de Tucumán, Argentina",-26.8303703,-65.2038133
Armenia,Yerevan,6.630434782608696,"                        Price    Rent Yield
Neighbor Apartments                        
Arabkir  0-Studio     $71,935    $587  9.8%
         1-Bedroom   $104,182    $844  9.7%
         2-Bedroom   $133,949    $893  8.0%
         3-Bedroom   $173,637  $1,191  8.2%
Center   0-Studio    $119,066    $695  7.0%
         1-Bedroom   $148,832    $992  8.0%
         2-Bedroom   $228,209  $1,191  6.3%
         3-Bedroom   $312,547  $1,488  5.7%",9.532110582767123,"                                 Price    Rent  Yield
Neighbor          Apartments                         
City Center       1-Bedroom   $135,978  $1,052   9.3%
                  3-Bedroom   $299,153  $1,717   6.9%
Outside of Center 1-Bedroom    $60,142    $720  14.4%
                  3-Bedroom   $132,314  $1,078   9.8%","Yerevan, Armenia",40.1777112,44.5126233
Australia,Adelaide,5.486240601503759,"                                          Price    Rent  Yield
Neighbor                 Apartments                           
Adelaide (all locations) 0-Studio       $75,500  $1,300  20.7%
                         1-Bedroom     $285,000  $1,430   6.0%
                         2-Bedroom     $420,000  $1,733   5.0%
                         3-Bedroom     $695,000  $2,817   4.9%
City Center              1-Bedroom     $390,000  $1,972   6.1%
                         2-Bedroom     $602,500  $3,250   6.5%
                         3-Bedroom   $1,300,000  $2,817   2.6%",4.8177078095919885,"                                 Price    Rent Yield
Neighbor          Apartments                        
City Center       1-Bedroom   $339,789  $1,430  5.0%
                  3-Bedroom   $747,536  $2,642  4.2%
Outside of Center 1-Bedroom   $199,734  $1,043  6.3%
                  3-Bedroom   $439,414  $1,680  4.6%","Adelaide, Australia",-34.9281805,138.5999312
Australia,Brisbane,4.513488372093024,"                                   Price    Rent Yield
Neighbor          Apartments                          
Inner City Region 0-Studio      $208,000  $1,541  8.9%
                  1-Bedroom     $389,000  $1,950  6.0%
                  2-Bedroom     $620,000  $2,730  5.3%
                  3-Bedroom   $1,460,000  $4,117  3.4%
                  4+Bedroom   $2,487,500  $5,200  2.5%
Northern Region   1-Bedroom     $375,000  $1,505  4.8%
                  2-Bedroom     $485,000  $1,978  4.9%
                  3-Bedroom     $675,000  $2,719  4.8%
Southern Region   1-Bedroom     $349,000  $1,430  4.9%
                  2-Bedroom     $440,000  $1,972  5.4%
                  3-Bedroom     $504,500  $2,210  5.3%
                  4+Bedroom   $1,400,000  $2,600  2.2%
Western Region    0-Studio      $322,500  $1,213  4.5%
                  1-Bedroom     $337,000  $1,354  4.8%
                  2-Bedroom     $497,000  $2,058  5.0%
                  3-Bedroom     $799,000  $2,210  3.3%
                  4+Bedroom   $2,622,500  $2,557  1.2%",3.902983672961384,"                                 Price    Rent Yield
Neighbor          Apartments                        
City Center       1-Bedroom   $441,905  $1,678  4.6%
                  3-Bedroom   $972,191  $2,633  3.3%
Outside of Center 1-Bedroom   $319,918  $1,389  5.2%
                  3-Bedroom   $703,821  $1,643  2.8%","Brisbane, Australia",-27.4689682,153.0234991
Australia,Canberra,5.497062149161075,"                                        Price    Rent Yield
Neighbor                 Apartments                        
Canberra (all locations) 0-Studio    $245,000  $1,582  7.7%
                         1-Bedroom   $418,750  $2,037  5.8%
                         2-Bedroom   $579,900  $2,492  5.2%
                         3-Bedroom   $833,900  $3,142  4.5%",5.264348345421073,"                                 Price    Rent Yield
Neighbor          Apartments                        
City Center       1-Bedroom   $354,285  $1,845  6.2%
                  3-Bedroom   $779,427  $2,844  4.4%
Outside of Center 1-Bedroom   $289,194  $1,482  6.2%
                  3-Bedroom   $636,227  $2,236  4.2%","Canberra, Australia",-35.2975906,149.1012676
Australia,Darwin,6.77434869739479,"                                        Price    Rent Yield
Neighbor               Apartments                          
City Center            1-Bedroom     $420,000  $2,080  5.9%
                       2-Bedroom     $650,000  $3,033  5.6%
                       3-Bedroom     $749,000  $3,683  5.9%
Darwin (all locations) 0-Studio      $217,500  $1,276  7.0%
                       1-Bedroom     $270,000  $1,820  8.1%
                       2-Bedroom     $395,000  $2,145  6.5%
                       3-Bedroom     $499,000  $2,817  6.8%
                       4+Bedroom   $1,074,500  $2,817  3.1%",,,"Darwin, Australia",-12.46044,130.8410469
Australia,Gold Coast,4.892867981790592,"                                            Price    Rent Yield
Neighbor                   Apartments                          
Gold Coast (all locations) 0-Studio      $320,000  $1,777  6.7%
                           1-Bedroom     $449,500  $1,950  5.2%
                           2-Bedroom     $659,000  $2,687  4.9%
                           3-Bedroom   $1,139,000  $3,683  3.9%
                           4+Bedroom   $3,712,500  $7,692  2.5%",,,"Gold Coast, Australia",-28.0023731,153.4145987
Australia,Melbourne,3.968,"                                                 Price    Rent Yield
Neighbor                        Apartments                          
Eastern Melbourne               1-Bedroom     $360,000  $1,606  5.4%
                                2-Bedroom     $525,000  $1,736  4.0%
                                3-Bedroom     $775,000  $2,062  3.2%
Inner East Melbourne            0-Studio      $229,500  $1,107  5.8%
                                1-Bedroom     $393,500  $1,582  4.8%
                                2-Bedroom     $630,000  $2,803  5.3%
                                3-Bedroom   $1,345,000  $2,687  2.4%
                                4+Bedroom   $3,200,000  $3,250  1.2%
Melbourne City - Greater Region 0-Studio      $259,000  $1,387  6.4%
                                1-Bedroom     $389,000  $1,863  5.7%
                                2-Bedroom     $630,000  $2,604  5.0%
                                3-Bedroom   $1,395,000  $4,117  3.5%
                                4+Bedroom   $3,200,000  $6,500  2.4%
South-East Melbourne            1-Bedroom     $370,000  $1,172  3.8%
                                2-Bedroom     $480,000  $1,736  4.3%
                                3-Bedroom     $665,000  $1,863  3.4%",4.153610131058888,"                                 Price    Rent Yield
Neighbor          Apartments                        
City Center       1-Bedroom   $374,892  $1,496  4.8%
                  3-Bedroom   $824,762  $2,789  4.1%
Outside of Center 1-Bedroom   $339,100  $1,201  4.2%
                  3-Bedroom   $746,021  $1,825  2.9%","Melbourne, Australia",-37.8142176,144.9631608
Australia,Perth,5.50022271714922,"                                       Price    Rent Yield
Neighbor              Apartments                          
City Center           0-Studio      $350,000  $1,647  5.6%
                      1-Bedroom     $334,000  $1,820  6.5%
                      2-Bedroom     $520,000  $2,383  5.5%
                      3-Bedroom     $925,000  $3,683  4.8%
                      4+Bedroom   $2,970,000  $5,850  2.4%
Perth (all locations) 0-Studio      $345,000  $1,343  4.7%
                      1-Bedroom     $315,000  $1,712  6.5%
                      2-Bedroom     $449,000  $2,058  5.5%
                      3-Bedroom     $595,000  $3,077  6.2%
                      4+Bedroom   $2,200,000  $5,092  2.8%",4.734586407960649,"                                 Price    Rent Yield
Neighbor          Apartments                        
City Center       1-Bedroom   $330,938  $1,662  6.0%
                  3-Bedroom   $728,062  $2,494  4.1%
Outside of Center 1-Bedroom   $268,620  $1,200  5.4%
                  3-Bedroom   $590,963  $1,818  3.7%","Perth, Australia",-31.9558964,115.8605801
Australia,Sydney,3.9554285714285706,"                                Price     Rent Yield
Neighbor       Apartments                           
NSW 2000       0-Studio      $404,000   $1,712  5.1%
               1-Bedroom     $650,000   $2,448  4.5%
               2-Bedroom   $1,100,000   $3,467  3.8%
               3-Bedroom   $1,580,000   $4,117  3.1%
               4+Bedroom   $3,775,000  $10,833  3.4%
Sydney         1-Bedroom     $574,000   $2,167  4.5%
               2-Bedroom     $680,000   $2,817  5.0%
               3-Bedroom     $865,000   $3,120  4.3%
Sydney CBD     0-Studio      $750,000   $2,678  4.3%
               1-Bedroom     $875,000   $3,120  4.3%
               2-Bedroom   $1,575,000   $4,767  3.6%
               3-Bedroom   $3,300,000   $8,667  3.2%
Western Sydney 0-Studio      $400,000   $1,473  4.4%
               1-Bedroom     $479,000   $1,647  4.1%
               2-Bedroom     $513,000   $1,820  4.3%
               3-Bedroom     $650,000   $1,993  3.7%",3.0783945709328546,"                                   Price    Rent Yield
Neighbor          Apartments                          
City Center       1-Bedroom     $753,546  $2,003  3.2%
                  3-Bedroom   $1,657,802  $4,098  3.0%
Outside of Center 1-Bedroom     $473,779  $1,455  3.7%
                  3-Bedroom   $1,042,314  $2,544  2.9%","Sydney, Australia",-33.8698439,151.2082848
Austria,Graz,3.7413268107622426,"                                    Price    Rent Yield
Neighbor             Apartments                        
Graz (all locations) 0-Studio    $144,008    $494  4.1%
                     1-Bedroom   $200,639    $648  3.9%
                     2-Bedroom   $298,463    $897  3.6%
                     3-Bedroom   $397,669  $1,128  3.4%",2.7307178138526207,"                                 Price    Rent Yield
Neighbor          Apartments                        
City Center       1-Bedroom   $324,552    $693  2.6%
                  3-Bedroom   $714,016  $1,515  2.5%
Outside of Center 1-Bedroom   $233,948    $632  3.2%
                  3-Bedroom   $514,686  $1,244  2.9%","Graz, Austria",47.0708678,15.4382786
Austria,Innsbruck,,,2.4624579379264064,"                                 Price    Rent Yield
Neighbor          Apartments                        
City Center       1-Bedroom   $442,879  $1,028  2.8%
                  3-Bedroom   $974,334  $1,738  2.1%
Outside of Center 1-Bedroom   $370,338    $894  2.9%
                  3-Bedroom   $814,742  $1,433  2.1%","Innsbruck, Austria",47.2654296,11.3927685
Austria,Linz,,,3.8045216119282395,"                                 Price    Rent Yield
Neighbor          Apartments                        
City Center       1-Bedroom   $228,201    $762  4.0%
                  3-Bedroom   $502,042  $1,508  3.6%
Outside of Center 1-Bedroom   $176,476    $653  4.4%
                  3-Bedroom   $388,246  $1,088  3.4%","Linz, Austria",48.3059078,14.286198
Austria,Salzburg,2.7452137789706983,"                                          Price    Rent Yield
Neighbor                 Apartments                          
Salzburg (all locations) 0-Studio      $208,624    $743  4.3%
                         1-Bedroom     $423,438  $1,040  2.9%
                         2-Bedroom     $640,198  $1,357  2.5%
                         3-Bedroom   $1,087,043  $1,677  1.9%",3.0822369916565675,"                                 Price    Rent Yield
Neighbor          Apartments                        
City Center       1-Bedroom   $381,736  $1,085  3.4%
                  3-Bedroom   $839,818  $1,695  2.4%
Outside of Center 1-Bedroom   $274,166    $896  3.9%
                  3-Bedroom   $603,164  $1,384  2.8%","Salzburg, Austria",47.7981346,13.0464806
Austria,Vienna,2.7348453535250723,"                                           Price    Rent Yield
Neighbor                  Apartments                          
Donaustadt - District 22  0-Studio      $300,869    $669  2.7%
                          1-Bedroom     $314,434    $791  3.0%
                          2-Bedroom     $408,266    $978  2.9%
                          3-Bedroom     $677,231  $1,496  2.7%
Döbling - District 19     0-Studio      $593,931    $627  1.3%
                          1-Bedroom     $638,850    $927  1.7%
                          2-Bedroom     $988,221  $1,277  1.6%
                          3-Bedroom   $1,487,323  $1,961  1.6%
Favoriten - District 10   0-Studio      $202,425    $698  4.1%
                          1-Bedroom     $274,506    $764  3.3%
                          2-Bedroom     $439,209    $997  2.7%
                          3-Bedroom     $544,021  $1,746  3.9%
Floridsdorf - District 21 0-Studio      $233,580    $698  3.6%
                          1-Bedroom     $333,401    $847  3.1%
                          2-Bedroom     $414,027  $1,147  3.3%
                          3-Bedroom     $549,013  $1,620  3.5%
Landstraße - District 3   0-Studio      $197,644    $649  3.9%
                          1-Bedroom     $398,283    $909  2.7%
                          2-Bedroom     $678,379  $1,543  2.7%
                          3-Bedroom   $1,196,846  $2,341  2.3%
Liesing - District 23     0-Studio      $218,608    $597  3.3%
                          1-Bedroom     $268,517    $847  3.8%
                          2-Bedroom     $448,193  $1,147  3.1%
                          3-Bedroom     $548,015  $1,396  3.1%
Penzing - District 14     0-Studio      $202,449    $612  3.6%
                          1-Bedroom     $289,379    $789  3.3%
                          2-Bedroom     $429,128  $1,098  3.1%
                          3-Bedroom     $858,524  $1,602  2.2%
Währing - District 18     0-Studio      $228,589    $618  3.2%
                          1-Bedroom     $395,011    $863  2.6%
                          2-Bedroom     $609,882  $1,148  2.3%
                          3-Bedroom     $833,500  $1,571  2.3%",2.681612516666572,"                                 Price    Rent Yield
Neighbor          Apartments                        
City Center       1-Bedroom   $406,314    $914  2.7%
                  3-Bedroom   $893,891  $1,649  2.2%
Outside of Center 1-Bedroom   $242,782    $697  3.4%
                  3-Bedroom   $534,119  $1,186  2.7%","Vienna, Austria",48.2083537,16.3725042
Austria,Villach,,,3.710779260092206,"                                 Price    Rent Yield
Neighbor          Apartments                        
City Center       1-Bedroom   $197,595    $650  3.9%
                  3-Bedroom   $434,709  $1,278  3.5%
Outside of Center 1-Bedroom   $179,618    $583  3.9%
                  3-Bedroom   $395,158  $1,116  3.4%","Villach, Austria",46.6167284,13.8500268
Azerbaijan,Baku,6.062312827980328,"                         Price    Rent  Yield
Neighbor  Apartments                         
Binəqədi  1-Bedroom    $44,118    $235   6.4%
          2-Bedroom    $62,206    $324   6.3%
          3-Bedroom    $85,294    $353   5.0%
          4-Bedroom   $108,824    $324   3.6%
Nizami    1-Bedroom    $41,176    $206   6.0%
          2-Bedroom    $63,529    $324   6.1%
          3-Bedroom    $85,588    $382   5.4%
Nərimanov 1-Bedroom    $50,588    $206   4.9%
          2-Bedroom    $79,412    $412   6.2%
          3-Bedroom   $129,412    $500   4.6%
          4+Bedroom   $295,294  $1,150   4.7%
          4-Bedroom   $191,176    $647   4.1%
Nəsimi    1-Bedroom    $54,412    $206   4.5%
          2-Bedroom    $74,706    $471   7.6%
          3-Bedroom   $132,147    $588   5.3%
          4+Bedroom   $344,118  $2,500   8.7%
          4-Bedroom   $202,941    $879   5.2%
Səbail    1-Bedroom    $52,059    $176   4.1%
          2-Bedroom    $80,588    $412   6.1%
          3-Bedroom   $114,706    $647   6.8%
          4+Bedroom   $291,176  $1,471   6.1%
          4-Bedroom   $217,647  $1,059   5.8%
Xətai     1-Bedroom    $51,471    $294   6.9%
          2-Bedroom    $65,000    $558  10.3%
          3-Bedroom    $98,235    $735   9.0%
          4+Bedroom   $175,882  $1,900  13.0%
          4-Bedroom   $158,824  $1,176   8.9%
Yasamal   1-Bedroom    $44,118    $235   6.4%
          2-Bedroom    $68,235    $353   6.2%
          3-Bedroom   $108,235    $471   5.2%
          4+Bedroom   $272,059    $824   3.6%
          4-Bedroom   $147,941    $706   5.7%",5.5443410140710565,"                                 Price  Rent Yield
Neighbor          Apartments                      
City Center       1-Bedroom    $80,734  $368  5.5%
                  3-Bedroom   $177,614  $818  5.5%
Outside of Center 1-Bedroom    $38,614  $222  6.9%
                  3-Bedroom    $84,952  $394  5.6%","Baku, Azerbaijan",40.3755885,49.8328009
Bahrain,Manama,6.748688854438104,"                                      Price    Rent  Yield
Neighbor               Apartments                         
Al Juffair             0-Studio     $98,151    $769   9.4%
                       1-Bedroom   $137,942  $1,008   8.8%
                       2-Bedroom   $185,691  $1,194   7.7%
                       3-Bedroom   $238,746  $1,592   8.0%
Manama (all locations) 0-Studio    $104,783    $796   9.1%
                       1-Bedroom   $156,511    $995   7.6%
                       2-Bedroom   $238,746  $1,194   6.0%
                       3-Bedroom   $331,592  $1,724   6.2%
                       4+Bedroom   $424,438  $2,387   6.7%
Seef                   0-Studio    $103,457    $928  10.8%
                       1-Bedroom   $169,112  $1,114   7.9%
                       2-Bedroom   $238,746  $1,459   7.3%
                       3-Bedroom   $305,065  $1,990   7.8%
                       4+Bedroom   $332,918  $3,183  11.5%",,,"Manama, Bahrain",26.2235041,50.5822436
Bahrain,Muharraq,6.647293229157604,"                                        Price    Rent  Yield
Neighbor                 Apartments                         
Amwaj Islands            1-Bedroom   $145,900    $928   7.6%
                         2-Bedroom   $192,323  $1,260   7.9%
                         3-Bedroom   $261,294  $1,857   8.5%
                         4+Bedroom   $342,203  $3,051  10.7%
Diyar Al Muharrag        0-Studio    $198,658    $928   5.6%
                         1-Bedroom   $205,587    $982   5.7%
                         2-Bedroom   $311,548  $1,326   5.1%
                         3-Bedroom   $360,475  $2,255   7.5%
Muharraq (all locations) 0-Studio    $107,436    $743   8.3%
                         1-Bedroom   $172,401    $955   6.6%
                         2-Bedroom   $220,819  $1,220   6.6%
                         3-Bedroom   $315,378  $1,724   6.6%
                         4+Bedroom   $252,010  $2,321  11.1%",,,"Muharraq, Bahrain",26.2465946,50.6164127
Bangladesh,Chittagong,,,3.744590269379816,"                                Price  Rent Yield
Neighbor          Apartments                     
City Center       1-Bedroom   $34,156   $87  3.1%
                  3-Bedroom   $75,143  $266  4.3%
Outside of Center 1-Bedroom   $21,007   $57  3.2%
                  3-Bedroom   $46,215  $182  4.7%","Chittagong, Bangladesh",22.3336887,91.8342162
Bangladesh,Dhaka,,,3.528044262805484,"                                 Price  Rent Yield
Neighbor          Apartments                      
City Center       1-Bedroom    $57,346  $138  2.9%
                  3-Bedroom   $126,161  $350  3.3%
Outside of Center 1-Bedroom    $27,308   $85  3.7%
                  3-Bedroom    $60,079  $189  3.8%","Dhaka, Bangladesh",23.7644025,90.389015
Belarus,Minsk,,,4.740754314435115,"                                 Price  Rent Yield
Neighbor          Apartments                      
City Center       1-Bedroom    $97,237  $407  5.0%
                  3-Bedroom   $213,921  $796  4.5%
Outside of Center 1-Bedroom    $61,307  $260  5.1%
                  3-Bedroom   $134,875  $500  4.4%","Minsk, Belarus",53.9024716,27.5618225
Belgium,Antwerp,3.3010346163067332,"                                  Price    Rent Yield
Neighbor           Apartments                        
Antwerp (combined) 0-Studio    $144,739    $674  5.6%
                   1-Bedroom   $218,607    $774  4.2%
                   2-Bedroom   $274,506    $898  3.9%
                   3-Bedroom   $348,373  $1,193  4.1%
                   4+Bedroom   $538,032  $1,847  4.1%
Antwerp City       0-Studio    $165,702    $774  5.6%
                   1-Bedroom   $278,998    $873  3.8%
                   2-Bedroom   $484,129  $1,148  2.8%
                   3-Bedroom   $696,746  $1,482  2.6%",4.791614500508798,"                                 Price    Rent Yield
Neighbor          Apartments                        
City Center       1-Bedroom   $210,890    $885  5.0%
                  3-Bedroom   $463,957  $1,441  3.7%
Outside of Center 1-Bedroom   $145,662    $744  6.1%
                  3-Bedroom   $320,456  $1,214  4.5%","Antwerp, Belgium",51.2211097,4.3997081
Belgium,Brugge,2.6517482517482516,"                                        Price    Rent Yield
Neighbor               Apartments                          
Brugge (all locations) 0-Studio      $159,213    $737  5.6%
                       1-Bedroom     $208,624    $649  3.7%
                       2-Bedroom     $356,858    $789  2.7%
                       3-Bedroom     $743,661  $1,173  1.9%
                       4+Bedroom   $1,147,934  $2,171  2.3%",,,"Brugge, Belgium",51.2085526,3.226772
Belgium,Brussels,4.821428571428572,"                                            Price    Rent Yield
Neighbor                     Apartments                        
Brussels City                0-Studio    $169,445    $749  5.3%
                             1-Bedroom   $259,533    $993  4.6%
                             2-Bedroom   $378,319  $1,405  4.5%
                             3-Bedroom   $558,994  $2,246  4.8%
                             4+Bedroom   $863,446  $3,718  5.2%
Brussels District (combined) 0-Studio    $171,691    $749  5.2%
                             1-Bedroom   $224,596    $908  4.9%
                             2-Bedroom   $299,461  $1,348  5.4%
                             3-Bedroom   $489,120  $1,922  4.7%
                             4+Bedroom   $688,760  $2,965  5.2%",5.4185201631324285,"                                 Price    Rent Yield
Neighbor          Apartments                        
City Center       1-Bedroom   $207,601  $1,034  6.0%
                  3-Bedroom   $456,722  $1,836  4.8%
Outside of Center 1-Bedroom   $177,602    $864  5.8%
                  3-Bedroom   $390,726  $1,628  5.0%","Brussels, Belgium",50.8465573,4.351697
Belgium,Gent,,,5.287767375169725,"                                 Price    Rent Yield
Neighbor          Apartments                        
City Center       1-Bedroom   $185,292    $937  6.1%
                  3-Bedroom   $407,644  $1,531  4.5%
Outside of Center 1-Bedroom   $140,640    $792  6.8%
                  3-Bedroom   $309,407  $1,080  4.2%","Gent, Belgium",51.0538286,3.7250121
Belgium,Kortrijk,3.4811185468451242,"                                        Price  Rent Yield
Neighbor                 Apartments                      
Kortrijk (all locations) 0-Studio    $149,231  $948  7.6%
                         1-Bedroom   $199,641  $624  3.8%
                         2-Bedroom   $261,030  $699  3.2%
                         3-Bedroom   $320,423  $824  3.1%",,,"Kortrijk, Belgium",50.8276429,3.2659884
Belgium,Leuven,4.192139737991266,"                                      Price    Rent Yield
Neighbor               Apartments                        
Leuven (all locations) 0-Studio    $209,124    $742  4.3%
                       1-Bedroom   $228,589    $799  4.2%
                       2-Bedroom   $307,447    $893  3.5%
                       3-Bedroom   $358,355    $973  3.3%
                       4+Bedroom   $419,245  $1,547  4.4%",,,"Leuven, Belgium",50.879202,4.7011675
Belgium,Liège,4.425,"                                     Price    Rent Yield
Neighbor              Apartments                        
Liège (all locations) 0-Studio    $103,813    $502  5.8%
                      1-Bedroom   $159,713    $589  4.4%
                      2-Bedroom   $212,617    $779  4.4%
                      3-Bedroom   $255,041    $888  4.2%
                      4+Bedroom   $324,416  $1,288  4.8%",,,"Liège, Belgium",50.6450944,5.5736112
Belgium,Mechelen,3.7340279720085108,"                                        Price  Rent Yield
Neighbor                 Apartments                      
Mechelen (all locations) 0-Studio    $189,110  $612  3.9%
                         1-Bedroom   $211,552  $739  4.2%
                         2-Bedroom   $283,989  $848  3.6%
                         3-Bedroom   $324,416  $958  3.5%",,,"Mechelen, Belgium",51.0281381,4.4803453
Belgium,Ostend,3.4597314932873324,"                                       Price  Rent Yield
Neighbor                Apartments                      
Oostend (all locations) 0-Studio    $146,237  $549  4.5%
                        1-Bedroom   $198,642  $597  3.6%
                        2-Bedroom   $267,518  $739  3.3%
                        3-Bedroom   $364,344  $848  2.8%",,,"Ostend, Belgium",51.2258565,2.919496
Bolivia,Cochabamba,5.846153846153846,"                                          Price  Rent Yield
Neighbor                   Apartments                      
Cochabamba (all locations) 0-Studio     $62,000  $330  6.4%
                           1-Bedroom    $45,000  $300  8.0%
                           2-Bedroom    $78,000  $380  5.8%
                           3-Bedroom   $106,000  $450  5.1%
                           4+Bedroom   $180,000  $750  5.0%",,,"Cochabamba, Bolivia",-17.401245799999998,-66.16756808852
Bolivia,La Paz,6.153846153846154,"                                      Price    Rent Yield
Neighbor               Apartments                        
La Paz (all locations) 0-Studio     $52,600    $350  8.0%
                       1-Bedroom    $69,000    $362  6.3%
                       2-Bedroom   $105,000    $376  4.3%
                       3-Bedroom   $132,000    $550  5.0%
                       4+Bedroom   $195,000  $1,000  6.2%",5.586201176487428,"                                 Price  Rent Yield
Neighbor          Apartments                      
City Center       1-Bedroom    $62,952  $276  5.3%
                  3-Bedroom   $138,496  $501  4.3%
Outside of Center 1-Bedroom    $42,523  $234  6.6%
                  3-Bedroom    $93,551  $461  5.9%","La Paz, Bolivia",-16.4955455,-68.1336229
Bolivia,Santa Cruz,6.947368421052631,"                                          Price  Rent  Yield
Neighbor                   Apartments                       
Santa Cruz (all locations) 0-Studio     $45,000  $400  10.7%
                           1-Bedroom    $59,900  $400   8.0%
                           2-Bedroom    $95,000  $550   6.9%
                           3-Bedroom   $124,500  $650   6.3%
                           4+Bedroom   $240,000  $750   3.8%",6.695275712564475,"                                 Price  Rent Yield
Neighbor          Apartments                      
City Center       1-Bedroom    $57,399  $401  8.4%
                  3-Bedroom   $126,278  $618  5.9%
Outside of Center 1-Bedroom    $43,120  $267  7.4%
                  3-Bedroom    $94,865  $472  6.0%","Santa Cruz, Bolivia",-17.7834936,-63.1820853
Bosnia and Herzegovina,Banja Luka,3.8987148492174577,"                                          Price  Rent Yield
Neighbor                   Apartments                      
Banja Luka (all locations) 0-Studio     $76,209  $179  2.8%
                           1-Bedroom    $69,420  $179  3.1%
                           2-Bedroom    $78,592  $281  4.3%
                           3-Bedroom   $117,834  $383  3.9%
                           4+Bedroom   $153,223  $562  4.4%",3.0419204428396025,"                                 Price  Rent Yield
Neighbor          Apartments                      
City Center       1-Bedroom   $101,268  $298  3.5%
                  3-Bedroom   $222,791  $451  2.4%
Outside of Center 1-Bedroom    $70,758  $212  3.6%
                  3-Bedroom   $155,668  $331  2.6%","Banja Luka, Bosnia and Herzegovina",44.7720845,17.1917651
Bosnia and Herzegovina,Sarajevo,4.423724041251759,"                                  Price  Rent Yield
Neighbor           Apartments                      
Center             0-Studio     $47,971  $179  4.5%
                   1-Bedroom    $58,434  $204  4.2%
                   2-Bedroom   $102,067  $306  3.6%
                   3-Bedroom   $162,899  $511  3.8%
                   4+Bedroom   $191,401  $715  4.5%
Ilidža             0-Studio     $35,224  $179  6.1%
                   1-Bedroom    $82,674  $199  2.9%
                   2-Bedroom    $77,061  $306  4.8%
                   3-Bedroom   $112,785  $385  4.1%
                   4+Bedroom   $150,669  $511  4.1%
New Sarajevo       0-Studio     $47,716  $179  4.5%
                   1-Bedroom    $60,730  $204  4.0%
                   2-Bedroom    $91,351  $255  3.3%
                   3-Bedroom   $146,977  $408  3.3%
                   4+Bedroom   $175,184  $613  4.2%
Sarajevo-Novi Grad 0-Studio     $48,482  $153  3.8%
                   1-Bedroom    $62,261  $204  3.9%
                   2-Bedroom    $76,550  $250  3.9%
                   3-Bedroom   $100,537  $332  4.0%
                   4+Bedroom   $122,578  $511  5.0%
Stari Grad         1-Bedroom    $58,686  $204  4.2%
                   2-Bedroom   $102,782  $344  4.0%
                   3-Bedroom   $157,183  $613  4.7%
                   4+Bedroom   $183,867  $920  6.0%",2.638358502926941,"                                 Price  Rent Yield
Neighbor          Apartments                      
City Center       1-Bedroom   $123,216  $294  2.9%
                  3-Bedroom   $271,075  $484  2.1%
Outside of Center 1-Bedroom    $72,792  $207  3.4%
                  3-Bedroom   $160,142  $322  2.4%","Sarajevo, Bosnia and Herzegovina",43.80239875,18.42884459230194
Bosnia and Herzegovina,Tuzla,,,2.5881505642523055,"                                 Price  Rent Yield
Neighbor          Apartments                      
City Center       1-Bedroom    $91,130  $222  2.9%
                  3-Bedroom   $200,486  $350  2.1%
Outside of Center 1-Bedroom    $67,645  $169  3.0%
                  3-Bedroom   $148,819  $279  2.2%","Tuzla, Bosnia and Herzegovina",44.5391105,18.675193
Brazil,Belo Horizonte,,,4.3199080243349925,"                                 Price  Rent Yield
Neighbor          Apartments                      
City Center       1-Bedroom    $83,100  $291  4.2%
                  3-Bedroom   $182,820  $577  3.8%
Outside of Center 1-Bedroom    $50,430  $207  4.9%
                  3-Bedroom   $110,946  $411  4.4%","Belo Horizonte, Brazil",-19.9225776,-43.9451356
Brazil,Brasilia,,,4.268733797940874,"                                 Price  Rent Yield
Neighbor          Apartments                      
City Center       1-Bedroom   $108,065  $386  4.3%
                  3-Bedroom   $237,743  $975  4.9%
Outside of Center 1-Bedroom    $68,136  $224  3.9%
                  3-Bedroom   $149,900  $531  4.3%","Brasilia, Brazil",-15.7934036,-47.8823172
Brazil,Campinas,,,4.409887192131916,"                                 Price  Rent Yield
Neighbor          Apartments                      
City Center       1-Bedroom    $72,640  $347  5.7%
                  3-Bedroom   $159,809  $614  4.6%
Outside of Center 1-Bedroom    $65,000  $228  4.2%
                  3-Bedroom   $143,001  $456  3.8%","Campinas, Brazil",-22.90556,-47.06083
Brazil,Curitiba,,,4.046623045658104,"                                 Price  Rent Yield
Neighbor          Apartments                      
City Center       1-Bedroom    $85,264  $311  4.4%
                  3-Bedroom   $187,582  $531  3.4%
Outside of Center 1-Bedroom    $60,626  $214  4.2%
                  3-Bedroom   $133,376  $430  3.9%","Curitiba, Brazil",-25.4295963,-49.2712724
Brazil,Florianopolis,,,4.602339478703116,"                                 Price  Rent Yield
Neighbor          Apartments                      
City Center       1-Bedroom    $95,200  $406  5.1%
                  3-Bedroom   $209,440  $758  4.3%
Outside of Center 1-Bedroom    $71,500  $279  4.7%
                  3-Bedroom   $157,300  $593  4.5%","Florianopolis, Brazil",-27.5973002,-48.5496098
Brazil,Fortaleza,2.3641673974135013,"                                         Price  Rent Yield
Neighbor                  Apartments                      
Fortaleza (all locations) 0-Studio     $73,579  $113  1.8%
                          1-Bedroom    $62,151  $179  3.5%
                          2-Bedroom   $113,344  $283  3.0%
                          3-Bedroom   $340,033  $623  2.2%
                          4+Bedroom   $434,487  $856  2.4%",3.9370089785423614,"                                 Price  Rent Yield
Neighbor          Apartments                      
City Center       1-Bedroom    $78,622  $238  3.6%
                  3-Bedroom   $172,968  $453  3.1%
Outside of Center 1-Bedroom    $38,062  $141  4.4%
                  3-Bedroom    $83,735  $296  4.2%","Fortaleza, Brazil",-3.7304512,-38.5217989
Brazil,Guarapari,5.0724115959712925,"                                         Price  Rent Yield
Neighbor                  Apartments                      
Center - Centro           0-Studio     $49,116  $227  5.5%
                          1-Bedroom    $90,676  $378  5.0%
                          2-Bedroom   $141,681  $529  4.5%
                          3-Bedroom   $311,697  $718  2.8%
Guarapari (all locations) 0-Studio     $50,060  $227  5.4%
                          1-Bedroom    $79,341  $340  5.1%
                          2-Bedroom   $136,013  $567  5.0%
                          3-Bedroom   $264,470  $690  3.1%",,,"Guarapari, Brazil",-20.6718755,-40.4984617
Brazil,Porto Alegre,,,4.549265323057823,"                                 Price  Rent Yield
Neighbor          Apartments                      
City Center       1-Bedroom    $77,334  $325  5.0%
                  3-Bedroom   $170,135  $598  4.2%
Outside of Center 1-Bedroom    $64,167  $261  4.9%
                  3-Bedroom   $141,168  $482  4.1%","Porto Alegre, Brazil",-30.0324999,-51.2303767
Brazil,Recife,7.334045563479918,"                                      Price    Rent Yield
Neighbor               Apartments                        
Recife (all locations) 0-Studio     $59,506    $416  8.4%
                       1-Bedroom    $66,247    $472  8.5%
                       2-Bedroom   $103,899    $635  7.3%
                       3-Bedroom   $255,025  $1,322  6.2%
                       4+Bedroom   $283,361  $1,111  4.7%",,,"Recife, Brazil",-8.0584933,-34.8848193
Brazil,Rio de Janeiro,3.7694739445138783,"                                              Price    Rent Yield
Neighbor                       Apartments                        
Center - Centro                0-Studio     $55,629    $173  3.7%
                               1-Bedroom    $91,884    $261  3.4%
                               2-Bedroom   $169,614    $604  4.3%
                               3-Bedroom   $374,058    $460  1.5%
                               4+Bedroom   $467,093    $767  2.0%
Rio De Janeiro (all locations) 0-Studio     $85,008    $217  3.1%
                               1-Bedroom    $97,287    $230  2.8%
                               2-Bedroom   $217,243    $729  4.0%
                               3-Bedroom   $481,714  $1,918  4.8%
                               4+Bedroom   $748,115  $2,350  3.8%",4.60580203893705,"                                 Price  Rent Yield
Neighbor          Apartments                      
City Center       1-Bedroom   $110,699  $404  4.4%
                  3-Bedroom   $243,538  $843  4.2%
Outside of Center 1-Bedroom    $66,377  $280  5.1%
                  3-Bedroom   $146,029  $588  4.8%","Rio de Janeiro, Brazil",-22.9110137,-43.2093727
Brazil,Salvador,5.76594185194234,"                                        Price    Rent Yield
Neighbor                 Apartments                        
SALVADOR (all locations) 0-Studio     $71,032    $403  6.8%
                         1-Bedroom    $71,785    $345  5.8%
                         2-Bedroom   $110,511    $531  5.8%
                         3-Bedroom   $258,884  $1,131  5.2%
                         4+Bedroom   $402,708  $1,342  4.0%",,,"Salvador, Brazil",-12.9822499,-38.4812772
Brazil,Santos,8.727706715175316,"                                      Price    Rent  Yield
Neighbor               Apartments                         
Santos (all locations) 0-Studio     $60,261    $494   9.8%
                       1-Bedroom    $85,008    $567   8.0%
                       2-Bedroom   $147,348    $945   7.7%
                       3-Bedroom   $311,697  $2,267   8.7%
                       4+Bedroom   $453,380  $5,667  15.0%",,,"Santos, Brazil",-23.9335988,-46.3286399
Brazil,Sao Jose dos Campos,,,6.153431794700016,"                                 Price  Rent Yield
Neighbor          Apartments                      
City Center       1-Bedroom    $60,750  $336  6.6%
                  3-Bedroom   $133,650  $591  5.3%
Outside of Center 1-Bedroom    $40,166  $205  6.1%
                  3-Bedroom    $88,366  $456  6.2%","Sao Jose dos Campos, Brazil",-23.1867782,-45.8854538
Brazil,Sao Paulo,5.877840988887761,"                                         Price    Rent Yield
Neighbor                  Apartments                        
Center                    0-Studio     $57,798    $289  6.0%
                          1-Bedroom    $78,027    $424  6.5%
                          2-Bedroom   $144,495    $578  4.8%
                          3-Bedroom   $260,091    $925  4.3%
Sao Paulo (all locations) 0-Studio     $85,008    $453  6.4%
                          1-Bedroom    $84,454    $501  7.1%
                          2-Bedroom   $207,798    $982  5.7%
                          3-Bedroom   $462,823  $2,267  5.9%
                          4+Bedroom   $729,521  $2,880  4.7%",4.697828368517298,"                                 Price    Rent Yield
Neighbor          Apartments                        
City Center       1-Bedroom   $130,606    $584  5.4%
                  3-Bedroom   $287,334  $1,084  4.5%
Outside of Center 1-Bedroom    $94,362    $383  4.9%
                  3-Bedroom   $207,595    $745  4.3%","Sao Paulo, Brazil",-23.5506507,-46.6333824
Brazil,Vitoria,4.176909336381166,"                                       Price    Rent Yield
Neighbor                Apartments                        
Vitoria (all locations) 0-Studio     $85,575    $378  5.3%
                        1-Bedroom   $103,899    $381  4.4%
                        2-Bedroom   $143,570    $425  3.6%
                        3-Bedroom   $321,142  $1,058  4.0%",,,"Vitoria, Brazil",-20.3200917,-40.3376682
Bulgaria,Burgas,5.746991400882076,"                                      Price  Rent Yield
Neighbor               Apartments                      
Burgas (all locations) 0-Studio     $44,261  $206  5.6%
                       1-Bedroom    $68,770  $360  6.3%
                       2-Bedroom   $104,498  $515  5.9%
                       3+Bedroom   $160,777  $510  3.8%",6.052243640942147,"                                 Price  Rent Yield
Neighbor          Apartments                      
City Center       1-Bedroom    $66,304  $341  6.2%
                  3-Bedroom   $145,869  $642  5.3%
Outside of Center 1-Bedroom    $40,888  $252  7.4%
                  3-Bedroom    $89,952  $445  5.9%","Burgas, Bulgaria",42.4936616,27.4721276
Bulgaria,Haskovo,4.391623400820096,"                                      Price  Rent Yield
Neighbor                Apartments                     
Haskovo (all locations) 0-Studio    $30,011  $127  5.1%
                        1-Bedroom   $46,178  $178  4.6%
                        2-Bedroom   $66,126  $229  4.2%
                        3+Bedroom   $71,656  $178  3.0%",,,"Haskovo, Bulgaria",41.9345727,25.5556639
Bulgaria,Plovdiv,4.684854186265286,"                                            Price  Rent Yield
Neighbor                     Apartments                      
Center                       0-Studio     $49,564  $159  3.9%
                             1-Bedroom    $94,541  $348  4.4%
                             2-Bedroom   $142,317  $433  3.7%
                             3+Bedroom   $213,973  $627  3.5%
Hristo Smirnenski            0-Studio     $52,548  $188  4.3%
                             1-Bedroom    $76,533  $313  4.9%
                             2-Bedroom   $117,516  $448  4.6%
                             3+Bedroom   $173,666  $458  3.2%
Karshiyaka                   0-Studio     $46,527  $179  4.6%
                             1-Bedroom    $81,111  $320  4.7%
                             2-Bedroom   $126,393  $407  3.9%
                             3+Bedroom   $159,236  $457  3.4%
Trakia                       0-Studio     $46,079  $174  4.5%
                             1-Bedroom    $79,618  $323  4.9%
                             2-Bedroom   $116,441  $373  3.8%
                             3+Bedroom   $138,336  $607  5.3%
Vastanicheski/Kiuchuk Parizh 0-Studio     $38,754  $152  4.7%
                             1-Bedroom    $66,879  $265  4.8%
                             2-Bedroom    $99,035  $305  3.7%
                             3+Bedroom   $126,393  $423  4.0%
Yuzhen                       0-Studio     $42,317  $165  4.7%
                             1-Bedroom    $65,685  $262  4.8%
                             2-Bedroom    $98,686  $299  3.6%",5.14729214412627,"                                 Price  Rent Yield
Neighbor          Apartments                      
City Center       1-Bedroom    $68,049  $318  5.6%
                  3-Bedroom   $149,708  $515  4.1%
Outside of Center 1-Bedroom    $46,286  $228  5.9%
                  3-Bedroom   $101,829  $398  4.7%","Plovdiv, Bulgaria",42.1418541,24.7499297
Bulgaria,Shumen,4.151468696850381,"                                     Price  Rent Yield
Neighbor               Apartments                     
Shumen (all locations) 0-Studio    $39,167  $178  5.5%
                       1-Bedroom   $62,764  $229  4.4%
                       2-Bedroom   $85,468  $280  3.9%
                       3+Bedroom   $99,522  $254  3.1%",,,"Shumen, Bulgaria",43.2703797,26.9247362
Bulgaria,Sofia,3.8655250950626456,"                                  Price    Rent Yield
Neighbor           Apartments                        
Center             0-Studio    $117,337    $254  2.6%
                   1-Bedroom   $163,074    $432  3.2%
                   2-Bedroom   $233,877    $697  3.6%
                   3+Bedroom   $297,572    $945  3.8%
Manastirski Livadi 0-Studio     $75,637    $262  4.2%
                   1-Bedroom   $121,417    $398  3.9%
                   2-Bedroom   $195,064    $604  3.7%
                   3+Bedroom   $301,154    $746  3.0%
Ovcha Kupel        0-Studio     $68,879    $254  4.4%
                   1-Bedroom   $111,568    $355  3.8%
                   2-Bedroom   $146,447    $473  3.9%
Studentski Grad    0-Studio     $67,675    $274  4.9%
                   1-Bedroom   $112,460    $373  4.0%
                   2-Bedroom   $179,041    $559  3.7%
                   3+Bedroom   $327,528    $995  3.6%
Vitosha            0-Studio     $77,130    $273  4.2%
                   1-Bedroom   $121,517    $398  3.9%
                   2-Bedroom   $197,054    $627  3.8%
                   3+Bedroom   $243,631  $1,194  5.9%",3.7957370843935476,"                                 Price  Rent Yield
Neighbor          Apartments                      
City Center       1-Bedroom   $139,970  $474  4.1%
                  3-Bedroom   $307,934  $848  3.3%
Outside of Center 1-Bedroom    $90,446  $364  4.8%
                  3-Bedroom   $198,981  $585  3.5%","Sofia, Bulgaria",42.6977028,23.3217359
Bulgaria,Stara Zagora,3.973612507868063,"                                           Price  Rent Yield
Neighbor                     Apartments                     
Stara Zagora (all locations) 0-Studio    $44,287  $147  4.0%
                             1-Bedroom   $56,578  $229  4.9%
                             2-Bedroom   $77,279  $255  4.0%
                             3+Bedroom   $97,532  $255  3.1%",,,"Stara Zagora, Bulgaria",42.4248111,25.6257479
Bulgaria,Varna,3.7527226956997133,"                              Price  Rent Yield
Neighbor       Apartments                      
Briz           0-Studio     $66,413  $224  4.0%
               1-Bedroom    $92,630  $407  5.3%
               2-Bedroom   $144,307  $722  6.0%
               3+Bedroom   $218,949  $945  5.2%
Center         0-Studio     $53,543  $152  3.4%
               1-Bedroom    $78,672  $381  5.8%
               2-Bedroom   $179,777  $597  4.0%
               3+Bedroom   $208,002  $610  3.5%
Kolhozen Pazar 0-Studio     $44,775  $194  5.2%
               1-Bedroom    $70,561  $229  3.9%
               2-Bedroom    $99,423  $314  3.8%
Levski         0-Studio     $40,754  $199  5.9%
               1-Bedroom    $78,777  $306  4.7%
               2-Bedroom   $113,543  $419  4.4%
               3+Bedroom   $134,196  $407  3.6%",4.963041547577215,"                                 Price  Rent Yield
Neighbor          Apartments                      
City Center       1-Bedroom    $88,188  $359  4.9%
                  3-Bedroom   $194,014  $706  4.4%
Outside of Center 1-Bedroom    $52,683  $286  6.5%
                  3-Bedroom   $115,902  $487  5.0%","Varna, Bulgaria",43.2073873,27.9166653
Bulgaria,Yambol,5.834788448623237,"                                     Price  Rent Yield
Neighbor               Apartments                     
Yambol (all locations) 0-Studio    $29,329  $144  5.9%
                       1-Bedroom   $37,047  $180  5.8%
                       2-Bedroom   $62,774  $296  5.7%",,,"Yambol, Bulgaria",42.483935,26.5105553
Cambodia,Phnom Penh,,,5.843818866431709,"                                 Price    Rent Yield
Neighbor          Apartments                        
City Center       1-Bedroom   $114,300    $537  5.6%
                  3-Bedroom   $251,460  $1,584  7.6%
Outside of Center 1-Bedroom    $74,550    $314  5.1%
                  3-Bedroom   $164,010    $826  6.0%","Phnom Penh, Cambodia",11.568271,104.9224426
Cameroon,Douala,,,11.018725150512246,"                                 Price    Rent  Yield
Neighbor          Apartments                         
City Center       1-Bedroom    $97,544    $847  10.4%
                  3-Bedroom   $214,597  $1,697   9.5%
Outside of Center 1-Bedroom    $47,188    $538  13.7%
                  3-Bedroom   $103,815  $1,005  11.6%","Douala, Cameroon",4.0429408,9.706203
Canada,Calgary,5.3266329947481195,"                                       Price    Rent Yield
Neighbor                Apartments                        
Calgary (all locations) 0-Studio    $166,262    $736  5.3%
                        1-Bedroom   $190,585    $970  6.1%
                        2-Bedroom   $228,040  $1,015  5.3%
                        3-Bedroom   $434,078  $1,060  2.9%",6.3517620741819645,"                                 Price    Rent Yield
Neighbor          Apartments                        
City Center       1-Bedroom   $214,208  $1,237  6.9%
                  3-Bedroom   $471,258  $2,116  5.4%
Outside of Center 1-Bedroom   $157,762  $1,022  7.8%
                  3-Bedroom   $347,076  $1,670  5.8%","Calgary, Canada",51.0460954,-114.065465
Canada,Edmonton,,,8.681540417140427,"                                 Price    Rent  Yield
Neighbor          Apartments                         
City Center       1-Bedroom   $111,947    $936  10.0%
                  3-Bedroom   $246,284  $1,528   7.4%
Outside of Center 1-Bedroom    $95,582    $790   9.9%
                  3-Bedroom   $210,282  $1,177   6.7%","Edmonton, Canada",53.5462055,-113.491241
Canada,Hamilton,4.35572642566091,"                                        Price    Rent Yield
Neighbor                 Apartments                        
Hamilton (all locations) 0-Studio    $342,163  $1,141  4.0%
                         1-Bedroom   $353,208  $1,394  4.7%
                         2-Bedroom   $456,227  $1,656  4.4%
                         3-Bedroom   $478,303  $1,987  5.0%
                         4+Bedroom   $728,418  $2,392  3.9%",,,"Hamilton, Canada",43.2560802,-79.8728583
Canada,Kelowna,,,7.11683547587284,"                                 Price    Rent Yield
Neighbor          Apartments                        
City Center       1-Bedroom   $212,262  $1,318  7.4%
                  3-Bedroom   $466,978  $2,325  6.0%
Outside of Center 1-Bedroom   $150,844  $1,075  8.6%
                  3-Bedroom   $331,857  $1,876  6.8%","Kelowna, Canada",49.8879177,-119.495902
Canada,Mississauga,,,4.818335771760223,"                                 Price    Rent Yield
Neighbor          Apartments                        
City Center       1-Bedroom   $366,382  $1,667  5.5%
                  3-Bedroom   $806,042  $2,380  3.5%
Outside of Center 1-Bedroom   $280,671  $1,431  6.1%
                  3-Bedroom   $617,476  $2,149  4.2%","Mississauga, Canada",43.5896231,-79.6443879
Canada,Montreal,4.7678086745277275,"                                                             Price    Rent Yield
Neighbor                                    Apartments                          
Ahuntsic-Cartierville                       1-Bedroom     $244,230  $1,010  5.0%
                                            2-Bedroom     $308,777  $1,334  5.2%
                                            3-Bedroom     $381,537  $1,454  4.6%
                                            4+Bedroom     $544,429  $2,032  4.5%
Côte-des-Neiges–Notre-Dame-de-Grâce         1-Bedroom     $290,023  $1,087  4.5%
                                            2-Bedroom     $377,248  $1,454  4.6%
                                            3-Bedroom     $522,623  $1,635  3.8%
                                            4+Bedroom     $652,734  $2,326  4.3%
Le Sud-Ouest                                1-Bedroom     $303,834  $1,228  4.9%
                                            2-Bedroom     $442,667  $1,635  4.4%
                                            3-Bedroom     $580,773  $1,817  3.8%
                                            4+Bedroom     $864,981  $1,708  2.4%
Mercier-Hochelaga-Maisonneuve, Montreal, QC 1-Bedroom     $247,138    $836  4.1%
                                            2-Bedroom     $290,023  $1,218  5.0%
                                            3-Bedroom     $399,054  $1,562  4.7%
                                            4+Bedroom     $425,222  $1,817  5.1%
Outremont                                   1-Bedroom     $435,398  $1,127  3.1%
                                            2-Bedroom     $595,311  $1,599  3.2%
                                            3-Bedroom     $798,836  $2,108  3.2%
                                            4+Bedroom   $1,217,516  $2,177  2.1%
Rosemont–La Petite-Patrie                   1-Bedroom     $272,578    $927  4.1%
                                            2-Bedroom     $377,248  $1,417  4.5%
                                            3-Bedroom     $534,253  $1,526  3.4%
                                            4+Bedroom     $708,703  $1,672  2.8%
Verdun                                      1-Bedroom     $316,191  $1,232  4.7%
                                            2-Bedroom     $435,398  $1,599  4.4%
                                            3-Bedroom     $617,117  $2,108  4.1%
                                            4+Bedroom     $995,092  $4,358  5.3%
Villeray–Saint-Michel–Parc-Extension        1-Bedroom     $275,486  $1,112  4.8%
                                            2-Bedroom     $381,246  $1,345  4.2%
                                            3-Bedroom     $544,429  $1,541  3.4%
                                            4+Bedroom     $606,214  $2,671  5.3%",4.27135713649814,"                                 Price    Rent Yield
Neighbor          Apartments                        
City Center       1-Bedroom   $310,304  $1,092  4.2%
                  3-Bedroom   $682,668  $1,877  3.3%
Outside of Center 1-Bedroom   $175,906    $823  5.6%
                  3-Bedroom   $386,993  $1,393  4.3%","Montreal, Canada",45.5031824,-73.5698065
Canada,Nanaimo,,,6.648661301574515,"                                 Price    Rent Yield
Neighbor          Apartments                        
City Center       1-Bedroom   $177,320  $1,183  8.0%
                  3-Bedroom   $390,105  $2,044  6.3%
Outside of Center 1-Bedroom   $189,143  $1,105  7.0%
                  3-Bedroom   $416,115  $1,912  5.5%","Nanaimo, Canada",49.163877,-123.938122
Canada,Ottawa,5.24666739620747,"                                                Price    Rent Yield
Neighbor                         Apartments                        
Ottawa - Ontario (all locations) 0-Studio    $235,398  $1,012  5.2%
                                 1-Bedroom   $308,983  $1,177  4.6%
                                 2-Bedroom   $331,133  $1,472  5.3%
                                 3-Bedroom   $345,114  $1,619  5.6%",4.232010734826719,"                                 Price    Rent Yield
Neighbor          Apartments                        
City Center       1-Bedroom   $324,043  $1,303  4.8%
                  3-Bedroom   $712,895  $2,162  3.6%
Outside of Center 1-Bedroom   $282,032  $1,164  5.0%
                  3-Bedroom   $620,469  $1,744  3.4%","Ottawa, Canada",45.4208777,-75.6901106
Canada,Quebec City,,,3.3203670319368084,"                                 Price    Rent Yield
Neighbor          Apartments                        
City Center       1-Bedroom   $439,373    $794  2.2%
                  3-Bedroom   $966,622  $1,343  1.7%
Outside of Center 1-Bedroom   $123,157    $667  6.5%
                  3-Bedroom   $270,945  $1,010  4.5%","Quebec City, Canada",46.8137431,-71.2084061
Canada,Toronto,4.499254949265593,"                                        Price    Rent Yield
Neighbor               Apartments                          
Downtown               0-Studio      $441,510  $1,545  4.2%
                       1-Bedroom     $448,050  $1,840  4.9%
                       2-Bedroom     $625,399  $2,208  4.2%
                       3-Bedroom     $883,020  $3,127  4.2%
                       4+Bedroom   $1,103,039  $3,642  4.0%
East York              1-Bedroom     $352,325  $1,321  4.5%
                       2-Bedroom     $440,774  $1,913  5.2%
                       3-Bedroom     $735,762  $2,649  4.3%
Entertainment District 0-Studio      $404,644  $1,692  5.0%
                       1-Bedroom     $498,906  $1,876  4.5%
                       2-Bedroom     $643,869  $2,206  4.1%
                       3-Bedroom     $940,416  $5,335  6.8%
Etobicoke              1-Bedroom     $470,208  $1,656  4.2%
                       2-Bedroom     $511,416  $1,987  4.7%
                       3-Bedroom     $551,152  $2,428  5.3%
                       4+Bedroom     $577,642  $3,679  7.6%
North York             0-Studio      $404,718  $1,177  3.5%
                       1-Bedroom     $417,963  $1,417  4.1%
                       2-Bedroom     $500,304  $1,987  4.8%
                       3-Bedroom     $596,039  $2,208  4.4%
Scarborough            0-Studio      $382,568  $1,140  3.6%
                       1-Bedroom     $389,927  $1,251  3.8%
                       2-Bedroom     $440,038  $1,803  4.9%
                       3-Bedroom     $484,925  $1,840  4.6%
York                   0-Studio      $485,631  $1,122  2.8%
                       1-Bedroom     $412,056  $1,177  3.4%
                       2-Bedroom     $602,632  $1,840  3.7%
                       3-Bedroom     $640,158  $2,355  4.4%
                       4+Bedroom     $807,851  $2,906  4.3%",4.1134525796658865,"                                   Price    Rent Yield
Neighbor          Apartments                          
City Center       1-Bedroom     $466,759  $1,825  4.7%
                  3-Bedroom   $1,026,870  $2,933  3.4%
Outside of Center 1-Bedroom     $377,518  $1,555  4.9%
                  3-Bedroom     $830,540  $2,447  3.5%","Toronto, Canada",43.6534733,-79.383961
Canada,Vancouver,3.5632512868043573,"                                                            Price    Rent Yield
Neighbor                                   Apartments                          
Vancouver-British Columbia (all locations) 0-Studio      $506,853  $1,453  3.4%
                                           1-Bedroom     $565,133  $1,748  3.7%
                                           2-Bedroom   $1,102,303  $2,723  3.0%
                                           3-Bedroom   $1,652,646  $5,077  3.7%",3.981218591450862,"                                   Price    Rent Yield
Neighbor          Apartments                          
City Center       1-Bedroom     $514,852  $1,883  4.4%
                  3-Bedroom   $1,132,673  $3,372  3.6%
Outside of Center 1-Bedroom     $391,678  $1,586  4.9%
                  3-Bedroom     $861,692  $2,562  3.6%","Vancouver, Canada",49.2608724,-123.113952
Canada,Victoria,,,3.731441729672186,"                                   Price    Rent Yield
Neighbor          Apartments                          
City Center       1-Bedroom     $456,635  $1,580  4.2%
                  3-Bedroom   $1,004,597  $2,889  3.5%
Outside of Center 1-Bedroom     $388,910  $1,300  4.0%
                  3-Bedroom     $855,602  $2,363  3.3%","Victoria, Canada",48.4283182,-123.3649533
Canada,Winnipeg,,,6.089878218409401,"                                 Price    Rent Yield
Neighbor          Apartments                        
City Center       1-Bedroom   $148,198    $848  6.9%
                  3-Bedroom   $326,034  $1,443  5.3%
Outside of Center 1-Bedroom   $140,788    $888  7.6%
                  3-Bedroom   $309,732  $1,324  5.1%","Winnipeg, Canada",49.8955367,-97.1384584
Chile,Antofagasta,5.9571075255844725,"                                           Price    Rent Yield
Neighbor                    Apartments                        
Antofagasta (all locations) 1-Bedroom   $107,902    $647  7.2%
                            2-Bedroom   $140,656    $734  6.3%
                            3-Bedroom   $183,223    $863  5.7%
                            4+Bedroom   $346,088  $1,295  4.5%",,,"Antofagasta, Chile",-23.6463741,-70.3980033
Chile,Concepcion,5.956174542844283,"                                          Price    Rent Yield
Neighbor                   Apartments                        
Conception (all locations) 1-Bedroom    $87,818    $453  6.2%
                           2-Bedroom   $116,597    $556  5.7%
                           3-Bedroom   $140,272    $647  5.5%
                           4+Bedroom   $265,978  $1,996  9.0%",,,"Concepcion, Chile",-36.8270795,-73.0502399
Chile,Concón,3.929449844657709,"                                      Price    Rent Yield
Neighbor               Apartments                        
Concón (all locations) 1-Bedroom   $127,109    $486  4.6%
                       2-Bedroom   $188,775    $662  4.2%
                       3-Bedroom   $287,420    $863  3.6%
                       4+Bedroom   $425,670  $1,295  3.7%",,,"Concón, Chile",-32.9220036,-71.5159565
Chile,La Serena,4.86206920134886,"                                         Price  Rent Yield
Neighbor                  Apartments                      
La Serena (all locations) 1-Bedroom   $101,791  $432  5.1%
                          2-Bedroom   $129,182  $550  5.1%
                          3-Bedroom   $139,916  $540  4.6%
                          4+Bedroom   $310,924  $951  3.7%",,,"La Serena, Chile",-29.902631,-71.2520253
Chile,Santiago,5.283489937414599,"                                            Price    Rent Yield
Neighbor                     Apartments                        
Barrio Diez de Julio         1-Bedroom    $85,134    $374  5.3%
                             2-Bedroom   $114,746    $492  5.1%
Bogotá - Sierra Bella        1-Bedroom    $79,508    $351  5.3%
                             2-Bedroom   $118,558    $522  5.3%
                             3-Bedroom   $118,447    $453  4.6%
Bulnes                       1-Bedroom    $77,898    $345  5.3%
                             2-Bedroom   $111,790    $486  5.2%
                             3-Bedroom   $154,352    $593  4.6%
Centro Histórico de Santiago 0-Studio     $76,343    $308  4.8%
                             1-Bedroom    $79,582    $345  5.2%
                             2-Bedroom   $119,965    $486  4.9%
                             3-Bedroom   $153,981    $755  5.9%
                             4+Bedroom   $351,603  $1,031  3.5%
Parque Almagro               1-Bedroom    $77,161    $340  5.3%
                             2-Bedroom   $112,895    $507  5.4%
                             3-Bedroom   $139,139    $540  4.7%
Parque O´Higgins             1-Bedroom    $81,179    $335  5.0%
                             2-Bedroom    $92,537    $451  5.8%
                             3-Bedroom   $114,746    $550  5.8%
San Diego                    0-Studio     $71,068    $286  4.8%
                             1-Bedroom    $77,731    $351  5.4%
                             2-Bedroom   $110,674    $486  5.3%
                             3-Bedroom   $143,062    $577  4.8%
Santa Isabel                 0-Studio     $85,134    $335  4.7%
                             1-Bedroom    $85,134    $370  5.2%
                             2-Bedroom   $120,113    $518  5.2%
                             3-Bedroom   $140,656    $593  5.1%",4.069093070876543,"                                 Price  Rent Yield
Neighbor          Apartments                      
City Center       1-Bedroom   $144,742  $533  4.4%
                  3-Bedroom   $318,434  $976  3.7%
Outside of Center 1-Bedroom   $136,251  $499  4.4%
                  3-Bedroom   $299,752  $935  3.7%","Santiago, Chile",-33.4377756,-70.6504502
Chile,Temuco,5.680638579661381,"                                      Price  Rent Yield
Neighbor               Apartments                      
Temuco (all locations) 0-Studio     $66,071  $367  6.7%
                       1-Bedroom    $86,263  $388  5.4%
                       2-Bedroom   $111,748  $529  5.7%
                       3-Bedroom   $152,485  $755  5.9%
                       4+Bedroom   $358,118  $876  2.9%",,,"Temuco, Chile",-38.7362611,-72.590546
Chile,Valparaíso,4.020009995992598,"                                          Price    Rent Yield
Neighbor                   Apartments                        
Valparaíso (all locations) 0-Studio    $159,737    $453  3.4%
                           1-Bedroom   $118,447    $442  4.5%
                           2-Bedroom   $170,268    $626  4.4%
                           3-Bedroom   $222,089    $744  4.0%
                           4+Bedroom   $396,058  $1,295  3.9%",,,"Valparaíso, Chile",-33.0458456,-71.6196749
Chile,Viña Del Mar,4.243888018432697,"                                            Price    Rent Yield
Neighbor                     Apartments                        
Viña Del Mar (all locations) 1-Bedroom   $124,087    $464  4.5%
                             2-Bedroom   $181,002    $647  4.3%
                             3-Bedroom   $240,596    $809  4.0%
                             4+Bedroom   $370,148  $1,295  4.2%",,,"Viña Del Mar, Chile",-33.0244535,-71.5517636
China,Beijing,,,1.7447877013957946,"                                   Price    Rent Yield
Neighbor          Apartments                          
City Center       1-Bedroom     $846,848    $985  1.4%
                  3-Bedroom   $1,863,067  $2,701  1.7%
Outside of Center 1-Bedroom     $418,742    $611  1.7%
                  3-Bedroom     $921,232  $1,391  1.8%","Beijing, China",39.906217,116.3912757
China,Chengdu,,,2.337096347477854,"                                 Price  Rent Yield
Neighbor          Apartments                      
City Center       1-Bedroom   $198,175  $423  2.6%
                  3-Bedroom   $435,985  $824  2.3%
Outside of Center 1-Bedroom   $108,612  $218  2.4%
                  3-Bedroom   $238,946  $406  2.0%","Chengdu, China",30.6598628,104.0633717
China,Guangzhou,,,1.2403865233637625,"                                   Price    Rent Yield
Neighbor          Apartments                          
City Center       1-Bedroom     $610,747    $544  1.1%
                  3-Bedroom   $1,343,643  $1,195  1.1%
Outside of Center 1-Bedroom     $256,333    $302  1.4%
                  3-Bedroom     $563,933    $682  1.5%","Guangzhou, China",23.1301964,113.2592945
China,Hangzhou,,,1.7260861018927174,"                                 Price    Rent Yield
Neighbor          Apartments                        
City Center       1-Bedroom   $372,490    $524  1.7%
                  3-Bedroom   $819,479  $1,029  1.5%
Outside of Center 1-Bedroom   $218,958    $322  1.8%
                  3-Bedroom   $481,709    $729  1.8%","Hangzhou, China",30.2489634,120.2052342
China,Nanjing,,,1.7689854604701496,"                                 Price  Rent Yield
Neighbor          Apartments                      
City Center       1-Bedroom   $352,296  $514  1.7%
                  3-Bedroom   $775,051  $970  1.5%
Outside of Center 1-Bedroom   $198,256  $296  1.8%
                  3-Bedroom   $436,162  $654  1.8%","Nanjing, China",32.0615513,118.7915619
China,Shanghai,,,1.4780806018954171,"                                   Price    Rent Yield
Neighbor          Apartments                          
City Center       1-Bedroom     $911,956  $1,022  1.3%
                  3-Bedroom   $2,006,304  $2,954  1.8%
Outside of Center 1-Bedroom     $496,758    $558  1.3%
                  3-Bedroom   $1,092,868  $1,465  1.6%","Shanghai, China",31.2322758,121.4692071
China,Shenzhen,,,1.120889196590016,"                                   Price    Rent Yield
Neighbor          Apartments                          
City Center       1-Bedroom     $870,522    $749  1.0%
                  3-Bedroom   $1,915,150  $1,712  1.1%
Outside of Center 1-Bedroom     $412,896    $432  1.3%
                  3-Bedroom     $908,370    $885  1.2%","Shenzhen, China",22.5445741,114.0545429
China,Suzhou,,,2.2768385457346825,"                                 Price    Rent Yield
Neighbor          Apartments                        
City Center       1-Bedroom   $453,903    $708  1.9%
                  3-Bedroom   $998,587  $1,925  2.3%
Outside of Center 1-Bedroom   $241,999    $452  2.2%
                  3-Bedroom   $532,398  $1,053  2.4%","Suzhou, China",31.3016935,120.5810725
Colombia,Barranquilla,6.124012959652851,"                                            Price  Rent Yield
Neighbor                     Apartments                      
Barranquilla (all locations) 1-Bedroom    $51,411  $302  7.0%
                             2-Bedroom    $60,352  $312  6.2%
                             3-Bedroom    $88,293  $358  4.9%
                             4+Bedroom   $147,905  $745  6.0%",7.169294376232793,"                                 Price  Rent  Yield
Neighbor          Apartments                       
City Center       1-Bedroom    $24,982  $223  10.7%
                  3-Bedroom    $54,962  $398   8.7%
Outside of Center 1-Bedroom    $48,916  $230   5.6%
                  3-Bedroom   $107,614  $445   5.0%","Barranquilla, Colombia",10.9938698,-74.7927177
Colombia,Bello,6.7923207095757725,"                                    Price  Rent Yield
Neighbor              Apartments                     
Bello (all locations) 1-Bedroom   $35,764  $201  6.7%
                      2-Bedroom   $42,828  $279  7.8%
                      3-Bedroom   $51,411  $291  6.8%",,,"Bello, Colombia",6.334997,-75.5582665
Colombia,Bogota,5.784724191422995,"                          Price    Rent Yield
Neighbor   Apartments                        
Chapinero  1-Bedroom    $71,970    $335  5.6%
           2-Bedroom   $104,132    $562  6.5%
           3-Bedroom   $182,175  $1,237  8.1%
           4+Bedroom   $228,906  $1,468  7.7%
Teusquillo 1-Bedroom    $59,951    $289  5.8%
           2-Bedroom    $90,638    $360  4.8%
           3-Bedroom   $121,450    $607  6.0%
Usaquen    1-Bedroom    $87,051    $389  5.4%
           2-Bedroom   $108,814    $562  6.2%
           3-Bedroom   $159,018  $1,012  7.6%
           4+Bedroom   $365,812  $2,258  7.4%",4.818104515456575,"                                 Price  Rent Yield
Neighbor          Apartments                      
City Center       1-Bedroom    $77,756  $334  5.1%
                  3-Bedroom   $171,063  $649  4.6%
Outside of Center 1-Bedroom    $60,106  $255  5.1%
                  3-Bedroom   $132,233  $481  4.4%","Bogota, Colombia",4.6534649,-74.0836453
Colombia,Cali,6.018211073949066,"                        Price    Rent Yield
Neighbor Apartments                        
Downtown 1-Bedroom    $39,117    $168  5.2%
         2-Bedroom    $51,411    $212  4.9%
         3-Bedroom    $67,058    $291  5.2%
         4+Bedroom    $88,066    $632  8.6%
North    1-Bedroom    $53,199    $268  6.0%
         2-Bedroom    $55,882    $279  6.0%
         3-Bedroom    $78,234    $302  4.6%
         4+Bedroom   $108,389    $565  6.3%
South    1-Bedroom    $52,529    $170  3.9%
         2-Bedroom    $54,764    $224  4.9%
         3-Bedroom    $65,493    $313  5.7%
         4+Bedroom   $105,001    $610  7.0%
West     1-Bedroom    $81,364    $335  4.9%
         2-Bedroom    $98,351    $436  5.3%
         3-Bedroom   $167,099    $861  6.2%
         4+Bedroom   $219,035  $1,016  5.6%",4.631932641503092,"                                Price  Rent Yield
Neighbor          Apartments                     
City Center       1-Bedroom   $40,072  $221  6.6%
                  3-Bedroom   $88,158  $362  4.9%
Outside of Center 1-Bedroom   $41,343  $149  4.3%
                  3-Bedroom   $90,955  $316  4.2%","Cali, Colombia",3.4520339,-76.5329352
Colombia,Cartagena,5.150982598752515,"                                         Price  Rent Yield
Neighbor                  Apartments                      
Cartagena (all locations) 1-Bedroom    $87,175  $525  7.2%
                          2-Bedroom   $118,469  $530  5.4%
                          3-Bedroom   $129,645  $533  4.9%
                          4+Bedroom   $268,713  $858  3.8%",,,"Cartagena, Colombia",10.4195841,-75.5271224
Colombia,Medellin,7.715073433609223,"                         Price    Rent  Yield
Neighbor  Apartments                         
Northeast 1-Bedroom    $40,235    $212   6.3%
          2-Bedroom    $46,940    $358   9.2%
          3-Bedroom    $77,117    $632   9.8%
          4+Bedroom    $79,033    $677  10.3%
Northwest 1-Bedroom    $43,588    $313   8.6%
          2-Bedroom    $62,587    $391   7.5%
          3-Bedroom   $100,475    $559   6.7%
          4+Bedroom   $126,453    $836   7.9%
Southeast 1-Bedroom    $98,351    $671   8.2%
          2-Bedroom   $129,645    $715   6.6%
          3-Bedroom   $158,704    $849   6.4%
          4+Bedroom   $207,745  $1,287   7.4%
Southwest 1-Bedroom    $44,705    $313   8.4%
          2-Bedroom    $61,023    $380   7.5%
          3-Bedroom    $78,234    $447   6.9%
          4+Bedroom   $105,001    $903  10.3%",5.588065570556471,"                                 Price  Rent Yield
Neighbor          Apartments                      
City Center       1-Bedroom    $59,672  $334  6.7%
                  3-Bedroom   $131,277  $592  5.4%
Outside of Center 1-Bedroom    $56,754  $272  5.8%
                  3-Bedroom   $124,860  $473  4.5%","Medellin, Colombia",6.2443382,-75.573553
Colombia,Pereira,7.552598179727587,"                                       Price  Rent Yield
Neighbor                Apartments                      
Pereira (all locations) 1-Bedroom    $40,235  $291  8.7%
                        2-Bedroom    $51,411  $335  7.8%
                        3-Bedroom    $62,587  $380  7.3%
                        4+Bedroom   $101,614  $565  6.7%",,,"Pereira, Colombia",4.8143159,-75.6946778
Colombia,Santa Marta,5.274296956074373,"                                           Price  Rent Yield
Neighbor                    Apartments                      
Santa Marta (all locations) 1-Bedroom    $69,070  $313  5.4%
                            2-Bedroom    $98,128  $436  5.3%
                            3-Bedroom   $102,822  $447  5.2%",,,"Santa Marta, Colombia",11.2320988,-74.1950883
Costa Rica,Curridabat,6.460442655935614,"                                          Price    Rent Yield
Neighbor                   Apartments                        
Curridabat (all locations) 1-Bedroom   $142,000    $750  6.3%
                           2-Bedroom   $165,000    $950  6.9%
                           3-Bedroom   $175,000    $960  6.6%
                           4+Bedroom   $320,000  $1,400  5.2%",,,"Curridabat, Costa Rica",9.9144225,-84.0375087
Costa Rica,Escazú,5.355522773372671,"                                      Price    Rent Yield
Neighbor               Apartments                        
Escazú (all locations) 1-Bedroom   $210,000    $900  5.1%
                       2-Bedroom   $260,000  $1,200  5.5%
                       3-Bedroom   $398,750  $1,800  5.4%
                       4+Bedroom   $680,000  $3,000  5.3%",,,"Escazú, Costa Rica",9.919527,-84.1400276
Costa Rica,Heredia,7.338129496402877,"                                       Price    Rent Yield
Neighbor                Apartments                        
Heredia (all locations) 0-Studio     $66,071    $367  6.7%
                        1-Bedroom   $115,000    $850  8.9%
                        2-Bedroom   $135,000    $850  7.6%
                        3-Bedroom   $139,000    $850  7.3%
                        4+Bedroom   $310,000  $1,400  5.4%",,,"Heredia, Costa Rica",9.9983493,-84.1167945
Costa Rica,San Jose,6.542857142857144,"                            Price    Rent Yield
Neighbor     Apartments                        
Mata Redonda 1-Bedroom   $150,000    $850  6.8%
             2-Bedroom   $210,000  $1,100  6.3%
             3-Bedroom   $339,000  $2,200  7.8%
             4+Bedroom   $650,000  $2,650  4.9%
San José     1-Bedroom   $150,000    $850  6.8%
             2-Bedroom   $195,000  $1,100  6.8%
             3-Bedroom   $380,000  $2,100  6.6%
             4+Bedroom   $579,000  $2,500  5.2%",7.538319518611533,"                                 Price    Rent Yield
Neighbor          Apartments                        
City Center       1-Bedroom   $108,180    $685  7.6%
                  3-Bedroom   $237,995  $1,483  7.5%
Outside of Center 1-Bedroom    $67,591    $420  7.5%
                  3-Bedroom   $148,700  $1,101  8.9%","San Jose, Costa Rica",9.9325427,-84.0795782
Costa Rica,Santa Ana,6.620689655172414,"                                         Price    Rent Yield
Neighbor                  Apartments                        
Santa Ana (all locations) 1-Bedroom   $145,000    $875  7.2%
                          2-Bedroom   $162,000  $1,000  7.4%
                          3-Bedroom   $240,000  $1,200  6.0%
                          4+Bedroom   $525,000  $2,300  5.3%",,,"Santa Ana, Costa Rica",9.9326696,-84.1820487
Croatia,Dubrovnik,,,2.6732310201456744,"                                 Price  Rent Yield
Neighbor          Apartments                      
City Center       1-Bedroom   $195,621  $568  3.5%
                  3-Bedroom   $430,366  $694  1.9%
Outside of Center 1-Bedroom   $139,480  $396  3.4%
                  3-Bedroom   $306,857  $467  1.8%","Dubrovnik, Croatia",42.64873625,18.094680152605108
Croatia,Osijek,5.008,"                                      Price  Rent Yield
Neighbor               Apartments                      
Osijek (all locations) 1-Bedroom    $48,927  $220  5.4%
                       2-Bedroom    $75,090  $313  5.0%
                       3-Bedroom   $100,119  $413  5.0%",3.0993689215840385,"                                 Price  Rent Yield
Neighbor          Apartments                      
City Center       1-Bedroom   $102,775  $378  4.4%
                  3-Bedroom   $226,105  $559  3.0%
Outside of Center 1-Bedroom    $93,502  $252  3.2%
                  3-Bedroom   $205,704  $462  2.7%","Osijek, Croatia",45.5548793,18.6953685
Croatia,Pula,4.323386100296085,"                                    Price  Rent Yield
Neighbor             Apartments                      
Pula (all locations) 0-Studio    $110,132  $501  5.5%
                     1-Bedroom   $121,994  $360  3.5%
                     2-Bedroom   $145,575  $601  5.0%
                     3-Bedroom   $177,213  $546  3.7%",,,"Pula, Croatia",44.8702281,13.8455311
Croatia,Rijeka,4.931506849315069,"                                      Price  Rent Yield
Neighbor               Apartments                      
Rijeka (all locations) 0-Studio     $72,087  $300  5.0%
                       1-Bedroom    $88,106  $350  4.8%
                       2-Bedroom   $120,144  $451  4.5%
                       3-Bedroom   $146,175  $601  4.9%
                       4+Bedroom   $190,228  $801  5.1%",3.5025816743191234,"                                 Price  Rent Yield
Neighbor          Apartments                      
City Center       1-Bedroom   $134,076  $429  3.8%
                  3-Bedroom   $294,967  $793  3.2%
Outside of Center 1-Bedroom   $114,524  $361  3.8%
                  3-Bedroom   $251,953  $652  3.1%","Rijeka, Croatia",45.3267976,14.442208
Croatia,Split,3.353711790393013,"                                     Price    Rent Yield
Neighbor              Apartments                        
Split (all locations) 0-Studio    $114,638    $320  3.4%
                      1-Bedroom   $171,005    $501  3.5%
                      2-Bedroom   $230,276    $651  3.4%
                      3-Bedroom   $290,348    $801  3.3%
                      4+Bedroom   $372,948  $1,001  3.2%",2.946488791165564,"                                 Price  Rent Yield
Neighbor          Apartments                      
City Center       1-Bedroom   $189,268  $541  3.4%
                  3-Bedroom   $416,388  $889  2.6%
Outside of Center 1-Bedroom   $142,669  $396  3.3%
                  3-Bedroom   $313,872  $655  2.5%","Split, Croatia",43.5116383,16.4399659
Croatia,Zadar,2.885050069717328,"                                     Price  Rent Yield
Neighbor              Apartments                      
Zadar (all locations) 0-Studio    $119,118  $325  3.3%
                      1-Bedroom   $159,311  $372  2.8%
                      2-Bedroom   $197,462  $476  2.9%
                      3-Bedroom   $250,300  $601  2.9%",3.209107100538408,"                                 Price  Rent Yield
Neighbor          Apartments                      
City Center       1-Bedroom   $156,080  $459  3.5%
                  3-Bedroom   $343,377  $929  3.2%
Outside of Center 1-Bedroom   $139,386  $368  3.2%
                  3-Bedroom   $306,649  $687  2.7%","Zadar, Croatia",44.1168594,15.2353257
Croatia,Zagreb,4.521739130434783,"                                       Price    Rent Yield
Neighbor                Apartments                        
Donji Grad              0-Studio     $85,603    $476  6.7%
                        1-Bedroom    $99,119    $531  6.4%
                        2-Bedroom   $164,197    $701  5.1%
                        3-Bedroom   $230,276  $1,026  5.3%
                        4+Bedroom   $350,421  $1,602  5.5%
Gornji Grad - Medveščak 0-Studio     $71,085    $451  7.6%
                        1-Bedroom    $95,114    $501  6.3%
                        2-Bedroom   $155,186    $651  5.0%
                        3-Bedroom   $239,237  $1,001  5.0%
                        4+Bedroom   $360,433  $1,702  5.7%
Maksimir                0-Studio     $80,096    $390  5.9%
                        1-Bedroom   $115,639    $441  4.6%
                        2-Bedroom   $165,198    $551  4.0%
                        3-Bedroom   $244,626    $801  3.9%
                        4+Bedroom   $330,396  $1,502  5.5%
Novi Zagreb - Istok     0-Studio     $83,050    $330  4.8%
                        1-Bedroom   $105,126    $400  4.6%
                        2-Bedroom   $133,260    $501  4.5%
                        3-Bedroom   $165,198    $601  4.4%
Novi Zagreb - Zapad     0-Studio    $110,056    $343  3.7%
                        1-Bedroom   $125,150    $426  4.1%
                        2-Bedroom   $126,602    $501  4.7%
                        3-Bedroom   $160,904    $626  4.7%
                        4+Bedroom   $230,734    $901  4.7%
Trešnjevka - Jug        0-Studio    $103,624    $390  4.5%
                        1-Bedroom   $115,138    $451  4.7%
                        2-Bedroom   $140,168    $551  4.7%
                        3-Bedroom   $199,239    $691  4.2%
                        4+Bedroom   $280,336  $1,001  4.3%
Trešnjevka - Sjever     0-Studio     $95,114    $350  4.4%
                        1-Bedroom   $102,123    $400  4.7%
                        2-Bedroom   $130,156    $531  4.9%
                        3-Bedroom   $185,222    $799  5.2%
                        4+Bedroom   $250,300  $1,101  5.3%
Črnomerec               0-Studio     $94,413    $400  5.1%
                        1-Bedroom   $135,162    $400  3.6%
                        2-Bedroom   $145,174    $551  4.6%
                        3-Bedroom   $177,463    $791  5.3%
                        4+Bedroom   $299,359  $1,302  5.2%",3.174571611214179,"                                 Price    Rent Yield
Neighbor          Apartments                        
City Center       1-Bedroom   $220,144    $636  3.5%
                  3-Bedroom   $484,317  $1,075  2.7%
Outside of Center 1-Bedroom   $148,314    $495  4.0%
                  3-Bedroom   $326,292    $783  2.9%","Zagreb, Croatia",45.84264135,15.962231476593626
Cyprus,Larnaca,,,9.512300772183519,"                                 Price    Rent  Yield
Neighbor          Apartments                         
City Center       1-Bedroom   $106,832    $907  10.2%
                  3-Bedroom   $235,030  $1,630   8.3%
Outside of Center 1-Bedroom    $73,475    $662  10.8%
                  3-Bedroom   $161,645  $1,190   8.8%","Larnaca, Cyprus",34.9236095,33.6236184
Cyprus,Limassol,4.054794520547945,"                                          Price    Rent Yield
Neighbor                 Apartments                          
Limassol (all locations) 1-Bedroom     $251,938    $872  4.2%
                         2-Bedroom     $377,907  $1,260  4.0%
                         3-Bedroom     $707,364  $2,422  4.1%
                         4+Bedroom   $1,259,690  $3,391  3.2%",9.828201133690412,"                                 Price    Rent  Yield
Neighbor          Apartments                         
City Center       1-Bedroom   $183,312  $1,550  10.1%
                  3-Bedroom   $403,286  $2,731   8.1%
Outside of Center 1-Bedroom   $119,510  $1,168  11.7%
                  3-Bedroom   $262,921  $2,084   9.5%","Limassol, Cyprus",34.6852901,33.0332657
Cyprus,Nicosia,4.268381063705435,"                                       Price    Rent Yield
Neighbor                Apartments                        
Nicosia (all locations) 1-Bedroom   $140,504    $523  4.5%
                        2-Bedroom   $213,178    $698  3.9%
                        3-Bedroom   $285,853    $969  4.1%
                        4+Bedroom   $540,213  $2,132  4.7%",6.047124106434368,"                                 Price    Rent Yield
Neighbor          Apartments                        
City Center       1-Bedroom   $128,276    $667  6.2%
                  3-Bedroom   $282,206  $1,337  5.7%
Outside of Center 1-Bedroom    $93,502    $560  7.2%
                  3-Bedroom   $205,704  $1,004  5.9%","Nicosia, Cyprus",35.1748976,33.3638568
Cyprus,Paphos,5.874125874125874,"                                      Price    Rent Yield
Neighbor               Apartments                        
Paphos (all locations) 1-Bedroom   $138,566    $678  5.9%
                       2-Bedroom   $193,798  $1,211  7.5%
                       3-Bedroom   $338,663  $1,235  4.4%",,,"Paphos, Cyprus",34.7743988,32.4231586
Czech Republic,Brno,3.3586395799640947,"                                    Price  Rent Yield
Neighbor             Apartments                      
Brno (all locations) 0-Studio    $187,913  $509  3.3%
                     1-Bedroom   $233,160  $647  3.3%
                     2-Bedroom   $303,814  $916  3.6%
                     3-Bedroom   $317,627  $896  3.4%",2.8419637611657755,"                                 Price    Rent Yield
Neighbor          Apartments                        
City Center       1-Bedroom   $273,950    $748  3.3%
                  3-Bedroom   $602,689  $1,172  2.3%
Outside of Center 1-Bedroom   $220,711    $614  3.3%
                  3-Bedroom   $485,565    $974  2.4%","Brno, Czech Republic",49.1922443,16.6113382
Czech Republic,Olomouc,3.337856612541143,"                                       Price  Rent Yield
Neighbor                Apartments                      
Olomouc (all locations) 0-Studio    $133,015  $392  3.5%
                        1-Bedroom   $202,592  $530  3.1%
                        2-Bedroom   $236,970  $532  2.7%
                        3-Bedroom   $189,558  $614  3.9%",3.3581133779699996,"                                 Price  Rent Yield
Neighbor          Apartments                      
City Center       1-Bedroom   $170,494  $571  4.0%
                  3-Bedroom   $375,087  $970  3.1%
Outside of Center 1-Bedroom   $147,762  $445  3.6%
                  3-Bedroom   $325,075  $773  2.9%","Olomouc, Czech Republic",49.5940567,17.251143
Czech Republic,Ostrava,5.210699004738432,"                                       Price  Rent Yield
Neighbor                Apartments                      
Ostrava (all locations) 0-Studio     $64,755  $285  5.3%
                        1-Bedroom    $81,454  $363  5.3%
                        2-Bedroom   $107,926  $416  4.6%
                        3-Bedroom   $128,289  $550  5.1%",4.544670279773591,"                                 Price  Rent Yield
Neighbor          Apartments                      
City Center       1-Bedroom   $123,614  $553  5.4%
                  3-Bedroom   $271,951  $861  3.8%
Outside of Center 1-Bedroom   $101,658  $424  5.0%
                  3-Bedroom   $223,649  $760  4.1%","Ostrava, Czech Republic",49.8349139,18.2820084
Czech Republic,Plzen,3.738319840552272,"                                     Price  Rent Yield
Neighbor              Apartments                      
Plzen (all locations) 0-Studio    $116,805  $357  3.7%
                      1-Bedroom   $163,528  $471  3.5%
                      2-Bedroom   $175,823  $574  3.9%
                      3-Bedroom   $193,446  $614  3.8%",2.750686927145561,"                                 Price  Rent Yield
Neighbor          Apartments                      
City Center       1-Bedroom   $224,425  $589  3.2%
                  3-Bedroom   $493,735  $798  1.9%
Outside of Center 1-Bedroom   $169,276  $500  3.5%
                  3-Bedroom   $372,408  $729  2.4%","Plzen, Czech Republic",49.7477415,13.3775249
Czech Republic,Prague,3.419201733954172,"                          Price    Rent Yield
Neighbor Apartments                          
Praha 1  0-Studio      $263,922    $984  4.5%
         1-Bedroom     $490,265  $1,603  3.9%
         2-Bedroom     $956,405  $1,799  2.3%
         3-Bedroom     $811,656  $2,862  4.2%
Praha 10 0-Studio      $212,136    $593  3.4%
         1-Bedroom     $253,514    $736  3.5%
         2-Bedroom     $302,582    $828  3.3%
         3-Bedroom     $486,381  $1,431  3.5%
Praha 3  0-Studio      $223,257    $696  3.7%
         1-Bedroom     $285,817    $936  3.9%
         2-Bedroom     $408,077  $1,207  3.5%
Praha 4  0-Studio      $189,932    $552  3.5%
         1-Bedroom     $244,928    $818  4.0%
         2-Bedroom     $282,137    $818  3.5%
         3-Bedroom     $331,613  $1,398  5.1%
Praha 5  0-Studio      $237,159    $736  3.7%
         1-Bedroom     $306,671  $1,227  4.8%
         2-Bedroom     $306,630  $1,104  4.3%
         3-Bedroom     $485,869  $2,167  5.4%
         4-Bedroom     $605,123  $4,825  9.6%
Praha 6  0-Studio      $241,555    $644  3.2%
         1-Bedroom     $277,639    $838  3.6%
         2-Bedroom     $341,386  $1,247  4.4%
         3-Bedroom     $636,854  $3,026  5.7%
         4-Bedroom   $1,121,394  $3,046  3.3%
Praha 8  0-Studio      $189,216    $736  4.7%
         1-Bedroom     $283,431  $1,022  4.3%
         2-Bedroom     $281,728    $859  3.7%
Praha 9  0-Studio      $204,158    $552  3.2%
         1-Bedroom     $243,293    $777  3.8%
         2-Bedroom     $273,653    $859  3.8%
         3-Bedroom     $320,574    $838  3.1%",2.7099598818583224,"                                 Price    Rent Yield
Neighbor          Apartments                        
City Center       1-Bedroom   $434,618  $1,064  2.9%
                  3-Bedroom   $956,160  $1,976  2.5%
Outside of Center 1-Bedroom   $305,030    $788  3.1%
                  3-Bedroom   $671,065  $1,389  2.5%","Prague, Czech Republic",50.0874654,14.4212535
Denmark,Aalborg,3.6609718504609217,"                                       Price    Rent Yield
Neighbor                Apartments                        
Aalborg (all locations) 1-Bedroom   $182,042    $718  4.7%
                        2-Bedroom   $270,780    $769  3.4%
                        3-Bedroom   $296,226    $966  3.9%
                        4+Bedroom   $495,232  $1,171  2.8%",3.7234231616686535,"                                 Price    Rent Yield
Neighbor          Apartments                        
City Center       1-Bedroom   $224,696    $786  4.2%
                  3-Bedroom   $494,330  $1,304  3.2%
Outside of Center 1-Bedroom   $176,938    $599  4.1%
                  3-Bedroom   $389,265  $1,098  3.4%","Aalborg, Denmark",57.0462626,9.9215263
Denmark,Aarhus,2.8682624850577003,"                                      Price    Rent Yield
Neighbor               Apartments                        
Aarhus (all locations) 1-Bedroom   $299,672    $724  2.9%
                       2-Bedroom   $430,592  $1,024  2.9%
                       3-Bedroom   $600,650  $1,279  2.6%
                       4+Bedroom   $652,227  $1,566  2.9%",4.252731416742953,"                                 Price    Rent Yield
Neighbor          Apartments                        
City Center       1-Bedroom   $341,564  $1,145  4.0%
                  3-Bedroom   $751,442  $2,176  3.5%
Outside of Center 1-Bedroom   $179,911    $747  5.0%
                  3-Bedroom   $395,804  $1,479  4.5%","Aarhus, Denmark",56.1496278,10.2134046
Denmark,Copenhagen,3.4015408303512946,"                              Price    Rent Yield
Neighbor     Apartments                          
Copenhagen S 1-Bedroom     $338,845  $1,214  4.3%
             2-Bedroom     $573,882  $1,565  3.3%
             3-Bedroom     $763,870  $1,873  2.9%
             4+Bedroom   $1,043,955  $2,114  2.4%
Copenhagen V 1-Bedroom     $482,478  $1,168  2.9%
             2-Bedroom     $685,524  $1,958  3.4%
             3-Bedroom     $881,388  $2,480  3.4%
             4+Bedroom   $1,017,840  $3,394  4.0%",4.778351109829418,"                                 Price    Rent Yield
Neighbor          Apartments                        
City Center       1-Bedroom   $399,112  $1,779  5.3%
                  3-Bedroom   $878,045  $2,822  3.9%
Outside of Center 1-Bedroom   $271,774  $1,297  5.7%
                  3-Bedroom   $597,904  $2,097  4.2%","Copenhagen, Denmark",55.6867243,12.5700724
Dominican Republic,Santo Domingo,,,7.391124438115418,"                                 Price    Rent Yield
Neighbor          Apartments                        
City Center       1-Bedroom   $110,701    $897  9.7%
                  3-Bedroom   $243,541  $1,626  8.0%
Outside of Center 1-Bedroom    $66,610    $376  6.8%
                  3-Bedroom   $146,542    $821  6.7%","Santo Domingo, Dominican Republic",18.4801972,-69.942111
Ecuador,Cuenca,4.551724137931035,"                                      Price  Rent Yield
Neighbor               Apartments                      
Cuenca (all locations) 0-Studio     $85,000  $310  4.4%
                       1-Bedroom   $115,000  $500  5.2%
                       2-Bedroom   $145,000  $550  4.6%",6.181285328532854,"                                 Price  Rent Yield
Neighbor          Apartments                      
City Center       1-Bedroom    $65,625  $404  7.4%
                  3-Bedroom   $144,375  $708  5.9%
Outside of Center 1-Bedroom    $63,125  $341  6.5%
                  3-Bedroom   $138,875  $574  5.0%","Cuenca, Ecuador",-2.8974072,-79.0041726
Ecuador,Guayaquil,7.5,"                                  Price    Rent Yield
Neighbor           Apartments                        
Norte de Guayaquil 0-Studio    $135,000    $675  6.0%
                   1-Bedroom   $129,950    $690  6.4%
                   2-Bedroom   $140,000    $800  6.9%
                   3-Bedroom   $155,000    $800  6.2%
Puerto Santa Ana   0-Studio    $160,000  $1,000  7.5%
                   1-Bedroom   $200,000  $1,300  7.8%
                   2-Bedroom   $360,000  $1,800  6.0%
Samborondón        0-Studio    $164,400    $763  5.6%
                   1-Bedroom   $205,000  $1,300  7.6%
                   2-Bedroom   $278,000  $1,600  6.9%
                   3-Bedroom   $410,000  $1,800  5.3%
Vía a la Costa     0-Studio    $121,000    $600  6.0%
                   1-Bedroom   $138,000    $800  7.0%
                   2-Bedroom   $158,000    $860  6.5%
                   3-Bedroom   $198,000  $1,000  6.1%",6.383399209486165,"                                 Price  Rent Yield
Neighbor          Apartments                      
City Center       1-Bedroom    $57,500  $394  8.2%
                  3-Bedroom   $126,500  $675  6.4%
Outside of Center 1-Bedroom    $72,000  $306  5.1%
                  3-Bedroom   $158,400  $840  6.4%","Guayaquil, Ecuador",-2.1900563,-79.8868741
Ecuador,Manta,6.948837209302325,"                                     Price    Rent Yield
Neighbor              Apartments                        
Manta (all locations) 0-Studio     $90,000    $659  8.8%
                      1-Bedroom   $150,000    $900  7.2%
                      2-Bedroom   $215,000  $1,200  6.7%
                      3-Bedroom   $320,000    $800  3.0%",,,"Manta, Ecuador",-0.9482874,-80.7197902
Ecuador,Quito,5.817076238256911,"                               Price    Rent Yield
Neighbor        Apartments                        
Centro Norte    0-Studio     $99,223    $474  5.7%
                1-Bedroom   $134,624    $648  5.8%
                2-Bedroom   $159,554    $848  6.4%
                3-Bedroom   $229,359    $997  5.2%
                4+Bedroom   $309,137  $1,516  5.9%
Cumbayá         0-Studio    $127,145    $698  6.6%
                1-Bedroom   $192,462    $997  6.2%
                2-Bedroom   $253,293  $1,645  7.8%
                3-Bedroom   $349,025  $1,546  5.3%
El Bosque       0-Studio     $85,000    $450  6.4%
                1-Bedroom   $128,712    $600  5.6%
                2-Bedroom   $190,000    $780  4.9%
                3-Bedroom   $298,000  $1,500  6.0%
González Suárez 0-Studio    $125,189    $600  5.8%
                1-Bedroom   $174,810    $900  6.2%
                2-Bedroom   $279,000  $1,450  6.2%
                3-Bedroom   $330,000  $1,950  7.1%
La Carolina     0-Studio    $108,000    $530  5.9%
                1-Bedroom   $143,135    $680  5.7%
                2-Bedroom   $180,500    $900  6.0%
                3-Bedroom   $240,000  $1,200  6.0%
Monteserrín     0-Studio     $89,500    $500  6.7%
                1-Bedroom   $127,665    $650  6.1%
                2-Bedroom   $185,000  $1,000  6.5%
                3-Bedroom   $390,000  $1,900  5.8%
Norte de Quito  0-Studio     $78,780    $469  7.1%
                1-Bedroom    $95,060    $494  6.2%
                2-Bedroom   $109,694    $548  6.0%
                3-Bedroom   $197,449    $648  3.9%
Quito Tennis    0-Studio    $105,000    $500  5.7%
                1-Bedroom   $165,000    $750  5.5%
                2-Bedroom   $250,000  $1,340  6.4%
                3-Bedroom   $330,000  $1,400  5.1%
                4+Bedroom   $448,000  $1,900  5.1%",5.043651563807285,"                                 Price  Rent Yield
Neighbor          Apartments                      
City Center       1-Bedroom    $72,250  $429  7.1%
                  3-Bedroom   $158,950  $624  4.7%
Outside of Center 1-Bedroom    $55,741  $242  5.2%
                  3-Bedroom   $122,630  $498  4.9%","Quito, Ecuador",-0.2201641,-78.5123274
Egypt,Alexandria,5.211900228368862,"                                          Price  Rent Yield
Neighbor                   Apartments                      
Alexandria (all locations) 1-Bedroom    $58,865  $282  5.7%
                           2-Bedroom    $78,674  $409  6.2%
                           3-Bedroom   $137,838  $537  4.7%
                           4+Bedroom   $197,069  $640  3.9%",5.453181896790734,"                                Price  Rent Yield
Neighbor          Apartments                     
City Center       1-Bedroom   $32,778  $122  4.5%
                  3-Bedroom   $72,113  $235  3.9%
Outside of Center 1-Bedroom   $10,936   $69  7.6%
                  3-Bedroom   $24,060  $129  6.4%","Alexandria, Egypt",31.1991806,29.8951716
Egypt,Asyut,5.027445382668025,"                                    Price  Rent Yield
Neighbor              Apartments                     
Asyut (all locations) 1-Bedroom   $30,587  $112  4.4%
                      2-Bedroom   $33,136  $153  5.5%
                      3-Bedroom   $43,331  $163  4.5%
                      4+Bedroom   $50,942  $408  9.6%",,,"Asyut, Egypt",27.1832822,31.1853836
Egypt,Cairo,6.8602174644098195,"                                           Price    Rent  Yield
Neighbor                    Apartments                         
6th of October              0-Studio    $161,238    $717   5.3%
                            1-Bedroom   $153,560    $717   5.6%
                            2-Bedroom   $210,889    $921   5.2%
                            3-Bedroom   $245,696  $1,177   5.7%
                            4+Bedroom   $299,954  $1,177   4.7%
El Shorouk Compounds        1-Bedroom   $122,347    $306   3.0%
                            2-Bedroom   $107,492    $307   3.4%
                            3-Bedroom   $124,692    $358   3.4%
Faisal , Giza               1-Bedroom    $17,842    $102   6.9%
                            2-Bedroom    $29,057    $143   5.9%
                            3-Bedroom    $35,831    $282   9.4%
Heliopolis - Masr El Gedida 0-Studio     $67,800    $280   5.0%
                            1-Bedroom    $68,820    $285   5.0%
                            2-Bedroom    $84,458    $435   6.2%
                            3-Bedroom   $145,882    $614   5.1%
                            4+Bedroom   $204,747  $1,024   6.0%
Mohandessin                 0-Studio     $48,429    $306   7.6%
                            1-Bedroom    $61,173    $408   8.0%
                            2-Bedroom    $89,577    $768  10.3%
                            3-Bedroom   $153,560  $1,177   9.2%
                            4+Bedroom   $204,747  $1,280   7.5%
New Cairo                   0-Studio     $87,018    $768  10.6%
                            1-Bedroom    $93,787    $768   9.8%
                            2-Bedroom   $122,848    $537   5.2%
                            3-Bedroom   $143,323  $1,024   8.6%
                            4+Bedroom   $189,391  $1,280   8.1%
Sheikh Zayed                0-Studio     $96,129    $614   7.7%
                            1-Bedroom   $122,848    $640   6.3%
                            2-Bedroom   $153,560    $947   7.4%
                            3-Bedroom   $153,560  $1,024   8.0%
                            4+Bedroom   $194,510  $1,280   7.9%",7.782680947230607,"                                Price  Rent Yield
Neighbor          Apartments                     
City Center       1-Bedroom   $24,778  $179  8.7%
                  3-Bedroom   $54,512  $355  7.8%
Outside of Center 1-Bedroom   $16,126  $104  7.7%
                  3-Bedroom   $35,477  $208  7.1%","Cairo, Egypt",30.0443879,31.2357257
Egypt,Damanhour,4.480640709975919,"                                        Price  Rent Yield
Neighbor                  Apartments                     
Damanhour (all locations) 1-Bedroom   $22,940   $87  4.6%
                          2-Bedroom   $36,959  $138  4.5%
                          3-Bedroom   $63,722  $153  2.9%",,,"Damanhour, Egypt",31.0374982,30.4710625
Egypt,Faiyum,3.766375545851528,"                                     Price  Rent Yield
Neighbor               Apartments                     
Faiyum (all locations) 1-Bedroom   $29,312   $92  3.8%
                       2-Bedroom   $35,684  $112  3.8%
                       3-Bedroom   $63,365  $163  3.1%",,,"Faiyum, Egypt",29.3074076,30.8399651
Egypt,Giza,,,6.3985026864968555,"                                Price  Rent Yield
Neighbor          Apartments                     
City Center       1-Bedroom   $21,468  $106  5.9%
                  3-Bedroom   $47,230  $185  4.7%
Outside of Center 1-Bedroom   $11,990   $69  6.9%
                  3-Bedroom   $26,377  $152  6.9%","Giza, Egypt",29.9870753,31.2118063
Egypt,Hurghada,7.800965541904008,"                                        Price  Rent Yield
Neighbor                 Apartments                      
Hurghada (all locations) 0-Studio     $46,612  $382  9.8%
                         1-Bedroom    $78,298  $509  7.8%
                         2-Bedroom   $137,544  $713  6.2%",,,"Hurghada, Egypt",27.222556,33.8307062
Egypt,Port Said,4.283658252750815,"                                         Price  Rent Yield
Neighbor                  Apartments                      
Port Said (all locations) 0-Studio     $28,038  $102  4.4%
                          1-Bedroom    $40,782  $153  4.5%
                          2-Bedroom    $50,978  $178  4.2%
                          3-Bedroom   $101,956  $357  4.2%",,,"Port Said, Egypt",31.263235,32.305505
Estonia,Pärnu,3.7209563164108617,"                                     Price  Rent Yield
Neighbor              Apartments                      
Pärnu (all locations) 0-Studio     $91,412  $312  4.1%
                      1-Bedroom   $116,820  $380  3.9%
                      2-Bedroom   $164,911  $487  3.5%
                      3+Bedroom   $193,727  $526  3.3%",,,"Pärnu, Estonia",58.3835136,24.5081751
Estonia,Tallinn,5.367272727272727,"                             Price    Rent Yield
Neighbor      Apartments                        
City Center   0-Studio    $133,370    $467  4.2%
              1-Bedroom   $194,603    $720  4.4%
              2-Bedroom   $287,183  $1,071  4.5%
              3+Bedroom   $377,183  $1,266  4.0%
Mustamäe      0-Studio     $87,518    $378  5.2%
              1-Bedroom   $128,015    $584  5.5%
              2-Bedroom   $160,628    $718  5.4%
Põhja-Tallinn 0-Studio     $93,943    $414  5.3%
              1-Bedroom   $133,272    $672  6.0%
              2-Bedroom   $242,402  $1,071  5.3%
              3+Bedroom   $420,991  $1,314  3.7%",3.802607806966836,"                                 Price    Rent Yield
Neighbor          Apartments                        
City Center       1-Bedroom   $199,212    $709  4.3%
                  3-Bedroom   $438,268  $1,186  3.2%
Outside of Center 1-Bedroom   $137,783    $517  4.5%
                  3-Bedroom   $303,123    $842  3.3%","Tallinn, Estonia",59.4372155,24.7453688
Estonia,Tartu,5.241238317757009,"                                     Price    Rent Yield
Neighbor              Apartments                        
Tartu (all locations) 0-Studio     $72,915    $341  5.6%
                      1-Bedroom   $124,608    $506  4.9%
                      2-Bedroom   $166,469    $647  4.7%
                      3+Bedroom   $219,963  $1,168  6.4%",3.743193111562494,"                                 Price  Rent Yield
Neighbor          Apartments                      
City Center       1-Bedroom   $153,776  $496  3.9%
                  3-Bedroom   $338,307  $920  3.3%
Outside of Center 1-Bedroom   $107,311  $402  4.5%
                  3-Bedroom   $236,084  $711  3.6%","Tartu, Estonia",58.3801207,26.72245
Ethiopia,Addis Ababa,,,7.0228858639406795,"                                 Price    Rent  Yield
Neighbor          Apartments                         
City Center       1-Bedroom    $84,186    $512   7.3%
                  3-Bedroom   $185,208  $1,855  12.0%
Outside of Center 1-Bedroom    $56,831    $271   5.7%
                  3-Bedroom   $125,028    $703   6.8%","Addis Ababa, Ethiopia",9.0107934,38.7612525
Finland,Espoo,,,3.407542930141129,"                                 Price    Rent Yield
Neighbor          Apartments                        
City Center       1-Bedroom   $394,160  $1,197  3.6%
                  3-Bedroom   $867,152  $1,909  2.6%
Outside of Center 1-Bedroom   $259,041    $913  4.2%
                  3-Bedroom   $569,890  $1,506  3.2%","Espoo, Finland",60.2047672,24.6568435
Finland,Helsinki,4.101916021198533,"                                                                    Price    Rent Yield
Neighbor                                           Apartments                          
Alpilla and Kallio                                 0-Studio      $235,671    $899  4.6%
                                                   1-Bedroom     $331,349  $1,014  3.7%
                                                   2-Bedroom     $494,103  $1,689  4.1%
City Centre Areas (Punavuori, Ullanlinna, Ruoho... 0-Studio      $300,631    $997  4.0%
                                                   1-Bedroom     $458,249  $1,308  3.4%
                                                   2-Bedroom     $699,963  $2,110  3.6%
                                                   3-Bedroom   $1,082,676  $1,964  2.2%
                                                   4+Bedroom   $1,863,210  $4,029  2.6%
Töölö (Taka and Etu)                               0-Studio      $246,246  $1,012  4.9%
                                                   1-Bedroom     $445,156  $1,208  3.3%
                                                   2-Bedroom     $674,784  $2,064  3.7%
                                                   3-Bedroom     $869,666  $2,365  3.3%",3.3363645903477206,"                                 Price    Rent Yield
Neighbor          Apartments                        
City Center       1-Bedroom   $376,068  $1,025  3.3%
                  3-Bedroom   $827,350  $1,968  2.9%
Outside of Center 1-Bedroom   $224,070    $834  4.5%
                  3-Bedroom   $492,954  $1,398  3.4%","Helsinki, Finland",60.1674881,24.9427473
Finland,Jyväskylä,4.379388976704412,"                                Price  Rent Yield
Neighbor         Apartments                      
Jyväskylä (area) 0-Studio    $130,425  $519  4.8%
                 1-Bedroom   $150,064  $660  5.3%
                 2-Bedroom   $251,684  $781  3.7%
                 3-Bedroom   $300,128  $997  4.0%",,,"Jyväskylä, Finland",62.2417066,25.7495727
Finland,Lahti,8.366347252747254,"                            Price    Rent  Yield
Neighbor     Apartments                         
Lahti (area) 0-Studio     $87,621    $513   7.0%
             1-Bedroom    $91,650    $650   8.5%
             2-Bedroom   $125,893    $863   8.2%
             3-Bedroom   $159,531  $1,543  11.6%",,,"Lahti, Finland",60.9826014,25.6613764
Finland,Oulu,4.2447789558421185,"                           Price    Rent Yield
Neighbor    Apartments                        
Oulu (area) 0-Studio    $130,828    $562  5.2%
            1-Bedroom   $186,120    $715  4.6%
            2-Bedroom   $256,720    $830  3.9%
            3-Bedroom   $361,563  $1,007  3.3%",,,"Oulu, Finland",65.0118734,25.4716809
Finland,Tampere,3.9601023073104398,"                              Price    Rent Yield
Neighbor       Apartments                        
Tampere (area) 0-Studio    $163,962    $648  4.7%
               1-Bedroom   $215,528    $770  4.3%
               2-Bedroom   $327,321    $952  3.5%
               3-Bedroom   $392,483  $1,187  3.6%",3.8104170387862615,"                                 Price    Rent Yield
Neighbor          Apartments                        
City Center       1-Bedroom   $228,268    $855  4.5%
                  3-Bedroom   $502,191  $1,309  3.1%
Outside of Center 1-Bedroom   $171,878    $651  4.5%
                  3-Bedroom   $378,130    $980  3.1%","Tampere, Finland",61.4980214,23.7603118
Finland,Turku,4.415467314028091,"                            Price    Rent Yield
Neighbor     Apartments                        
Turku (area) 0-Studio    $167,085    $634  4.6%
             1-Bedroom   $220,564    $786  4.3%
             2-Bedroom   $289,175    $957  4.0%
             3-Bedroom   $329,335  $1,511  5.5%",4.937750464703767,"                                 Price    Rent Yield
Neighbor          Apartments                        
City Center       1-Bedroom   $221,778    $750  4.1%
                  3-Bedroom   $487,910  $1,285  3.2%
Outside of Center 1-Bedroom    $93,038    $626  8.1%
                  3-Bedroom   $204,685    $992  5.8%","Turku, Finland",60.4517531,22.2670522
France,Bordeaux,3.594827586206897,"                                        Price    Rent Yield
Neighbor                 Apartments                        
Bordeaux (all locations) 0-Studio    $148,331    $551  4.5%
                         1-Bedroom   $244,345    $832  4.1%
                         2-Bedroom   $350,782  $1,028  3.5%
                         3-Bedroom   $465,037  $1,393  3.6%
                         4+Bedroom   $714,594  $1,442  2.4%
Center                   0-Studio    $159,355    $682  5.1%
                         1-Bedroom   $222,167    $902  4.9%
                         2-Bedroom   $299,668    $958  3.8%",,,"Bordeaux, France",44.841225,-0.5800364
France,Grenoble,,,4.192876395954373,"                                 Price    Rent Yield
Neighbor          Apartments                        
City Center       1-Bedroom   $177,152    $655  4.4%
                  3-Bedroom   $389,733  $1,182  3.6%
Outside of Center 1-Bedroom   $141,992    $587  5.0%
                  3-Bedroom   $312,381  $1,028  3.9%","Grenoble, France",45.1875602,5.7357819
France,Lyon,3.864935064935065,"                                    Price    Rent Yield
Neighbor             Apartments                        
Lyon (all locations) 0-Studio    $159,355    $661  5.0%
                     1-Bedroom   $265,592    $902  4.1%
                     2-Bedroom   $385,860  $1,243  3.9%
                     3-Bedroom   $551,229  $1,719  3.7%
                     4+Bedroom   $766,710  $2,252  3.5%",3.124105518181172,"                                 Price    Rent Yield
Neighbor          Apartments                        
City Center       1-Bedroom   $299,535    $848  3.4%
                  3-Bedroom   $658,977  $1,677  3.1%
Outside of Center 1-Bedroom   $226,510    $603  3.2%
                  3-Bedroom   $498,323  $1,082  2.6%","Lyon, France",45.7578137,4.8320114
France,Marseille,4.032558139534884,"                               Price    Rent Yield
Neighbor        Apartments                        
Marseille 10ème 0-Studio    $101,226    $526  6.2%
                1-Bedroom   $165,269    $692  5.0%
                2-Bedroom   $194,434    $900  5.6%
                3-Bedroom   $239,534    $942  4.7%
Marseille 6ème  0-Studio    $122,273    $581  5.7%
                1-Bedroom   $215,481    $802  4.5%
                2-Bedroom   $330,738    $992  3.6%
                3-Bedroom   $461,028  $1,052  2.7%
Marseille 8ème  0-Studio    $142,317    $610  5.1%
                1-Bedroom   $328,633    $822  3.0%
                2-Bedroom   $450,003  $1,203  3.2%
                3-Bedroom   $697,355  $1,623  2.8%
                4+Bedroom   $811,810  $1,584  2.3%
Marseille 9ème  0-Studio    $149,333    $521  4.2%
                1-Bedroom   $235,525    $783  4.0%
                2-Bedroom   $265,592    $964  4.4%
                3-Bedroom   $374,836  $1,303  4.2%
                4+Bedroom   $471,050  $1,283  3.3%",3.603223565473673,"                                 Price    Rent Yield
Neighbor          Apartments                        
City Center       1-Bedroom   $235,300    $764  3.9%
                  3-Bedroom   $517,661  $1,312  3.0%
Outside of Center 1-Bedroom   $172,013    $607  4.2%
                  3-Bedroom   $378,429  $1,044  3.3%","Marseille, France",43.2961743,5.3699525
France,Montpellier,3.572459016393443,"                                           Price    Rent Yield
Neighbor                    Apartments                        
Montpellier (all locations) 0-Studio    $109,244    $521  5.7%
                            1-Bedroom   $199,445    $707  4.3%
                            2-Bedroom   $305,682    $910  3.6%
                            3-Bedroom   $417,215  $1,203  3.5%
                            4+Bedroom   $700,562  $1,403  2.4%",,,"Montpellier, France",43.6112422,3.8767337
France,Nantes,3.853211009174312,"                                      Price    Rent Yield
Neighbor               Apartments                        
Center                 0-Studio     $86,593    $371  5.1%
                       1-Bedroom   $209,768    $772  4.4%
                       2-Bedroom   $300,670    $804  3.2%
                       3-Bedroom   $445,995  $1,356  3.6%
Nantes (all locations) 0-Studio    $126,131    $501  4.8%
                       1-Bedroom   $208,966    $752  4.3%
                       2-Bedroom   $300,670    $902  3.6%
                       3-Bedroom   $436,974  $1,403  3.9%
                       4+Bedroom   $680,768  $1,744  3.1%",,,"Nantes, France",47.2186371,-1.5541362
France,Nice,3.953488372093023,"                                    Price    Rent Yield
Neighbor             Apartments                        
Center               0-Studio    $173,888    $682  4.7%
                     1-Bedroom   $245,548    $947  4.6%
                     2-Bedroom   $576,285  $1,067  2.2%
Nice (all locations) 0-Studio    $149,333    $646  5.2%
                     1-Bedroom   $242,541    $852  4.2%
                     2-Bedroom   $362,007  $1,193  4.0%
                     3-Bedroom   $525,171  $1,604  3.7%
                     4+Bedroom   $800,786  $1,704  2.6%",3.598374484490674,"                                 Price    Rent Yield
Neighbor          Apartments                        
City Center       1-Bedroom   $356,106    $954  3.2%
                  3-Bedroom   $783,433  $1,875  2.9%
Outside of Center 1-Bedroom   $200,140    $783  4.7%
                  3-Bedroom   $440,309  $1,460  4.0%","Nice, France",43.7009358,7.2683912
France,Paris,3.8239122093469415,"                             Price    Rent Yield
Neighbor    Apartments                          
Paris 11ème 0-Studio      $237,530  $1,128  5.7%
            1-Bedroom     $461,028  $1,553  4.0%
            2-Bedroom     $761,699  $2,440  3.8%
            3-Bedroom   $1,082,414  $3,508  3.9%
Paris 13ème 0-Studio      $250,559    $992  4.8%
            1-Bedroom     $415,927  $1,313  3.8%
            2-Bedroom     $629,404  $2,025  3.9%
            3-Bedroom     $901,009  $2,685  3.6%
Paris 15ème 0-Studio      $252,563    $992  4.7%
            1-Bedroom     $486,084  $1,489  3.7%
            2-Bedroom     $787,757  $2,175  3.3%
            3-Bedroom   $1,167,604  $2,801  2.9%
            4+Bedroom   $1,957,365  $3,385  2.1%
Paris 16ème 0-Studio      $190,425  $1,052  6.6%
            1-Bedroom     $619,381  $1,854  3.6%
            2-Bedroom   $1,052,347  $2,842  3.2%
            3-Bedroom   $1,673,732  $4,109  2.9%
            4+Bedroom   $2,906,481  $9,020  3.7%
Paris 17ème 0-Studio      $200,447    $972  5.8%
            1-Bedroom     $463,033  $1,579  4.1%
            2-Bedroom     $776,732  $2,506  3.9%
            3-Bedroom   $1,397,116  $3,834  3.3%
            4+Bedroom   $2,204,917  $4,991  2.7%
Paris 18ème 0-Studio      $204,456    $952  5.6%
            1-Bedroom     $389,869  $1,273  3.9%
            2-Bedroom     $616,374  $2,100  4.1%
            3-Bedroom     $977,179  $3,207  3.9%
Paris 19ème 0-Studio      $235,525    $959  4.9%
            1-Bedroom     $385,860  $1,225  3.8%
            2-Bedroom     $571,274  $1,841  3.9%
            3-Bedroom     $719,104  $2,284  3.8%
Paris 20ème 0-Studio      $230,514    $902  4.7%
            1-Bedroom     $426,952  $1,278  3.6%
            2-Bedroom     $600,339  $1,834  3.7%
            3-Bedroom     $821,833  $2,211  3.2%",2.468916497816911,"                                   Price    Rent Yield
Neighbor          Apartments                          
City Center       1-Bedroom     $665,877  $1,315  2.4%
                  3-Bedroom   $1,464,929  $3,059  2.5%
Outside of Center 1-Bedroom     $468,508    $996  2.6%
                  3-Bedroom   $1,030,719  $2,089  2.4%","Paris, France",48.8534951,2.3483915
France,Toulouse,3.5616000000000003,"                                        Price    Rent Yield
Neighbor                 Apartments                        
Center                   0-Studio    $129,288    $573  5.3%
                         1-Bedroom   $227,507    $842  4.4%
                         2-Bedroom   $430,961  $1,102  3.1%
                         3-Bedroom   $566,263  $1,746  3.7%
                         4+Bedroom   $826,844  $2,364  3.4%
Toulouse (all locations) 0-Studio    $112,250    $501  5.4%
                         1-Bedroom   $178,398    $638  4.3%
                         2-Bedroom   $250,559    $744  3.6%
                         3-Bedroom   $376,840  $1,078  3.4%
                         4+Bedroom   $595,328  $1,087  2.2%",3.6513895084688595,"                                 Price    Rent Yield
Neighbor          Apartments                        
City Center       1-Bedroom   $233,948    $721  3.7%
                  3-Bedroom   $514,686  $1,545  3.6%
Outside of Center 1-Bedroom   $165,367    $550  4.0%
                  3-Bedroom   $363,807  $1,087  3.6%","Toulouse, France",43.6044622,1.4442469
Georgia,Batumi,15.126789225527812,"                              Price    Rent  Yield
Neighbor       Apartments                         
Agmashenebeli  0-Studio     $29,260    $496  20.3%
               1-Bedroom    $36,699    $496  16.2%
               2-Bedroom    $46,619    $546  14.1%
               3-Bedroom    $59,513    $645  13.0%
Airport        0-Studio     $33,724    $496  17.6%
               1-Bedroom    $51,379    $446  10.4%
               2-Bedroom    $65,464    $645  11.8%
               3-Bedroom    $74,391    $645  10.4%
               4+Bedroom   $126,465    $694   6.6%
Bagrationi     0-Studio     $37,593    $496  15.8%
               1-Bedroom    $49,595    $595  14.4%
               2-Bedroom    $64,472    $645  12.0%
               3-Bedroom    $83,318    $794  11.4%
               4+Bedroom   $102,164  $1,041  12.2%
Khimshiashvili 0-Studio     $43,642    $496  13.6%
               1-Bedroom    $55,563    $595  12.9%
               2-Bedroom    $55,744    $712  15.3%
               3-Bedroom   $111,091    $992  10.7%
               4+Bedroom   $123,985    $992   9.6%
Old Batumi     0-Studio     $36,699    $496  16.2%
               1-Bedroom    $54,851    $595  13.0%
               2-Bedroom    $92,245    $794  10.3%
               3-Bedroom   $143,823  $1,041   8.7%
               4+Bedroom   $245,987  $1,488   7.3%
Rustaveli      0-Studio     $45,131    $397  10.6%
               1-Bedroom    $63,480    $645  12.2%
               2-Bedroom    $89,270    $794  10.7%
               3-Bedroom   $148,783  $1,091   8.8%
               4+Bedroom   $188,458  $1,686  10.7%",10.465942954195018,"                                 Price  Rent  Yield
Neighbor          Apartments                       
City Center       1-Bedroom    $67,810  $620  11.0%
                  3-Bedroom   $149,181  $942   7.6%
Outside of Center 1-Bedroom    $43,222  $463  12.9%
                  3-Bedroom    $95,088  $790  10.0%","Batumi, Georgia",41.6509502,41.6360085
Georgia,Kutaisi,9.644023915283393,"                                      Price  Rent  Yield
Neighbor                Apartments                      
Kutaisi (all locations) 0-Studio    $23,805  $191   9.6%
                        1-Bedroom   $29,757  $278  11.2%
                        2-Bedroom   $45,626  $367   9.6%
                        3-Bedroom   $57,529  $397   8.3%",,,"Kutaisi, Georgia",42.2716078,42.7054475
Georgia,Tbilisi,10.593463302752294,"                           Price    Rent  Yield
Neighbor    Apartments                         
Didi digomi 0-Studio     $30,997    $347  13.5%
            1-Bedroom    $46,619    $397  10.2%
            2-Bedroom    $62,489    $496   9.5%
            3-Bedroom    $79,351    $595   9.0%
            4+Bedroom    $97,502    $694   8.5%
Didube      0-Studio     $37,691    $347  11.1%
            1-Bedroom    $52,570    $496  11.3%
            2-Bedroom    $74,391    $645  10.4%
            3-Bedroom    $89,270    $694   9.3%
            4+Bedroom   $128,945    $714   6.6%
Gldani      0-Studio     $32,732    $262   9.6%
            1-Bedroom    $44,634    $438  11.8%
            2-Bedroom    $58,521    $496  10.2%
            3-Bedroom    $74,391    $526   8.5%
            4+Bedroom    $78,359    $595   9.1%
Isuni       0-Studio     $30,946    $397  15.4%
            1-Bedroom    $54,355    $565  12.5%
            2-Bedroom    $66,456    $575  10.4%
            3-Bedroom    $86,294    $645   9.0%
            4+Bedroom   $109,108    $785   8.6%
Nadzaladevi 0-Studio     $32,732    $347  12.7%
            1-Bedroom    $55,546    $496  10.7%
            2-Bedroom    $71,415    $595  10.0%
            3-Bedroom    $84,310    $744  10.6%
            4+Bedroom   $107,124    $794   8.9%
Saburtalo   0-Studio     $45,131    $397  10.6%
            1-Bedroom    $70,423    $645  11.0%
            2-Bedroom   $102,164    $794   9.3%
            3-Bedroom   $140,848  $1,279  10.9%
            4+Bedroom   $186,474  $1,686  10.8%
Vake        0-Studio     $69,432    $496   8.6%
            1-Bedroom   $101,172    $892  10.6%
            2-Bedroom   $163,660  $1,190   8.7%
            3-Bedroom   $210,279  $1,786  10.2%
            4+Bedroom   $288,637  $2,281   9.5%
Varketili   0-Studio     $30,252    $227   9.0%
            1-Bedroom    $41,659    $377  10.9%
            2-Bedroom    $57,033    $496  10.4%
            3-Bedroom    $69,432    $523   9.0%
            4+Bedroom    $80,343    $703  10.5%",11.520397534003674,"                                 Price    Rent  Yield
Neighbor          Apartments                         
City Center       1-Bedroom    $97,309    $984  12.1%
                  3-Bedroom   $214,080  $1,709   9.6%
Outside of Center 1-Bedroom    $53,250    $632  14.2%
                  3-Bedroom   $117,151  $1,065  10.9%","Tbilisi, Georgia",41.6934591,44.8014495
Germany,Berlin,2.458403041825095,"                                            Price    Rent Yield
Neighbor                   Apartments                          
Charlottenburg-Wilmersdorf 0-Studio      $244,070    $611  3.0%
                           1-Bedroom     $382,836  $1,183  3.7%
                           2-Bedroom     $560,968  $1,700  3.6%
                           3-Bedroom     $964,472  $2,446  3.0%
                           4+Bedroom   $1,278,909  $2,266  2.1%
Friedrichshain-Kreuzberg   0-Studio      $216,514    $443  2.5%
                           1-Bedroom     $373,979    $665  2.1%
                           2-Bedroom     $531,739    $886  2.0%
                           3-Bedroom     $885,740  $1,892  2.6%
                           4+Bedroom   $1,424,564  $3,121  2.6%
Mitte (district)           0-Studio      $203,720    $718  4.2%
                           1-Bedroom     $305,088  $1,024  4.0%
                           2-Bedroom     $638,717  $1,968  3.7%
                           3-Bedroom     $884,755  $2,574  3.5%
                           4+Bedroom   $1,623,856  $5,022  3.7%
Neukölln (district)        0-Studio      $186,497    $392  2.5%
                           1-Bedroom     $291,802    $536  2.2%
                           2-Bedroom     $377,916    $792  2.5%
                           3-Bedroom     $647,082  $1,326  2.5%
                           4+Bedroom     $795,246  $1,297  2.0%
Pankow (district)          0-Studio      $195,601    $467  2.9%
                           1-Bedroom     $313,945    $664  2.5%
                           2-Bedroom     $589,509  $1,181  2.4%
                           3-Bedroom     $815,865  $1,373  2.0%
                           4+Bedroom   $1,017,616  $2,267  2.7%
Potsdam                    0-Studio      $186,005    $438  2.8%
                           1-Bedroom     $292,786    $594  2.4%
                           2-Bedroom     $550,143    $886  1.9%
                           3-Bedroom     $797,166  $1,673  2.5%
                           4+Bedroom   $1,261,687  $2,186  2.1%
Tempelhof-Schöneberg       0-Studio      $195,856    $492  3.0%
                           1-Bedroom     $299,675    $585  2.3%
                           2-Bedroom     $441,886    $743  2.0%
                           3-Bedroom     $697,766  $2,460  4.2%
                           4+Bedroom   $1,084,293  $4,013  4.4%
Treptow-Köpenick           0-Studio      $166,224    $456  3.3%
                           1-Bedroom     $294,262    $669  2.7%
                           2-Bedroom     $422,203    $971  2.8%
                           3-Bedroom     $615,097  $1,732  3.4%",3.5004310929179883,"                                 Price    Rent Yield
Neighbor          Apartments                        
City Center       1-Bedroom   $432,462  $1,374  3.8%
                  3-Bedroom   $951,416  $2,551  3.2%
Outside of Center 1-Bedroom   $308,560    $973  3.8%
                  3-Bedroom   $678,831  $1,753  3.1%","Berlin, Germany",52.5170365,13.3888599
Germany,Cologne,3.230769230769231,"                                         Price    Rent Yield
Neighbor                Apartments                          
Center                  0-Studio      $202,244    $569  3.4%
                        1-Bedroom     $372,995    $787  2.5%
                        2-Bedroom     $521,602  $1,250  2.9%
                        3-Bedroom     $781,075  $1,722  2.6%
                        4+Bedroom   $1,047,928  $2,736  3.1%
Cologne (all locations) 0-Studio      $166,322    $541  3.9%
                        1-Bedroom     $281,468    $758  3.2%
                        2-Bedroom     $393,170  $1,073  3.3%
                        3-Bedroom     $578,191  $1,378  2.9%
                        4+Bedroom     $836,532  $1,771  2.5%",,,"Cologne, Germany",50.938361,6.959974
Germany,Dresden,,,3.282769602407351,"                                 Price    Rent Yield
Neighbor          Apartments                        
City Center       1-Bedroom   $227,782    $661  3.5%
                  3-Bedroom   $501,119  $1,240  3.0%
Outside of Center 1-Bedroom   $170,931    $487  3.4%
                  3-Bedroom   $376,048    $986  3.1%","Dresden, Germany",51.0493286,13.7381437
Germany,Dusseldorf,3.317647058823529,"                                            Price    Rent Yield
Neighbor                   Apartments                          
Center                     0-Studio      $194,863    $561  3.5%
                           1-Bedroom     $391,202    $837  2.6%
                           2-Bedroom     $584,588  $1,230  2.5%
                           3-Bedroom     $979,234  $1,919  2.4%
                           4+Bedroom   $2,160,220  $5,078  2.8%
Düsseldorf (all locations) 0-Studio      $177,148    $576  3.9%
                           1-Bedroom     $284,421    $786  3.3%
                           2-Bedroom     $416,298  $1,092  3.1%
                           3-Bedroom     $679,067  $1,575  2.8%
                           4+Bedroom     $979,234  $3,297  4.0%",3.1483097861749187,"                                 Price    Rent Yield
Neighbor          Apartments                        
City Center       1-Bedroom   $360,914  $1,055  3.5%
                  3-Bedroom   $794,012  $2,037  3.1%
Outside of Center 1-Bedroom   $305,170    $818  3.2%
                  3-Bedroom   $671,373  $1,510  2.7%","Dusseldorf, Germany",51.2254018,6.7763137
Germany,Frankfurt,2.252816020025031,"                                       Price    Rent Yield
Neighbor              Apartments                          
District of Offenbach 0-Studio      $127,940    $537  5.0%
                      1-Bedroom     $226,356    $714  3.8%
                      2-Bedroom     $294,262    $969  4.0%
                      3-Bedroom     $420,726  $1,230  3.5%
                      4+Bedroom     $671,686  $1,575  2.8%
Downtown II           0-Studio      $314,388    $886  3.4%
                      1-Bedroom     $589,509  $1,073  2.2%
                      2-Bedroom     $786,340  $1,476  2.3%
                      3-Bedroom   $1,028,442  $2,224  2.6%
                      4+Bedroom   $1,476,233  $2,633  2.1%
Groß-Gerau district   0-Studio      $129,253    $556  5.2%
                      1-Bedroom     $216,514    $689  3.8%
                      2-Bedroom     $319,850  $1,036  3.9%
                      3-Bedroom     $451,727  $1,132  3.0%
                      4+Bedroom     $643,637  $1,270  2.4%
Hochtaunuskreis       0-Studio      $190,926    $576  3.6%
                      1-Bedroom     $264,738    $787  3.6%
                      2-Bedroom     $388,741  $1,073  3.3%
                      3-Bedroom     $639,701  $1,329  2.5%
                      4+Bedroom   $1,006,299  $1,850  2.2%
Main-Kinzig District  0-Studio      $126,956    $354  3.3%
                      1-Bedroom     $194,863    $659  4.1%
                      2-Bedroom     $281,960    $886  3.8%
                      3-Bedroom     $344,454  $1,083  3.8%
                      4+Bedroom     $535,380  $1,319  3.0%
Main-Taunus-Kreis     0-Studio      $136,798    $515  4.5%
                      1-Bedroom     $244,070    $787  3.9%
                      2-Bedroom     $371,519  $1,004  3.2%
                      3-Bedroom     $562,937  $1,348  2.9%
                      4+Bedroom     $990,798  $1,855  2.2%
Offenbach am Main     0-Studio      $186,005    $551  3.6%
                      1-Bedroom     $235,213    $679  3.5%
                      2-Bedroom     $344,454    $979  3.4%
                      3-Bedroom     $487,157  $1,475  3.6%
                      4+Bedroom     $649,542  $1,850  3.4%
Wetteraukreis         0-Studio      $314,388    $886  3.4%
                      1-Bedroom     $589,509  $1,073  2.2%
                      2-Bedroom     $786,340  $1,476  2.3%
                      3-Bedroom   $1,028,442  $2,224  2.6%
                      4+Bedroom   $1,476,233  $2,633  2.1%",2.9084256163047524,"                                   Price    Rent Yield
Neighbor          Apartments                          
City Center       1-Bedroom     $464,724  $1,202  3.1%
                  3-Bedroom   $1,022,394  $2,218  2.6%
Outside of Center 1-Bedroom     $320,058    $841  3.2%
                  3-Bedroom     $704,129  $1,592  2.7%","Frankfurt, Germany",50.1106444,8.6820917
Germany,Hamburg,2.064935064935065,"                                       Price    Rent Yield
Neighbor              Apartments                          
Altona                0-Studio      $289,342    $652  2.7%
                      1-Bedroom     $392,678    $837  2.6%
                      2-Bedroom     $757,799  $1,304  2.1%
                      3-Bedroom     $940,852  $1,440  1.8%
                      4+Bedroom   $1,874,323  $2,411  1.5%
Eimsbüttel (district) 0-Studio      $283,929    $600  2.5%
                      1-Bedroom     $378,408    $837  2.7%
                      2-Bedroom     $477,315  $1,004  2.5%
                      3-Bedroom     $708,592  $2,928  5.0%
                      4+Bedroom   $1,471,312  $3,169  2.6%
Hamburg-Nord          0-Studio      $270,151    $657  2.9%
                      1-Bedroom     $378,408    $804  2.5%
                      2-Bedroom     $610,176  $1,151  2.3%
                      3-Bedroom   $1,212,971  $1,747  1.7%
                      4+Bedroom   $1,823,147  $3,268  2.2%
Pinneberg District    0-Studio      $120,067    $394  3.9%
                      1-Bedroom     $221,435    $561  3.0%
                      2-Bedroom     $295,247    $809  3.3%
                      3-Bedroom     $402,519  $1,232  3.7%
                      4+Bedroom     $403,011  $1,919  5.7%
Wandsbek (district)   0-Studio      $173,211    $482  3.3%
                      1-Bedroom     $343,470    $754  2.6%
                      2-Bedroom     $423,187  $1,151  3.3%
                      3-Bedroom     $659,384  $1,508  2.7%
                      4+Bedroom   $1,121,937  $1,466  1.6%",2.975111276840025,"                                 Price    Rent Yield
Neighbor          Apartments                        
City Center       1-Bedroom   $434,314  $1,087  3.0%
                  3-Bedroom   $955,491  $2,027  2.5%
Outside of Center 1-Bedroom   $280,405    $819  3.5%
                  3-Bedroom   $616,891  $1,514  2.9%","Hamburg, Germany",53.550341,10.000654
Germany,Heidelberg,,,3.207509453482001,"                                 Price    Rent Yield
Neighbor          Apartments                        
City Center       1-Bedroom   $389,463  $1,097  3.4%
                  3-Bedroom   $856,819  $1,893  2.7%
Outside of Center 1-Bedroom   $270,460    $814  3.6%
                  3-Bedroom   $595,013  $1,505  3.0%","Heidelberg, Germany",49.4093582,8.694724
Germany,Leipzig,3.29010989010989,"                                       Price    Rent Yield
Neighbor                Apartments                        
Center                  0-Studio    $154,266    $489  3.8%
                        1-Bedroom   $255,880    $625  2.9%
                        2-Bedroom   $372,995    $871  2.8%
                        3-Bedroom   $570,810  $1,581  3.3%
                        4+Bedroom   $959,551  $1,831  2.3%
Leipzig (all locations) 0-Studio    $108,529    $343  3.8%
                        1-Bedroom   $179,116    $491  3.3%
                        2-Bedroom   $275,071    $689  3.0%
                        3-Bedroom   $480,760  $1,164  2.9%
                        4+Bedroom   $607,716  $1,831  3.6%",,,"Leipzig, Germany",51.3406321,12.3747329
Germany,Munich,2.6940966010733454,"                                           Price    Rent Yield
Neighbor                  Apartments                          
Bogenhausen               0-Studio      $313,945    $979  3.7%
                          1-Bedroom     $501,919  $1,338  3.2%
                          2-Bedroom     $776,990  $1,668  2.6%
                          3-Bedroom   $1,082,078  $2,342  2.6%
                          4+Bedroom   $2,521,897  $4,627  2.2%
District Fürstenfeldbruck 0-Studio      $229,308    $443  2.3%
                          1-Bedroom     $408,424  $1,027  3.0%
                          2-Bedroom     $550,143  $1,235  2.7%
                          3-Bedroom     $748,450  $1,708  2.7%
                          4+Bedroom   $1,008,267  $2,155  2.6%
District of Munich        0-Studio      $278,616    $837  3.6%
                          1-Bedroom     $445,133  $1,063  2.9%
                          2-Bedroom     $588,525  $1,378  2.8%
                          3-Bedroom     $806,023  $1,767  2.6%
                          4+Bedroom   $1,229,210  $2,190  2.1%",2.4568404261205155,"                                   Price    Rent Yield
Neighbor          Apartments                          
City Center       1-Bedroom     $654,460  $1,454  2.7%
                  3-Bedroom   $1,439,812  $2,608  2.2%
Outside of Center 1-Bedroom     $477,514  $1,153  2.9%
                  3-Bedroom   $1,050,531  $1,967  2.2%","Munich, Germany",48.1371079,11.5753822
Germany,Nuremberg,,,2.7625654004961713,"                                 Price    Rent Yield
Neighbor          Apartments                        
City Center       1-Bedroom   $326,537    $813  3.0%
                  3-Bedroom   $718,381  $1,519  2.5%
Outside of Center 1-Bedroom   $245,358    $620  3.0%
                  3-Bedroom   $539,789  $1,113  2.5%","Nuremberg, Germany",49.453872,11.077298
Germany,Stuttgart,3.8025974025974025,"                                         Price    Rent Yield
Neighbor                  Apartments                        
Center                    0-Studio    $245,055    $876  4.3%
                          1-Bedroom   $341,502  $1,230  4.3%
                          2-Bedroom   $383,328  $1,507  4.7%
                          3-Bedroom   $500,935  $1,653  4.0%
                          4+Bedroom   $786,586  $1,860  2.8%
Stuttgart (all locations) 0-Studio    $191,910    $640  4.0%
                          1-Bedroom   $285,405    $974  4.1%
                          2-Bedroom   $378,900  $1,201  3.8%
                          3-Bedroom   $613,818  $1,575  3.1%
                          4+Bedroom   $787,324  $1,944  3.0%",2.834059459992678,"                                 Price    Rent Yield
Neighbor          Apartments                        
City Center       1-Bedroom   $420,764  $1,045  3.0%
                  3-Bedroom   $925,681  $1,980  2.6%
Outside of Center 1-Bedroom   $290,534    $843  3.5%
                  3-Bedroom   $639,176  $1,431  2.7%","Stuttgart, Germany",48.7784485,9.1800132
Greece,Athens,6.063157894736841,"                                        Price    Rent Yield
Neighbor               Apartments                          
Ampelokipoi - Pentagon 0-Studio      $115,485    $577  6.0%
                       1-Bedroom     $178,039    $770  5.2%
                       2-Bedroom     $230,969  $1,001  5.2%
                       3-Bedroom     $259,840  $1,155  5.3%
Attiki                 0-Studio       $57,742    $404  8.4%
                       1-Bedroom      $86,613    $479  6.6%
                       2-Bedroom     $115,485    $601  6.2%
Kipseli                0-Studio       $65,441    $433  7.9%
                       1-Bedroom     $115,485    $558  5.8%
                       2-Bedroom     $192,474    $626  3.9%
Kolonaki - Lykavittos  0-Studio      $182,851    $962  6.3%
                       1-Bedroom     $461,938  $1,540  4.0%
                       2-Bedroom     $606,294  $2,117  4.2%
                       3-Bedroom   $1,154,845  $2,695  2.8%
                       4+Bedroom   $1,058,608  $3,465  3.9%
Neos Kosmos            0-Studio       $93,350    $529  6.8%
                       1-Bedroom     $168,415    $703  5.0%
                       2-Bedroom     $230,969    $818  4.2%
Pagkrati               0-Studio      $115,485    $510  5.3%
                       1-Bedroom     $202,098    $804  4.8%
                       2-Bedroom     $269,464    $953  4.2%
Patisia                0-Studio       $52,930    $385  8.7%
                       1-Bedroom      $91,425    $462  6.1%
                       2-Bedroom     $144,356    $577  4.8%
Patision - Acharnon    0-Studio       $57,742    $385  8.0%
                       1-Bedroom      $91,425    $505  6.6%
                       2-Bedroom     $125,108    $577  5.5%
                       3-Bedroom     $146,762    $722  5.9%
                       4+Bedroom     $240,593    $866  4.3%",4.208861651932327,"                                 Price    Rent Yield
Neighbor          Apartments                        
City Center       1-Bedroom   $141,559    $550  4.7%
                  3-Bedroom   $311,430  $1,005  3.9%
Outside of Center 1-Bedroom   $135,800    $514  4.5%
                  3-Bedroom   $298,760    $948  3.8%","Athens, Greece",37.9839412,23.7283052
Greece,Heraklion,5.32946001367054,"                                         Price  Rent Yield
Neighbor                  Apartments                      
Heraklion (all locations) 0-Studio     $74,103  $366  5.9%
                          1-Bedroom   $115,485  $577  6.0%
                          2-Bedroom   $182,851  $722  4.7%
                          3-Bedroom   $255,028  $866  4.1%",,,"Heraklion, Greece",35.33908,25.1332843
Greece,Kavala,4.941176470588235,"                                      Price  Rent Yield
Neighbor               Apartments                      
Kavala (all locations) 0-Studio     $55,336  $289  6.3%
                       1-Bedroom    $81,802  $337  4.9%
                       2-Bedroom   $144,356  $433  3.6%",,,"Kavala, Greece",40.9369224,24.4122766
Greece,Larissa,,,3.255846366581636,"                                 Price  Rent Yield
Neighbor          Apartments                      
City Center       1-Bedroom   $100,070  $298  3.6%
                  3-Bedroom   $220,155  $544  3.0%
Outside of Center 1-Bedroom    $91,055  $246  3.2%
                  3-Bedroom   $200,321  $546  3.3%","Larissa, Greece",39.6383092,22.4160706
Greece,Patra,6.6000000000000005,"                                     Price  Rent Yield
Neighbor              Apartments                      
Patra (all locations) 0-Studio     $52,930  $337  7.6%
                      1-Bedroom    $72,178  $433  7.2%
                      2-Bedroom   $115,485  $577  6.0%
                      3-Bedroom   $131,845  $577  5.3%",,,"Patra, Greece",38.246242,21.7350847
Greece,Thessaloniki,4.954128440366973,"                                                 Price    Rent Yield
Neighbor                          Apartments                        
Analipsi - Mpotsari - Nea Paralia 0-Studio     $93,831    $404  5.2%
                                  1-Bedroom   $129,920    $529  4.9%
                                  2-Bedroom   $216,534    $626  3.5%
                                  3-Bedroom   $298,335    $722  2.9%
Ano Poli                          0-Studio     $67,366    $337  6.0%
                                  1-Bedroom   $104,898    $433  5.0%
                                  2-Bedroom   $163,603    $577  4.2%
Center                            0-Studio     $93,350    $433  5.6%
                                  1-Bedroom   $134,732    $529  4.7%
                                  2-Bedroom   $233,375    $674  3.5%
                                  3-Bedroom   $351,265  $1,444  4.9%
Charilaou                         0-Studio     $81,802    $423  6.2%
                                  1-Bedroom   $125,108    $529  5.1%
                                  2-Bedroom   $181,407    $529  3.5%
Faliro - Ippokratio               0-Studio     $91,425    $385  5.1%
                                  1-Bedroom   $129,920    $481  4.4%
                                  2-Bedroom   $162,641    $577  4.3%
                                  3-Bedroom   $243,480    $962  4.7%
Toumpa                            0-Studio    $110,673    $366  4.0%
                                  1-Bedroom   $133,770    $481  4.3%
                                  2-Bedroom   $274,276    $577  2.5%
Vardaris - Lahanokipi             0-Studio     $66,404    $371  6.7%
                                  1-Bedroom    $86,613    $414  5.7%
                                  2-Bedroom    $92,388    $428  5.6%
Voulgari - Ntepo - Martiou        0-Studio     $90,463    $404  5.4%
                                  1-Bedroom   $134,732    $529  4.7%
                                  2-Bedroom   $221,345    $664  3.6%",4.244451244710773,"                                 Price  Rent Yield
Neighbor          Apartments                      
City Center       1-Bedroom   $128,592  $488  4.6%
                  3-Bedroom   $282,901  $825  3.5%
Outside of Center 1-Bedroom    $89,576  $394  5.3%
                  3-Bedroom   $197,068  $646  3.9%","Thessaloniki, Greece",40.6403167,22.9352716
Greece,Volos,5.3608656805321155,"                                     Price  Rent Yield
Neighbor              Apartments                      
Volos (all locations) 0-Studio     $67,366  $385  6.9%
                      1-Bedroom    $96,940  $433  5.4%
                      2-Bedroom   $130,882  $481  4.4%",,,"Volos, Greece",39.3624833,22.9401864
Guatemala,Guatemala City,,,7.72299536963464,"                                 Price    Rent Yield
Neighbor          Apartments                        
City Center       1-Bedroom    $81,993    $564  8.3%
                  3-Bedroom   $180,385  $1,004  6.7%
Outside of Center 1-Bedroom    $48,898    $400  9.8%
                  3-Bedroom   $107,576    $644  7.2%","Guatemala City, Guatemala",14.6222328,-90.5185188
Hong Kong,Hong Kong,2.9475676467955383,"                                                  Price    Rent Yield
Neighbor                         Apartments                          
City Center                      0-Studio      $622,934  $1,503  2.9%
                                 1-Bedroom     $876,439  $2,229  3.1%
                                 2-Bedroom   $1,271,346  $2,484  2.3%
                                 3-Bedroom   $1,974,535  $4,650  2.8%
Hong Kong Island (all locations) 0-Studio      $686,629  $1,847  3.2%
                                 1-Bedroom     $852,235  $2,229  3.1%
                                 2-Bedroom   $1,016,567  $2,497  2.9%
                                 3-Bedroom   $1,566,889  $3,631  2.8%
                                 4+Bedroom   $3,414,034  $7,389  2.6%",1.6982573188295282,"                                   Price    Rent Yield
Neighbor          Apartments                          
City Center       1-Bedroom   $1,519,409  $2,250  1.8%
                  3-Bedroom   $3,342,700  $4,511  1.6%
Outside of Center 1-Bedroom   $1,009,160  $1,635  1.9%
                  3-Bedroom   $2,220,152  $2,918  1.6%","Hong Kong, Hong Kong",22.2793278,114.1628131
Hong Kong,Kowloon,2.5685095886788676,"                                 Price    Rent Yield
Neighbor        Apartments                          
Cheung Sha Wan  0-Studio      $482,806  $1,567  3.9%
                1-Bedroom     $611,469  $1,631  3.2%
                2-Bedroom     $698,094  $2,166  3.7%
                3-Bedroom   $1,309,562  $3,140  2.9%
Ho Man Tin      0-Studio      $749,049  $1,529  2.4%
                1-Bedroom     $889,178  $1,975  2.7%
                2-Bedroom   $1,322,301  $2,866  2.6%
                3-Bedroom   $2,017,847  $4,688  2.8%
                4+Bedroom   $4,426,780  $7,006  1.9%
Hung Hom        0-Studio      $509,557  $1,465  3.5%
                1-Bedroom     $749,049  $1,911  3.1%
                2-Bedroom     $721,661  $2,293  3.8%
                3-Bedroom   $1,337,588  $2,994  2.7%
                4+Bedroom   $2,522,309  $4,943  2.4%
Kowloon Station 1-Bedroom   $1,719,756  $2,981  2.1%
                2-Bedroom   $2,675,176  $4,045  1.8%
                3-Bedroom   $3,286,645  $5,096  1.9%
                4+Bedroom   $7,758,011  $7,822  1.2%
Lai Chi Kok     2-Bedroom   $1,028,669  $2,166  2.5%
                3-Bedroom   $1,335,040  $2,904  2.6%
Olympic         1-Bedroom   $1,388,544  $2,535  2.2%
                2-Bedroom   $1,273,893  $2,548  2.4%
                3-Bedroom   $2,140,141  $4,076  2.3%
                4+Bedroom   $3,949,070  $7,070  2.1%
Sham Shui Po    0-Studio      $456,054  $1,783  4.7%
                1-Bedroom     $825,483  $2,140  3.1%
                2-Bedroom     $700,641  $2,140  3.7%
                3-Bedroom   $1,337,588  $3,032  2.7%
                4+Bedroom   $4,433,149  $6,752  1.8%
Tai Kok Tsui    0-Studio      $604,845  $1,720  3.4%
                1-Bedroom     $713,380  $1,847  3.1%
                2-Bedroom     $847,139  $1,885  2.7%
                3-Bedroom   $1,070,070  $2,471  2.8%
                4+Bedroom   $1,566,889  $3,312  2.5%
To Kwa Wan      0-Studio      $581,532  $1,611  3.3%
                1-Bedroom     $761,788  $1,838  2.9%
                2-Bedroom     $787,266  $1,949  3.0%
                3-Bedroom   $1,184,084  $2,548  2.6%
                4+Bedroom   $1,719,756  $3,312  2.3%",,,"Kowloon, Hong Kong",22.3116452,114.1767885
Hong Kong,New Territories,2.759433618544487,"                                           Price    Rent Yield
Neighbor                  Apartments                          
Fotan                     1-Bedroom   $1,286,632  $1,885  1.8%
                          2-Bedroom     $876,439  $2,140  2.9%
                          3-Bedroom   $1,640,775  $3,796  2.8%
                          4+Bedroom   $3,821,680  $5,924  1.9%
Hung Shui Kiu             2-Bedroom     $738,858  $1,631  2.6%
                          3-Bedroom     $945,866  $2,102  2.7%
                          4+Bedroom   $2,108,294  $2,395  1.4%
Ma On Shan                0-Studio      $484,079  $1,401  3.5%
                          1-Bedroom     $891,725  $1,879  2.5%
                          2-Bedroom     $968,159  $2,166  2.7%
                          3-Bedroom   $1,299,371  $2,930  2.7%
                          4+Bedroom   $3,375,818  $4,140  1.5%
ShaTin                    0-Studio      $528,666  $1,592  3.6%
                          1-Bedroom     $600,641  $1,656  3.3%
                          2-Bedroom     $737,584  $1,911  3.1%
                          3-Bedroom   $1,248,416  $3,185  3.1%
                          4+Bedroom   $4,201,300  $9,045  2.6%
Tai Po                    0-Studio      $585,991  $1,465  3.0%
                          1-Bedroom     $782,171  $1,847  2.8%
                          2-Bedroom     $913,636  $2,038  2.7%
                          3-Bedroom   $1,477,716  $3,414  2.8%
                          4+Bedroom   $2,802,565  $6,293  2.7%
Tai Wai                   0-Studio      $554,144  $1,631  3.5%
                          1-Bedroom     $585,991  $1,720  3.5%
                          2-Bedroom     $698,094  $1,783  3.1%
                          3-Bedroom   $1,528,672  $3,185  2.5%
                          4+Bedroom   $2,277,721  $4,076  2.1%
Tai Wo                    2-Bedroom     $721,660  $1,752  2.9%
                          3-Bedroom   $1,222,938  $3,344  3.3%
Tseung Kwan               1-Bedroom     $891,725  $2,070  2.8%
                          2-Bedroom     $917,203  $2,038  2.7%
                          3-Bedroom   $1,230,581  $2,803  2.7%
                          4+Bedroom   $2,038,229  $4,955  2.9%
Tuen Mun                  0-Studio      $476,436  $1,045  2.6%
                          1-Bedroom     $571,978  $1,376  2.9%
                          2-Bedroom     $617,838  $1,529  3.0%
                          3-Bedroom     $828,031  $1,720  2.5%
Tuen Mun Castle Peak Road 0-Studio      $540,131  $1,083  2.4%
                          1-Bedroom     $697,457  $1,401  2.4%
                          2-Bedroom     $789,814  $1,758  2.7%
                          3-Bedroom   $1,031,854  $2,930  3.4%
                          4+Bedroom   $1,464,977  $3,567  2.9%
Yuen Long                 0-Studio      $503,188  $1,217  2.9%
                          1-Bedroom     $705,482  $1,376  2.3%
                          2-Bedroom     $812,744  $1,656  2.4%
                          3-Bedroom   $1,168,670  $2,420  2.5%
                          4+Bedroom   $1,870,076  $3,822  2.5%",,,"New Territories, Hong Kong",22.4300716,114.0724197
Hong Kong,Outlying Islands,2.4792409136516773,"                                                  Price    Rent Yield
Neighbor                         Apartments                          
City Center                      1-Bedroom     $611,468  $1,847  3.6%
                                 2-Bedroom     $866,248  $2,293  3.2%
                                 3-Bedroom   $1,464,977  $3,185  2.6%
Outlying Islands (all locations) 1-Bedroom     $707,010  $1,656  2.8%
                                 2-Bedroom     $876,349  $1,847  2.5%
                                 3-Bedroom   $1,258,607  $2,548  2.4%
                                 4+Bedroom   $2,191,097  $3,981  2.2%",,,"Outlying Islands, Hong Kong",22.17225,113.900583
Hungary,Budapest,5.0620051998982705,"                                                Price    Rent Yield
Neighbor                         Apartments                        
District III (Óbuda-Békásmegyer) 1-Bedroom    $98,405    $373  4.6%
                                 2-Bedroom   $110,861    $497  5.4%
                                 3-Bedroom   $146,960    $872  7.1%
                                 4+Bedroom   $394,742  $1,121  3.4%
District IX (Ferencváros)        1-Bedroom    $97,160    $373  4.6%
                                 2-Bedroom   $129,297    $548  5.1%
                                 3-Bedroom   $186,845    $785  5.0%
                                 4+Bedroom   $235,425  $1,062  5.4%
District VI (Terézváros)         1-Bedroom   $104,609    $418  4.8%
                                 2-Bedroom   $148,716    $597  4.8%
                                 3-Bedroom   $211,509  $1,192  6.8%
                                 4+Bedroom   $274,040  $1,495  6.5%
District VII (Erzsébetváros)     1-Bedroom    $86,945    $373  5.2%
                                 2-Bedroom   $131,788    $524  4.8%
                                 3-Bedroom   $174,140    $805  5.5%
                                 4+Bedroom   $244,144  $1,121  5.5%
District VIII (Józsefváros)      1-Bedroom    $81,962    $348  5.1%
                                 2-Bedroom   $114,349    $524  5.5%
                                 3-Bedroom   $149,476    $797  6.4%
                                 4+Bedroom   $199,276  $1,076  6.5%
District XI (Újbuda)             1-Bedroom   $119,332    $361  3.6%
                                 2-Bedroom   $149,227    $499  4.0%
                                 3-Bedroom   $211,509    $897  5.1%
                                 4+Bedroom   $398,603  $1,491  4.5%
District XIII (Hegyvidék)        1-Bedroom    $97,917    $373  4.6%
                                 2-Bedroom   $149,227    $548  4.4%
                                 3-Bedroom   $211,260    $872  5.0%
                                 4+Bedroom   $281,389  $1,371  5.8%
District XIV (Zugló)             1-Bedroom    $84,704    $348  4.9%
                                 2-Bedroom   $111,858    $449  4.8%
                                 3-Bedroom   $171,648    $611  4.3%
                                 4+Bedroom   $236,671    $872  4.4%",3.2684786740540925,"                                 Price    Rent Yield
Neighbor          Apartments                        
City Center       1-Bedroom   $200,781    $579  3.5%
                  3-Bedroom   $441,718  $1,062  2.9%
Outside of Center 1-Bedroom   $132,436    $452  4.1%
                  3-Bedroom   $291,360    $747  3.1%","Budapest, Hungary",47.48138955,19.14609412691246
Hungary,Debrecen,4.893445005217516,"                                        Price  Rent Yield
Neighbor                 Apartments                      
Debrecen (all locations) 1-Bedroom    $80,993  $348  5.2%
                         2-Bedroom    $96,910  $373  4.6%
                         3-Bedroom   $123,318  $499  4.9%
                         4+Bedroom   $181,614  $747  4.9%",3.1787999013811796,"                                 Price  Rent Yield
Neighbor          Apartments                      
City Center       1-Bedroom   $124,677  $406  3.9%
                  3-Bedroom   $274,289  $633  2.8%
Outside of Center 1-Bedroom    $98,622  $295  3.6%
                  3-Bedroom   $216,970  $471  2.6%","Debrecen, Hungary",47.531399,21.6259782
Hungary,Kecskemét,4.327118751623448,"                                         Price  Rent Yield
Neighbor                  Apartments                      
Kecskemét (all locations) 1-Bedroom    $55,929  $224  4.8%
                          2-Bedroom    $79,471  $299  4.5%
                          3-Bedroom   $112,182  $386  4.1%
                          4+Bedroom   $161,683  $499  3.7%",,,"Kecskemét, Hungary",46.9080791,19.6928069
Hungary,Nyíregyháza,4.826286747078018,"                                          Price  Rent Yield
Neighbor                    Apartments                     
Nyíregyháza (all locations) 1-Bedroom   $60,538  $249  4.9%
                            2-Bedroom   $69,880  $274  4.7%
                            3-Bedroom   $87,069  $336  4.6%
                            4+Bedroom   $94,669  $398  5.1%",,,"Nyíregyháza, Hungary",47.9557802,21.7167982
Hungary,Pécs,5.219912329370413,"                                    Price  Rent Yield
Neighbor             Apartments                      
Pécs (all locations) 1-Bedroom    $66,741  $274  4.9%
                     2-Bedroom    $74,489  $324  5.2%
                     3-Bedroom   $106,875  $548  6.1%
                     4+Bedroom   $171,897  $747  5.2%",,,"Pécs, Hungary",46.0765092,18.2280317
Iceland,Reykjavik,4.706383756626903,"                                         Price    Rent Yield
Neighbor                  Apartments                        
Reykjavík (all locations) 0-Studio    $302,077  $1,057  4.2%
                          1-Bedroom   $414,739  $1,760  5.1%
                          2-Bedroom   $523,881  $1,900  4.4%
                          3+Bedroom   $534,443  $2,254  5.1%",5.662327221022008,"                                 Price    Rent Yield
Neighbor          Apartments                        
City Center       1-Bedroom   $298,434  $1,592  6.4%
                  3-Bedroom   $656,555  $2,358  4.3%
Outside of Center 1-Bedroom   $216,960  $1,385  7.7%
                  3-Bedroom   $477,313  $1,958  4.9%","Reykjavik, Iceland",64.145981,-21.9422367
India,Ahmedabad,4.525069102491351,"                                         Price  Rent Yield
Neighbor                  Apartments                      
Ahmedabad (all locations) 0-Studio     $16,996   $97  6.8%
                          1-Bedroom    $30,350  $140  5.5%
                          2-Bedroom    $54,629  $206  4.5%
                          3-Bedroom    $97,119  $304  3.8%
                          4+Bedroom   $285,286  $728  3.1%",6.377231236427196,"                                 Price  Rent  Yield
Neighbor          Apartments                       
City Center       1-Bedroom    $48,446  $589  14.6%
                  3-Bedroom   $106,580  $391   4.4%
Outside of Center 3-Bedroom    $50,975  $271   6.4%","Ahmedabad, India",23.0216238,72.5797068
India,Bangalore,4.830631367930166,"                                 Price    Rent Yield
Neighbor          Apartments                        
Bangalore Central 1-Bedroom    $26,683    $182  8.2%
                  2-Bedroom    $90,709    $388  5.1%
                  3-Bedroom   $291,356    $832  3.4%
                  4+Bedroom   $643,411  $2,428  4.5%
Bangalore East    0-Studio     $39,831    $134  4.0%
                  1-Bedroom    $53,974    $182  4.0%
                  2-Bedroom    $80,123    $316  4.7%
                  3-Bedroom   $117,453    $583  6.0%
                  4+Bedroom   $254,936    $971  4.6%
Bangalore North   0-Studio     $36,419    $134  4.4%
                  1-Bedroom    $54,629    $182  4.0%
                  2-Bedroom    $83,765    $291  4.2%
                  3-Bedroom   $151,748    $486  3.8%
                  4+Bedroom   $424,894  $1,457  4.1%
Bangalore South   0-Studio     $33,992    $109  3.8%
                  1-Bedroom    $43,703    $147  4.0%
                  2-Bedroom    $68,104    $291  5.1%
                  3-Bedroom   $120,178    $486  4.9%
                  4+Bedroom   $449,174    $941  2.5%
Bangalore West    0-Studio     $54,629    $155  3.4%
                  1-Bedroom    $56,450    $134  2.8%
                  2-Bedroom    $94,691    $270  3.4%
                  3-Bedroom   $206,377    $425  2.5%
                  4+Bedroom   $437,034  $1,942  5.3%",4.4813331759266735,"                                 Price  Rent Yield
Neighbor          Apartments                      
City Center       1-Bedroom    $88,115  $265  3.6%
                  3-Bedroom   $193,853  $705  4.4%
Outside of Center 1-Bedroom    $41,069  $157  4.6%
                  3-Bedroom    $90,352  $412  5.5%","Bangalore, India",12.9767936,77.590082
India,Bhubaneswar,,,3.65468791695665,"                                 Price  Rent Yield
Neighbor          Apartments                      
City Center       1-Bedroom    $51,207  $148  3.5%
                  3-Bedroom   $112,654  $302  3.2%
Outside of Center 1-Bedroom    $27,885  $104  4.5%
                  3-Bedroom    $61,346  $196  3.8%","Bhubaneswar, India",20.2602964,85.8394521
India,Chandigarh,,,3.956318932167826,"                                 Price  Rent Yield
Neighbor          Apartments                      
City Center       1-Bedroom    $68,461  $156  2.7%
                  3-Bedroom   $150,614  $435  3.5%
Outside of Center 1-Bedroom    $29,294  $109  4.5%
                  3-Bedroom    $64,448  $264  4.9%","Chandigarh, India",30.72984395,76.78414567016054
India,Chennai,4.9175956050989384,"                                       Price    Rent Yield
Neighbor                Apartments                        
Chennai (all locations) 0-Studio     $21,852    $106  5.8%
                        1-Bedroom    $36,298    $158  5.2%
                        2-Bedroom    $66,769    $225  4.0%
                        3-Bedroom   $112,494    $461  4.9%
                        4+Bedroom   $303,496  $1,093  4.3%",3.1730066137854425,"                                 Price  Rent Yield
Neighbor          Apartments                      
City Center       1-Bedroom    $92,319  $181  2.3%
                  3-Bedroom   $203,102  $437  2.6%
Outside of Center 1-Bedroom    $34,773  $109  3.8%
                  3-Bedroom    $76,501  $256  4.0%","Chennai, India",13.0836939,80.270186
India,Coimbatore,,,4.067615171634601,"                                Price  Rent Yield
Neighbor          Apartments                     
City Center       1-Bedroom   $40,274  $148  4.4%
                  3-Bedroom   $88,602  $296  4.0%
Outside of Center 1-Bedroom   $24,853   $86  4.1%
                  3-Bedroom   $54,677  $179  3.9%","Coimbatore, India",11.0018115,76.9628425
India,Delhi,2.5712899577341752,"                               Price    Rent  Yield
Neighbor      Apartments                           
Delhi Central 0-Studio       $26,652    $188   8.5%
              1-Bedroom      $26,652    $188   8.5%
              2-Bedroom      $93,888    $267   3.4%
              3-Bedroom     $302,865    $546   2.2%
              4+Bedroom   $1,150,887  $1,008   1.1%
Delhi East    1-Bedroom      $55,248    $152   3.3%
              2-Bedroom     $103,211    $243   2.8%
              3-Bedroom     $176,067    $340   2.3%
              4+Bedroom     $403,132    $516   1.5%
Delhi South   0-Studio       $16,996    $146  10.3%
              1-Bedroom      $20,826    $146   8.4%
              2-Bedroom      $48,560    $255   6.3%
              3-Bedroom     $133,565    $546   4.9%
              4+Bedroom     $849,977  $1,639   2.3%
North Delhi   0-Studio       $36,428    $121   4.0%
              1-Bedroom      $23,145    $146   7.6%
              2-Bedroom      $37,555    $219   7.0%
              3-Bedroom      $70,427    $328   5.6%
West Delhi    0-Studio       $19,428    $129   8.0%
              1-Bedroom      $20,642    $134   7.8%
              2-Bedroom      $32,785    $243   8.9%
              3-Bedroom      $54,641    $328   7.2%
              4+Bedroom      $97,140  $1,032  12.7%",3.0449773395300346,"                                 Price  Rent Yield
Neighbor          Apartments                      
City Center       1-Bedroom   $121,620  $235  2.3%
                  3-Bedroom   $267,565  $597  2.7%
Outside of Center 1-Bedroom    $50,801  $144  3.4%
                  3-Bedroom   $111,762  $335  3.6%","Delhi, India",28.6517178,77.2219388
India,Gurgaon,,,4.086778368812413,"                                 Price  Rent Yield
Neighbor          Apartments                      
City Center       1-Bedroom    $88,056  $253  3.4%
                  3-Bedroom   $193,724  $656  4.1%
Outside of Center 1-Bedroom    $44,904  $154  4.1%
                  3-Bedroom    $98,788  $392  4.8%","Gurgaon, India",28.4646148,77.0299194
India,Guwahati,,,3.6188702780071567,"                                Price  Rent Yield
Neighbor          Apartments                     
City Center       1-Bedroom   $41,959  $123  3.5%
                  3-Bedroom   $92,310  $295  3.8%
Outside of Center 1-Bedroom   $32,956  $102  3.7%
                  3-Bedroom   $72,503  $181  3.0%","Guwahati, India",26.1805978,91.753943
India,Hyderabad,6.244293295457021,"                          Price    Rent  Yield
Neighbor   Apartments                         
Bachupally 2-Bedroom    $72,463    $219   3.6%
           3-Bedroom   $103,189    $182   2.1%
Gachibowli 1-Bedroom    $35,254    $146   5.0%
           2-Bedroom    $85,586    $291   4.1%
           3-Bedroom   $151,748    $546   4.3%
           4+Bedroom   $494,091    $910   2.2%
Kondapur   0-Studio     $38,847    $121   3.7%
           1-Bedroom    $38,847    $146   4.5%
           2-Bedroom    $96,026    $243   3.0%
           3-Bedroom   $157,818    $340   2.6%
           4+Bedroom   $345,985    $546   1.9%
Kukatpally 1-Bedroom    $31,564    $115   4.4%
           2-Bedroom    $87,406    $255   3.5%
           3-Bedroom   $131,110    $516   4.7%
           4+Bedroom   $175,421    $850   5.8%
Miyapur    2-Bedroom    $69,925    $170   2.9%
           3-Bedroom   $108,791    $291   3.2%
Tellapur   3-Bedroom   $121,398  $1,093  10.8%
           4+Bedroom   $475,881    $668   1.7%",4.1985242810858745,"                                 Price  Rent Yield
Neighbor          Apartments                      
City Center       1-Bedroom    $57,983  $182  3.8%
                  3-Bedroom   $127,563  $446  4.2%
Outside of Center 1-Bedroom    $32,824  $115  4.2%
                  3-Bedroom    $72,213  $282  4.7%","Hyderabad, India",17.360589,78.4740613
India,Indore,,,3.3182724581786616,"                                 Price  Rent Yield
Neighbor          Apartments                      
City Center       1-Bedroom    $49,691  $120  2.9%
                  3-Bedroom   $109,320  $290  3.2%
Outside of Center 1-Bedroom    $27,008   $78  3.5%
                  3-Bedroom    $59,418  $173  3.5%","Indore, India",22.7203616,75.8681996
India,Jaipur,,,3.2624713462948054,"                                 Price  Rent Yield
Neighbor          Apartments                      
City Center       1-Bedroom    $81,110  $152  2.2%
                  3-Bedroom   $178,442  $389  2.6%
Outside of Center 1-Bedroom    $29,924   $97  3.9%
                  3-Bedroom    $65,832  $229  4.2%","Jaipur, India",26.9154576,75.8189817
India,Kochi,,,2.7099791006887552,"                                 Price  Rent Yield
Neighbor          Apartments                      
City Center       1-Bedroom    $80,583  $178  2.6%
                  3-Bedroom   $177,283  $360  2.4%
Outside of Center 1-Bedroom    $43,592  $118  3.2%
                  3-Bedroom    $95,902  $222  2.8%","Kochi, India",9.9674277,76.2454436
India,Kolkata,6.3052100438359595,"                               Price    Rent Yield
Neighbor        Apartments                        
Kolkata Central 1-Bedroom    $20,195     $85  5.1%
                2-Bedroom    $37,670    $304  9.7%
                3-Bedroom    $71,273    $449  7.6%
                4+Bedroom   $274,360    $607  2.7%
Kolkata East    0-Studio     $25,494     $73  3.4%
                1-Bedroom    $26,101     $97  4.5%
                2-Bedroom    $58,271    $219  4.5%
                3-Bedroom    $90,442    $328  4.4%
                4+Bedroom   $218,517    $668  3.7%
Kolkata North   0-Studio     $15,782     $61  4.6%
                1-Bedroom    $20,990     $85  4.9%
                2-Bedroom    $40,061    $134  4.0%
                3-Bedroom    $69,513    $206  3.6%
                4+Bedroom   $173,600    $461  3.2%
Kolkata South   0-Studio     $12,079     $73  7.3%
                1-Bedroom    $19,423     $97  6.0%
                2-Bedroom    $44,468    $182  4.9%
                3-Bedroom    $82,599    $328  4.8%
                4+Bedroom   $332,631  $1,214  4.4%
Kolkata West    1-Bedroom    $18,100     $97  6.4%
                2-Bedroom    $29,111    $118  4.9%
                3-Bedroom    $48,559    $243  6.0%",3.6278314627381887,"                                 Price  Rent Yield
Neighbor          Apartments                      
City Center       1-Bedroom    $57,912  $146  3.0%
                  3-Bedroom   $127,408  $392  3.7%
Outside of Center 1-Bedroom    $29,184   $87  3.6%
                  3-Bedroom    $64,205  $230  4.3%","Kolkata, India",22.5726459,88.3638953
India,Lucknow (Lakhnau),,,3.1696228565122815,"                                 Price  Rent Yield
Neighbor          Apartments                      
City Center       1-Bedroom    $55,852  $119  2.5%
                  3-Bedroom   $122,876  $294  2.9%
Outside of Center 1-Bedroom    $25,991   $75  3.5%
                  3-Bedroom    $57,180  $171  3.6%","Lucknow (Lakhnau), India",26.8381,80.9346001
India,Ludhiana,,,1.8810326354980922,"                                 Price  Rent Yield
Neighbor          Apartments                      
City Center       1-Bedroom    $87,604  $125  1.7%
                  3-Bedroom   $192,728  $316  2.0%
Outside of Center 1-Bedroom    $59,574   $89  1.8%
                  3-Bedroom   $131,064  $242  2.2%","Ludhiana, India",30.9090157,75.851601
India,Mumbai,3.1389844685664317,"                                    Price    Rent Yield
Neighbor           Apartments                          
Andheri to Dahisar 0-Studio       $64,338    $158  2.9%
                   1-Bedroom     $111,680    $303  3.3%
                   2-Bedroom     $206,366    $546  3.2%
                   3-Bedroom     $339,896    $850  3.0%
                   4+Bedroom     $631,236  $1,821  3.5%
Central Mumbai     0-Studio       $67,979    $182  3.2%
                   1-Bedroom     $112,894    $328  3.5%
                   2-Bedroom     $200,296    $571  3.4%
                   3-Bedroom     $333,827    $917  3.3%
                   4+Bedroom     $656,122  $2,549  4.7%
Mumbai Harbour     0-Studio       $35,204     $85  2.9%
                   1-Bedroom     $126,247    $388  3.7%
                   2-Bedroom     $231,858    $631  3.3%
                   3-Bedroom     $394,523    $947  2.9%
                   4+Bedroom     $746,588  $1,517  2.4%
Navi Mumbai        0-Studio       $32,776    $103  3.8%
                   1-Bedroom      $58,134    $182  3.8%
                   2-Bedroom     $115,322    $322  3.4%
                   3-Bedroom     $212,435    $510  2.9%
                   4+Bedroom     $364,175    $789  2.6%
South Mumbai       0-Studio      $103,183    $303  3.5%
                   1-Bedroom     $182,087    $437  2.9%
                   2-Bedroom     $449,149  $1,080  2.9%
                   3-Bedroom     $789,045  $2,064  3.1%
                   4+Bedroom   $1,365,656  $4,552  4.0%
Thane              0-Studio       $33,868    $176  6.2%
                   1-Bedroom      $72,835    $176  2.9%
                   2-Bedroom     $139,600    $310  2.7%
                   3-Bedroom     $236,714    $486  2.5%
                   4+Bedroom     $546,262    $910  2.0%",2.682265893165086,"                                 Price    Rent Yield
Neighbor          Apartments                        
City Center       1-Bedroom   $299,550    $539  2.2%
                  3-Bedroom   $659,011  $1,456  2.7%
Outside of Center 1-Bedroom   $138,773    $314  2.7%
                  3-Bedroom   $305,301    $798  3.1%","Mumbai, India",19.0785451,72.878176
India,Noida,,,4.352346544632474,"                                 Price  Rent Yield
Neighbor          Apartments                      
City Center       1-Bedroom    $49,942  $174  4.2%
                  3-Bedroom   $109,874  $363  4.0%
Outside of Center 1-Bedroom    $27,122  $127  5.6%
                  3-Bedroom    $59,668  $225  4.5%","Noida, India",28.5706333,77.3272147
India,Pune,3.579941423612529,"                         Price    Rent Yield
Neighbor  Apartments                        
Baner     1-Bedroom    $54,065    $219  4.9%
          2-Bedroom   $103,189    $300  3.5%
          3-Bedroom   $169,958    $486  3.4%
          4+Bedroom   $321,705  $1,609  6.0%
Hadapsur  0-Studio     $43,703    $188  5.2%
          1-Bedroom    $42,489    $182  5.1%
          2-Bedroom    $95,565    $304  3.8%
          3-Bedroom   $145,678    $425  3.5%
          4+Bedroom   $364,195    $643  2.1%
Hinjewadi 1-Bedroom    $47,673    $195  4.9%
          2-Bedroom    $75,376    $243  3.9%
          3-Bedroom   $111,686    $340  3.7%
          4+Bedroom   $204,556    $546  3.2%
Kharadi   0-Studio     $34,599     $97  3.4%
          1-Bedroom    $60,396    $182  3.6%
          2-Bedroom    $93,938    $364  4.6%
          3-Bedroom   $128,075    $546  5.1%
          4+Bedroom   $337,487    $910  3.2%
Ravet     1-Bedroom    $43,703    $134  3.7%
          2-Bedroom    $64,341    $194  3.6%
          3-Bedroom    $89,968    $243  3.2%
Undri     1-Bedroom    $36,723    $109  3.6%
          2-Bedroom    $60,699    $182  3.6%
          3-Bedroom   $100,676    $340  4.1%
          4+Bedroom   $261,006    $510  2.3%
Wagholi   1-Bedroom    $37,633    $109  3.5%
          2-Bedroom    $54,629    $170  3.7%
          3-Bedroom    $92,263    $267  3.5%
          4+Bedroom   $155,390    $352  2.7%",3.4185111530814667,"                                 Price  Rent Yield
Neighbor          Apartments                      
City Center       1-Bedroom    $85,343  $225  3.2%
                  3-Bedroom   $187,755  $503  3.2%
Outside of Center 1-Bedroom    $46,435  $143  3.7%
                  3-Bedroom   $102,157  $308  3.6%","Pune, India",18.521428,73.8544541
India,Surat,,,12.936919591228024,"                                Price  Rent  Yield
Neighbor          Apartments                      
City Center       1-Bedroom   $33,119  $355  12.9%
                  3-Bedroom   $72,862  $603   9.9%
Outside of Center 1-Bedroom   $23,650  $403  20.5%
                  3-Bedroom   $52,031  $564  13.0%","Surat, India",21.2094892,72.8317058
India,Thane,,,2.418806053101432,"                                 Price  Rent Yield
Neighbor          Apartments                      
City Center       1-Bedroom   $146,722  $293  2.4%
                  3-Bedroom   $322,787  $604  2.2%
Outside of Center 1-Bedroom    $95,667  $215  2.7%
                  3-Bedroom   $210,467  $429  2.4%","Thane, India",19.1943294,72.9701779
India,Visakhapatnam,,,6.373897257054624,"                                 Price  Rent Yield
Neighbor          Apartments                      
City Center       1-Bedroom    $48,847  $292  7.2%
                  3-Bedroom   $107,463  $418  4.7%
Outside of Center 1-Bedroom    $26,338  $214  9.7%
                  3-Bedroom    $57,945  $269  5.6%","Visakhapatnam, India",17.7231276,83.3012842
Indonesia,Bandung,8.57587010968132,"                                       Price  Rent Yield
Neighbor                Apartments                      
Bandung (all locations) 0-Studio     $31,429  $198  7.6%
                        1-Bedroom    $33,083  $254  9.2%
                        2-Bedroom    $46,316  $331  8.6%
                        3-Bedroom    $95,941  $689  8.6%
                        4+Bedroom   $211,731  $717  4.1%",5.065665091342886,"                                 Price  Rent Yield
Neighbor          Apartments                      
City Center       1-Bedroom    $58,705  $247  5.1%
                  3-Bedroom   $129,152  $407  3.8%
Outside of Center 1-Bedroom    $29,850  $143  5.8%
                  3-Bedroom    $65,669  $278  5.1%","Bandung, Indonesia",-6.9215529,107.6110212
Indonesia,Depok,3.5206258890469417,"                                    Price Rent Yield
Neighbor              Apartments                    
Depok (all locations) 0-Studio    $22,496  $66  3.5%
                      1-Bedroom   $26,334  $83  3.8%
                      2-Bedroom   $39,700  $83  2.5%",,,"Depok, Indonesia",-6.40719,106.8158371
Indonesia,Jakarta,2.9226428602485575,"                               Price    Rent  Yield
Neighbor        Apartments                         
Central Jakarta 0-Studio     $62,858    $121   2.3%
                1-Bedroom    $69,474    $110   1.9%
                2-Bedroom    $86,016    $165   2.3%
                3-Bedroom   $198,498    $248   1.5%
                4+Bedroom   $317,597    $717   2.7%
East Jakarta    0-Studio     $34,406     $83   2.9%
                1-Bedroom    $41,685     $94   2.7%
                2-Bedroom    $39,045     $96   3.0%
                3-Bedroom    $51,609    $210   4.9%
North Jakarta   0-Studio     $21,506    $138   7.7%
                1-Bedroom    $59,555    $248   5.0%
                2-Bedroom    $39,703    $210   6.3%
                3-Bedroom   $165,415    $551   4.0%
                4+Bedroom   $221,656    $827   4.5%
South Jakarta   0-Studio     $66,172    $596  10.8%
                1-Bedroom   $132,344  $1,191  10.8%
                2-Bedroom   $224,985  $1,575   8.4%
                3-Bedroom   $363,947  $2,316   7.6%
                4+Bedroom   $853,621  $4,764   6.7%
West Jakarta    0-Studio     $39,703    $193   5.8%
                1-Bedroom    $58,983    $292   5.9%
                2-Bedroom    $76,098    $331   5.2%
                3-Bedroom   $185,282    $662   4.3%
                4+Bedroom   $324,884    $744   2.7%",5.050820787482981,"                                 Price    Rent Yield
Neighbor          Apartments                        
City Center       1-Bedroom   $136,064    $482  4.2%
                  3-Bedroom   $299,341  $1,267  5.1%
Outside of Center 1-Bedroom    $68,364    $286  5.0%
                  3-Bedroom   $150,400    $685  5.5%","Jakarta, Indonesia",-6.1752489,106.8270462
Indonesia,Semarang,7.659445910274217,"                                        Price  Rent  Yield
Neighbor                 Apartments                       
Semarang (all locations) 0-Studio     $44,662  $331   8.9%
                         1-Bedroom    $46,316  $248   6.4%
                         2-Bedroom    $66,166  $551  10.0%
                         3-Bedroom   $198,498  $744   4.5%",,,"Semarang, Indonesia",-6.9903988,110.4229104
Indonesia,South Tangerang,5.410647489263089,"                                               Price  Rent Yield
Neighbor                        Apartments                      
South Tangerang (all locations) 0-Studio     $32,024  $193  7.2%
                                1-Bedroom    $39,700  $248  7.5%
                                2-Bedroom    $79,399  $358  5.4%
                                3-Bedroom   $198,498  $579  3.5%
                                4+Bedroom   $205,115  $648  3.8%",,,"South Tangerang, Indonesia",-6.3227016,106.7085737
Indonesia,Surabaya,7.012594458438287,"                                        Price  Rent Yield
Neighbor                 Apartments                      
Surabaya (all locations) 0-Studio     $25,805  $154  7.2%
                         1-Bedroom    $29,775  $176  7.1%
                         2-Bedroom    $39,700  $232  7.0%
                         3-Bedroom   $138,949  $386  3.3%
                         4+Bedroom   $284,514  $827  3.5%",2.803270607348915,"                                 Price  Rent Yield
Neighbor          Apartments                      
City Center       1-Bedroom   $101,422  $245  2.9%
                  3-Bedroom   $223,130  $465  2.5%
Outside of Center 1-Bedroom    $58,922  $142  2.9%
                  3-Bedroom   $129,627  $293  2.7%","Surabaya, Indonesia",-7.2459717,112.7378266
Indonesia,Tangerang,6.166294642857143,"                                         Price  Rent Yield
Neighbor                  Apartments                      
Tangerang (all locations) 0-Studio     $29,775  $182  7.3%
                          1-Bedroom    $43,008  $221  6.2%
                          2-Bedroom    $51,609  $270  6.3%
                          3-Bedroom   $165,415  $579  4.2%
                          4+Bedroom   $191,881  $827  5.2%",,,"Tangerang, Indonesia",-6.1761924,106.6382161
Iran,Isfahan (Esfahan),,,9.203255862089115,"                                 Price  Rent  Yield
Neighbor          Apartments                       
City Center       1-Bedroom    $81,085  $418   6.2%
                  3-Bedroom   $178,387  $947   6.4%
Outside of Center 1-Bedroom    $30,889  $310  12.0%
                  3-Bedroom    $67,956  $787  13.9%","Isfahan (Esfahan), Iran",32.6707877,51.6650002
Iran,Mashhad,,,6.8988037718641735,"                                 Price  Rent Yield
Neighbor          Apartments                      
City Center       1-Bedroom    $71,230  $505  8.5%
                  3-Bedroom   $156,707  $982  7.5%
Outside of Center 1-Bedroom    $57,344  $254  5.3%
                  3-Bedroom   $126,157  $660  6.3%","Mashhad, Iran",36.2974945,59.6059232
Iran,Shiraz,,,5.006011655406106,"                                 Price    Rent  Yield
Neighbor          Apartments                         
City Center       1-Bedroom    $62,390    $327   6.3%
                  3-Bedroom   $137,259  $1,857  16.2%
Outside of Center 1-Bedroom   $141,921    $338   2.9%
                  3-Bedroom   $312,226    $970   3.7%","Shiraz, Iran",29.6060218,52.5378041
Iran,Tehran,,,6.622160123155271,"                                 Price    Rent Yield
Neighbor          Apartments                        
City Center       1-Bedroom   $103,308    $508  5.9%
                  3-Bedroom   $227,279  $1,180  6.2%
Outside of Center 1-Bedroom    $63,570    $386  7.3%
                  3-Bedroom   $139,853    $817  7.0%","Tehran, Iran",35.6892523,51.3896004
Iraq,Baghdad,,,5.022157978323077,"                                 Price  Rent Yield
Neighbor          Apartments                      
City Center       1-Bedroom   $113,940  $450  4.7%
                  3-Bedroom   $250,667  $859  4.1%
Outside of Center 1-Bedroom    $51,076  $269  6.3%
                  3-Bedroom   $112,368  $497  5.3%","Baghdad, Iraq",33.3061701,44.3872213
Iraq,Erbil (Irbil),,,9.840703938449371,"                                 Price  Rent  Yield
Neighbor          Apartments                       
City Center       1-Bedroom    $48,144  $508  12.7%
                  3-Bedroom   $105,918  $831   9.4%
Outside of Center 1-Bedroom    $36,385  $311  10.3%
                  3-Bedroom    $80,047  $513   7.7%","Erbil (Irbil), Iraq",36.1911653,44.0094294
Ireland,Cork,6.530582166543847,"                                    Price    Rent Yield
Neighbor             Apartments                        
Cork (all locations) 1-Bedroom   $221,571  $1,027  5.6%
                     2-Bedroom   $246,749  $1,587  7.7%
                     3-Bedroom   $297,106  $1,813  7.3%
                     4+Bedroom   $463,285  $2,216  5.7%",7.808611715454491,"                                 Price    Rent Yield
Neighbor          Apartments                        
City Center       1-Bedroom   $211,128  $1,540  8.8%
                  3-Bedroom   $464,483  $2,629  6.8%
Outside of Center 1-Bedroom   $153,508  $1,217  9.5%
                  3-Bedroom   $337,719  $1,933  6.9%","Cork, Ireland",51.897077,-8.4654674
Ireland,Dublin,8.114285714285714,"                                      Price    Rent Yield
Neighbor               Apartments                        
Dublin (all locations) 1-Bedroom   $271,928  $1,813  8.0%
                       2-Bedroom   $352,499  $2,417  8.2%
                       3-Bedroom   $453,213  $3,021  8.0%
                       4+Bedroom   $856,070  $6,043  8.5%",6.107696273913778,"                                 Price    Rent Yield
Neighbor          Apartments                        
City Center       1-Bedroom   $397,274  $2,071  6.3%
                  3-Bedroom   $874,004  $3,832  5.3%
Outside of Center 1-Bedroom   $276,870  $1,791  7.8%
                  3-Bedroom   $609,115  $3,026  6.0%","Dublin, Ireland",53.3498006,-6.2602964
Israel,Be´er Sheva,3.723965360743812,"                                           Price    Rent Yield
Neighbor                    Apartments                        
Be´er Sheva (all locations) 0-Studio    $163,052    $506  3.7%
                            1-Bedroom   $171,485    $562  3.9%
                            2-Bedroom   $224,899    $703  3.8%
                            3-Bedroom   $299,397    $928  3.7%
                            4+Bedroom   $446,986  $1,251  3.4%
Center - Neighborhood C     1-Bedroom   $185,908    $540  3.5%
                            2-Bedroom   $236,468    $710  3.6%
                            3-Bedroom   $281,205    $937  4.0%
                            4+Bedroom   $374,940  $1,264  4.0%",,,"Be´er Sheva, Israel",31.2457442,34.7925181
Israel,Haifa,3.0755666357569584,"                                     Price    Rent Yield
Neighbor              Apartments                        
Center - Lower city   0-Studio    $190,311    $795  5.0%
                      1-Bedroom   $311,030    $795  3.1%
                      2-Bedroom   $332,334    $895  3.2%
Haifa (all locations) 0-Studio    $111,747    $548  5.9%
                      1-Bedroom   $231,927    $703  3.6%
                      2-Bedroom   $328,915    $843  3.1%
                      3-Bedroom   $475,099  $1,153  2.9%
                      4+Bedroom   $736,544  $1,462  2.4%",2.984474448402838,"                                 Price    Rent Yield
Neighbor          Apartments                        
City Center       1-Bedroom   $250,522    $693  3.3%
                  3-Bedroom   $551,150  $1,218  2.7%
Outside of Center 1-Bedroom   $199,962    $574  3.4%
                  3-Bedroom   $439,915    $947  2.6%","Haifa, Israel",32.8191218,34.9983856
Israel,Jerusalem,2.817943081754513,"                                           Price    Rent Yield
Neighbor                  Apartments                          
Center - Yafo Street      1-Bedroom     $614,249  $1,352  2.6%
                          2-Bedroom     $707,274  $1,846  3.1%
                          3-Bedroom   $1,320,813  $2,812  2.6%
Jerusalem (all locations) 0-Studio      $328,915    $843  3.1%
                          1-Bedroom     $524,295  $1,068  2.4%
                          2-Bedroom     $688,753  $1,286  2.2%
                          3-Bedroom     $829,314  $1,968  2.8%
                          4+Bedroom   $1,065,458  $2,502  2.8%",2.372398414898585,"                                   Price    Rent Yield
Neighbor          Apartments                          
City Center       1-Bedroom     $607,760  $1,383  2.7%
                  3-Bedroom   $1,337,072  $2,105  1.9%
Outside of Center 1-Bedroom     $449,034  $1,017  2.7%
                  3-Bedroom     $987,874  $1,669  2.0%","Jerusalem, Israel",31.7788242,35.2257626
Israel,Ramat Gan,,,3.293800401605406,"                                 Price    Rent Yield
Neighbor          Apartments                        
City Center       1-Bedroom   $428,456  $1,294  3.6%
                  3-Bedroom   $942,604  $1,922  2.4%
Outside of Center 1-Bedroom   $325,280  $1,190  4.4%
                  3-Bedroom   $715,616  $1,767  3.0%","Ramat Gan, Israel",32.0686867,34.8246812
Israel,Ra´anana,2.700731664563934,"                                          Price    Rent Yield
Neighbor                 Apartments                          
Ra´anana (all locations) 2-Bedroom     $756,222  $1,588  2.5%
                         3-Bedroom     $924,194  $2,080  2.7%
                         4+Bedroom   $1,012,045  $2,460  2.9%",,,"Ra´anana, Israel",32.1861481,34.8675905
Israel,Tel Aviv-Yafo,2.3483414374621083,"                                               Price     Rent Yield
Neighbor                      Apartments                           
Center                        0-Studio      $667,280   $1,200  2.2%
                              1-Bedroom   $1,036,414   $2,442  2.8%
                              2-Bedroom   $1,405,548   $4,244  3.6%
                              3-Bedroom   $1,845,669  $10,932  7.1%
Tel Aviv-Yafo (all locations) 0-Studio      $509,536   $1,026  2.4%
                              1-Bedroom     $969,876   $1,898  2.3%
                              2-Bedroom   $1,290,357   $2,390  2.2%
                              3-Bedroom   $1,657,223   $3,233  2.3%
                              4+Bedroom   $2,063,447   $4,076  2.4%",2.3194048094985296,"                                   Price    Rent Yield
Neighbor          Apartments                          
City Center       1-Bedroom     $785,418  $1,653  2.5%
                  3-Bedroom   $1,727,921  $2,907  2.0%
Outside of Center 1-Bedroom     $528,010  $1,263  2.9%
                  3-Bedroom   $1,161,621  $2,046  2.1%","Tel Aviv-Yafo, Israel",32.0852997,34.7818064
Italy,Bari,,,4.268675401732096,"                                 Price    Rent Yield
Neighbor          Apartments                        
City Center       1-Bedroom   $210,959    $819  4.7%
                  3-Bedroom   $464,110  $1,277  3.3%
Outside of Center 1-Bedroom   $116,298    $510  5.3%
                  3-Bedroom   $255,856    $827  3.9%","Bari, Italy",41.1257843,16.8620293
Italy,Bologna,,,4.345528926201908,"                                 Price    Rent Yield
Neighbor          Apartments                        
City Center       1-Bedroom   $224,851    $854  4.6%
                  3-Bedroom   $494,672  $1,625  3.9%
Outside of Center 1-Bedroom   $159,139    $657  5.0%
                  3-Bedroom   $350,106  $1,205  4.1%","Bologna, Italy",44.4938203,11.3426327
Italy,Bolzano-Bozen,,,3.4488429144562627,"                                 Price    Rent Yield
Neighbor          Apartments                        
City Center       1-Bedroom   $282,282    $899  3.8%
                  3-Bedroom   $621,022  $1,593  3.1%
Outside of Center 1-Bedroom   $211,280    $709  4.0%
                  3-Bedroom   $464,815  $1,168  3.0%","Bolzano-Bozen, Italy",46.4981125,11.3547801
Italy,Cagliari,,,4.708128259998581,"                                 Price    Rent Yield
Neighbor          Apartments                        
City Center       1-Bedroom   $163,358    $685  5.0%
                  3-Bedroom   $359,388  $1,082  3.6%
Outside of Center 1-Bedroom   $106,020    $519  5.9%
                  3-Bedroom   $233,245    $852  4.4%","Cagliari, Italy",39.2171994,9.113311
Italy,Catania,7.959183673469387,"                                       Price  Rent  Yield
Neighbor                Apartments                       
Catania (all locations) 0-Studio     $49,611  $451  10.9%
                        1-Bedroom    $65,145  $501   9.2%
                        2-Bedroom    $98,219  $651   8.0%
                        3-Bedroom   $130,291  $752   6.9%
                        4+Bedroom   $198,443  $852   5.2%
Center                  0-Studio     $39,087  $401  12.3%
                        1-Bedroom    $61,136  $526  10.3%
                        2-Bedroom    $85,190  $702   9.9%
                        3-Bedroom   $138,308  $727   6.3%
                        4+Bedroom   $220,492  $887   4.8%",5.928158966916085,"                                 Price  Rent Yield
Neighbor          Apartments                      
City Center       1-Bedroom    $96,464  $521  6.5%
                  3-Bedroom   $212,221  $842  4.8%
Outside of Center 1-Bedroom    $67,164  $379  6.8%
                  3-Bedroom   $147,762  $662  5.4%","Catania, Italy",37.5023612,15.0873718
Italy,Florence,5.454545454545454,"                                        Price    Rent Yield
Neighbor                 Apartments                        
Center                   0-Studio    $170,380    $802  5.6%
                         1-Bedroom   $290,648  $1,804  7.4%
                         2-Bedroom   $330,738  $1,403  5.1%
                         3-Bedroom   $428,957  $1,804  5.0%
                         4+Bedroom   $651,453  $3,007  5.5%
Florence (all locations) 0-Studio    $165,369    $752  5.5%
                         1-Bedroom   $218,487  $1,403  7.7%
                         2-Bedroom   $275,615  $1,253  5.5%
                         3-Bedroom   $340,760  $1,503  5.3%
                         4+Bedroom   $561,252  $2,806  6.0%",3.674161083058984,"                                 Price    Rent Yield
Neighbor          Apartments                        
City Center       1-Bedroom   $285,786    $951  4.0%
                  3-Bedroom   $628,730  $1,758  3.4%
Outside of Center 1-Bedroom   $189,773    $684  4.3%
                  3-Bedroom   $417,501  $1,165  3.3%","Florence, Italy",43.7698712,11.2555757
Italy,Genoa,6.260869565217392,"                                     Price  Rent Yield
Neighbor              Apartments                      
Center                0-Studio     $82,183  $386  5.6%
                      1-Bedroom    $89,700  $551  7.4%
                      2-Bedroom   $120,268  $561  5.6%
                      3-Bedroom   $145,324  $697  5.8%
                      4+Bedroom   $264,089  $990  4.5%
Genoa (all locations) 0-Studio     $72,161  $331  5.5%
                      1-Bedroom    $75,168  $501  8.0%
                      2-Bedroom    $98,219  $551  6.7%
                      3-Bedroom   $115,257  $601  6.3%
                      4+Bedroom   $148,331  $752  6.1%",,,"Genoa, Italy",44.40726,8.9338624
Italy,Milan,3.829787234042553,"                                         Price    Rent Yield
Neighbor                Apartments                          
Centro Storico          0-Studio      $451,006  $1,503  4.0%
                        1-Bedroom     $671,497  $2,380  4.3%
                        2-Bedroom     $942,101  $3,007  3.8%
                        3-Bedroom   $1,403,129  $4,193  3.6%
                        4+Bedroom   $2,355,252  $6,214  3.2%
Comasina-Bicocca        0-Studio      $160,358    $885  6.6%
                        1-Bedroom     $219,489  $1,077  5.9%
                        2-Bedroom     $350,782  $1,253  4.3%
Fiera-De Angeli         0-Studio      $265,091  $1,128  5.1%
                        1-Bedroom     $379,847  $1,403  4.4%
                        2-Bedroom     $611,363  $2,155  4.2%
                        3-Bedroom     $952,123  $2,706  3.4%
                        4+Bedroom   $1,583,531  $4,179  3.2%
Garibaldi-Porta Venezia 0-Studio      $250,058  $1,086  5.2%
                        1-Bedroom     $420,939  $1,629  4.6%
                        2-Bedroom     $676,509  $2,320  4.1%
                        3-Bedroom     $972,168  $2,736  3.4%
                        4+Bedroom   $1,353,017  $5,412  4.8%
Greco - Turro           0-Studio      $187,418    $961  6.2%
                        1-Bedroom     $245,548  $1,128  5.5%
                        2-Bedroom     $375,838  $1,671  5.3%
                        3-Bedroom     $559,247  $2,506  5.4%
                        4+Bedroom     $753,180  $4,560  7.3%
Lorenteggio-Bande Nere  0-Studio      $179,400    $752  5.0%
                        1-Bedroom     $248,554  $1,052  5.1%
                        2-Bedroom     $385,860  $1,403  4.4%
                        3-Bedroom     $513,144  $1,904  4.5%
Navigli-Bocconi         0-Studio      $240,536  $1,102  5.5%
                        1-Bedroom     $365,816  $1,403  4.6%
                        2-Bedroom     $691,542  $2,004  3.5%
                        3-Bedroom     $982,190  $3,007  3.7%
                        4+Bedroom   $1,373,062  $3,508  3.1%
Porta Vittoria          0-Studio      $205,458  $1,002  5.9%
                        1-Bedroom     $333,243  $1,253  4.5%
                        2-Bedroom     $631,408  $1,463  2.8%
                        3-Bedroom     $881,967  $3,007  4.1%
                        4+Bedroom   $1,292,883  $3,090  2.9%",3.817168833603668,"                                   Price    Rent Yield
Neighbor          Apartments                          
City Center       1-Bedroom     $476,535  $1,418  3.6%
                  3-Bedroom   $1,048,377  $2,906  3.3%
Outside of Center 1-Bedroom     $250,007    $973  4.7%
                  3-Bedroom     $550,015  $1,863  4.1%","Milan, Italy",45.4641943,9.1896346
Italy,Naples,5.333333333333334,"                                      Price    Rent  Yield
Neighbor               Apartments                         
Center                 0-Studio     $60,133    $601  12.0%
                       1-Bedroom    $98,219    $702   8.6%
                       2-Bedroom   $167,674    $902   6.5%
                       3-Bedroom   $250,559  $1,102   5.3%
                       4+Bedroom   $395,883  $2,155   6.5%
Naples (all locations) 0-Studio     $60,133    $581  11.6%
                       1-Bedroom   $120,268    $702   7.0%
                       2-Bedroom   $189,422    $842   5.3%
                       3-Bedroom   $285,637  $1,203   5.1%
                       4+Bedroom   $481,073  $1,604   4.0%",4.036341339503316,"                                 Price    Rent Yield
Neighbor          Apartments                        
City Center       1-Bedroom   $220,876    $691  3.8%
                  3-Bedroom   $485,927  $1,257  3.1%
Outside of Center 1-Bedroom   $105,480    $412  4.7%
                  3-Bedroom   $232,055    $835  4.3%","Naples, Italy",40.8358846,14.2487679
Italy,Palermo,7.878787878787878,"                                       Price    Rent Yield
Neighbor                Apartments                        
Center                  0-Studio     $50,112    $401  9.6%
                        1-Bedroom    $92,707    $581  7.5%
                        2-Bedroom   $136,805    $737  6.5%
                        3-Bedroom   $180,402    $902  6.0%
                        4+Bedroom   $300,670  $1,253  5.0%
Palermo (all locations) 0-Studio     $65,145    $436  8.0%
                        1-Bedroom    $70,156    $581  9.9%
                        2-Bedroom    $99,221    $651  7.9%
                        3-Bedroom   $139,311    $702  6.0%
                        4+Bedroom   $220,492    $902  4.9%",,,"Palermo, Italy",38.1112268,13.3524434
Italy,Rimini,,,4.4323154841010535,"                                 Price    Rent Yield
Neighbor          Apartments                        
City Center       1-Bedroom   $166,604    $685  4.9%
                  3-Bedroom   $366,528  $1,163  3.8%
Outside of Center 1-Bedroom   $129,145    $586  5.4%
                  3-Bedroom   $284,119    $930  3.9%","Rimini, Italy",44.0593886,12.5684371
Italy,Rome,4.048582995951417,"                                                         Price    Rent Yield
Neighbor                                Apartments                          
Bufalotta - Monte Sacro - Nuovo Salario 0-Studio      $190,425    $669  4.2%
                                        1-Bedroom     $229,512    $852  4.5%
                                        2-Bedroom     $270,603  $1,062  4.7%
                                        3-Bedroom     $390,872  $1,168  3.6%
                                        4+Bedroom     $430,961  $1,604  4.5%
Cassia-Flaminia                         0-Studio       $84,188    $601  8.6%
                                        1-Bedroom     $219,489    $952  5.2%
                                        2-Bedroom     $371,328  $1,253  4.0%
                                        3-Bedroom     $551,229  $1,604  3.5%
                                        4+Bedroom     $891,989  $2,305  3.1%
Centro                                  0-Studio      $275,615  $1,102  4.8%
                                        1-Bedroom     $350,281  $1,604  5.5%
                                        2-Bedroom     $496,106  $2,004  4.8%
                                        3-Bedroom     $661,475  $2,806  5.1%
                                        4+Bedroom   $1,077,403  $4,009  4.5%
Cinecittà                               0-Studio      $118,264    $601  6.1%
                                        1-Bedroom     $180,402    $752  5.0%
                                        2-Bedroom     $244,646    $902  4.4%
                                        3-Bedroom     $285,637  $1,027  4.3%
                                        4+Bedroom     $319,713  $1,654  6.2%
Eur - Torrino - Giuliano Dalmata        0-Studio      $175,391    $692  4.7%
                                        1-Bedroom     $250,559    $852  4.1%
                                        2-Bedroom     $315,704  $1,102  4.2%
                                        3-Bedroom     $347,776  $1,428  4.9%
                                        4+Bedroom     $490,594  $2,205  5.4%
Gianicolense-La Pisana                  0-Studio      $150,335    $752  6.0%
                                        1-Bedroom     $227,006    $902  4.8%
                                        2-Bedroom     $310,693  $1,102  4.3%
                                        3-Bedroom     $420,939  $1,378  3.9%
                                        4+Bedroom     $501,117  $1,804  4.3%
Parioli                                 0-Studio      $177,897    $852  5.7%
                                        1-Bedroom     $295,659  $1,203  4.9%
                                        2-Bedroom     $375,838  $1,503  4.8%
                                        3-Bedroom     $651,453  $2,205  4.1%
                                        4+Bedroom     $982,190  $2,906  3.6%
Roma est-Autostrade                     0-Studio       $88,197    $521  7.1%
                                        1-Bedroom     $110,246    $601  6.5%
                                        2-Bedroom     $155,346    $702  5.4%
                                        3-Bedroom     $173,387    $852  5.9%
                                        4+Bedroom     $158,353    $877  6.6%",3.887985852252682,"                                 Price    Rent Yield
Neighbor          Apartments                        
City Center       1-Bedroom   $381,103  $1,145  3.6%
                  3-Bedroom   $838,427  $2,272  3.3%
Outside of Center 1-Bedroom   $181,944    $756  5.0%
                  3-Bedroom   $400,278  $1,391  4.2%","Rome, Italy",41.8933203,12.4829321
Italy,Treviso,,,5.008509312068486,"                                 Price    Rent Yield
Neighbor          Apartments                        
City Center       1-Bedroom   $176,700    $763  5.2%
                  3-Bedroom   $388,741  $1,428  4.4%
Outside of Center 1-Bedroom   $102,468    $549  6.4%
                  3-Bedroom   $225,431    $909  4.8%","Treviso, Italy",45.6658505,12.2455414
Italy,Turin,6.369230769230769,"                                     Price    Rent Yield
Neighbor              Apartments                        
Center                0-Studio     $92,206    $551  7.2%
                      1-Bedroom   $149,333    $802  6.4%
                      2-Bedroom   $238,532    $852  4.3%
                      3-Bedroom   $350,782  $1,403  4.8%
                      4+Bedroom   $496,106  $2,205  5.3%
Turin (all locations) 0-Studio     $79,177    $451  6.8%
                      1-Bedroom    $79,177    $551  8.4%
                      2-Bedroom   $130,291    $692  6.4%
                      3-Bedroom   $215,481    $902  5.0%
                      4+Bedroom   $395,883  $1,463  4.4%",4.62986027295265,"                                 Price    Rent Yield
Neighbor          Apartments                        
City Center       1-Bedroom   $185,288    $647  4.2%
                  3-Bedroom   $407,632  $1,345  4.0%
Outside of Center 1-Bedroom    $94,031    $491  6.3%
                  3-Bedroom   $206,868    $873  5.1%","Turin, Italy",45.0677551,7.6824892
Japan,Fukuoka,4.0614302895735035,"                                       Price    Rent Yield
Neighbor                Apartments                        
Center                  0-Studio     $66,227    $329  6.0%
                        1-Bedroom   $143,434    $494  4.1%
                        2-Bedroom   $177,748    $755  5.1%
                        3-Bedroom   $247,064    $926  4.5%
                        4+Bedroom   $290,643  $1,235  5.1%
Fukuoka (all locations) 0-Studio     $65,197    $281  5.2%
                        1-Bedroom   $129,708    $439  4.1%
                        2-Bedroom   $164,023    $460  3.4%
                        3-Bedroom   $197,308    $587  3.6%
                        4+Bedroom   $231,965    $916  4.7%",,,"Fukuoka, Japan",33.5898988,130.4017509
Japan,Kawasaki,3.666851053336621,"                                        Price    Rent Yield
Neighbor                 Apartments                        
Center                   0-Studio    $143,032    $438  3.7%
                         1-Bedroom   $177,250    $582  3.9%
                         2-Bedroom   $245,345    $739  3.6%
                         3-Bedroom   $314,671  $1,129  4.3%
Kawasaki (all locations) 0-Studio    $108,130    $417  4.6%
                         1-Bedroom   $194,667    $589  3.6%
                         2-Bedroom   $258,690    $701  3.3%
                         3-Bedroom   $300,094    $917  3.7%
                         4+Bedroom   $314,123  $1,471  5.6%",,,"Kawasaki, Japan",35.5305307,139.7028012
Japan,Kobe,4.048938209823387,"                                    Price  Rent Yield
Neighbor             Apartments                      
Center               0-Studio     $96,153  $404  5.0%
                     1-Bedroom   $187,516  $561  3.6%
                     2-Bedroom   $232,615  $719  3.7%
                     3-Bedroom   $282,642  $924  3.9%
Kobe (all locations) 0-Studio     $87,599  $342  4.7%
                     1-Bedroom   $136,189  $445  3.9%
                     2-Bedroom   $168,696  $513  3.6%
                     3-Bedroom   $184,641  $623  4.0%
                     4+Bedroom   $204,625  $821  4.8%",,,"Kobe, Japan",34.6932379,135.1943764
Japan,Nagoya,4.514278721060781,"                          Price    Rent Yield
Neighbor   Apartments                        
Chikusa-ku 0-Studio    $110,146    $344  3.7%
           1-Bedroom   $144,911    $482  4.0%
           2-Bedroom   $212,032    $558  3.2%
           3-Bedroom   $218,916    $757  4.1%
           4+Bedroom   $294,642    $912  3.7%
Higashi-ku 0-Studio     $50,943    $389  9.2%
           1-Bedroom   $218,916    $541  3.0%
           2-Bedroom   $278,120    $675  2.9%
           3-Bedroom   $274,333    $826  3.6%
           4+Bedroom   $192,068  $1,067  6.7%
Meito-ku   1-Bedroom    $86,815    $391  5.4%
           2-Bedroom   $119,071    $446  4.5%
           3-Bedroom   $168,758    $563  4.0%
           4+Bedroom   $204,514    $658  3.9%
Midori-ku  1-Bedroom   $122,159    $494  4.9%
           2-Bedroom   $108,433    $576  6.4%
           3-Bedroom   $235,740    $765  3.9%
           4+Bedroom   $239,171    $995  5.0%
Naka-ku    0-Studio     $94,442    $400  5.1%
           1-Bedroom   $197,097    $582  3.5%
           2-Bedroom   $293,592    $784  3.2%
           3-Bedroom   $252,873    $873  4.1%
           4+Bedroom   $266,149    $821  3.7%
Showa-ku   0-Studio     $75,492    $316  5.0%
           1-Bedroom    $95,394    $477  6.0%
           2-Bedroom   $194,219    $549  3.4%
           3-Bedroom   $253,206    $727  3.4%
           4+Bedroom   $249,809    $888  4.3%
Tenpaku-ku 2-Bedroom    $88,461    $432  5.9%
           3-Bedroom   $164,531    $494  3.6%
           4+Bedroom   $187,937    $707  4.5%",,,"Nagoya, Japan",35.1851045,136.8998438
Japan,Osaka,5.348712820632078,"                           Price    Rent Yield
Neighbor    Apartments                        
Abeno-ku    1-Bedroom   $173,144    $479  3.3%
            2-Bedroom   $207,978    $684  3.9%
            3-Bedroom   $251,846    $743  3.5%
Chuo-ku     0-Studio    $101,914    $426  5.0%
            1-Bedroom   $220,298    $686  3.7%
            2-Bedroom   $328,045  $1,029  3.8%
            3-Bedroom   $341,771  $1,259  4.4%
            4+Bedroom   $410,400  $1,390  4.1%
Joto-ku     0-Studio    $114,953    $347  3.6%
            1-Bedroom   $157,846    $467  3.6%
            2-Bedroom   $163,336    $580  4.3%
            3-Bedroom   $205,818    $666  3.9%
            4+Bedroom   $321,183    $892  3.3%
Kita-ku     0-Studio    $108,433    $412  4.6%
            1-Bedroom   $272,319    $638  2.8%
            2-Bedroom   $363,046    $906  3.0%
            3-Bedroom   $361,330  $1,469  4.9%
            4+Bedroom   $338,340  $1,141  4.0%
Nishi-ku    0-Studio    $108,433    $416  4.6%
            1-Bedroom   $218,239    $673  3.7%
            2-Bedroom   $215,426    $878  4.9%
            3-Bedroom   $275,888  $1,150  5.0%
            4+Bedroom   $294,966  $1,510  6.1%
Suminoe-ku  1-Bedroom    $80,755    $411  6.1%
            2-Bedroom   $132,082    $482  4.4%
            3-Bedroom   $129,003    $575  5.3%
Tennoji-ku  0-Studio    $123,186    $383  3.7%
            1-Bedroom   $183,410    $534  3.5%
            2-Bedroom   $225,156    $753  4.0%
            3-Bedroom   $341,806    $992  3.5%
            4+Bedroom   $531,751  $1,232  2.8%
Yodogawa-ku 0-Studio     $52,158    $356  8.2%
            1-Bedroom   $110,835    $500  5.4%
            2-Bedroom   $149,611    $623  5.0%
            3-Bedroom   $185,160    $773  5.0%
            4+Bedroom   $280,005    $998  4.3%",,,"Osaka, Japan",34.6937569,135.5014539
Japan,Sapporo,3.497090369168058,"                                       Price    Rent Yield
Neighbor                Apartments                        
Center                  0-Studio     $32,256    $261  9.7%
                        1-Bedroom   $122,159    $357  3.5%
                        2-Bedroom   $166,768    $480  3.5%
                        3-Bedroom   $205,749    $673  3.9%
                        4+Bedroom   $238,828  $1,043  5.2%
Sapporo (all locations) 0-Studio     $30,883    $240  9.3%
                        1-Bedroom   $108,433    $316  3.5%
                        2-Bedroom   $153,728    $371  2.9%
                        3-Bedroom   $170,886    $480  3.4%
                        4+Bedroom   $191,131    $892  5.6%",,,"Sapporo, Japan",43.061936,141.3542924
Japan,Tokyo,3.8299623613669564,"                                              Price    Rent Yield
Neighbor                       Apartments                        
Central City                   0-Studio    $205,148    $620  3.6%
                               1-Bedroom   $377,251  $1,129  3.6%
                               2-Bedroom   $611,313  $1,721  3.4%
                               3-Bedroom   $764,141  $2,272  3.6%
                               4+Bedroom   $949,342  $5,700  7.2%
Eastern 23 Wards               0-Studio    $156,614    $475  3.6%
                               1-Bedroom   $239,568    $620  3.1%
                               2-Bedroom   $295,330    $826  3.4%
                               3-Bedroom   $322,867  $1,067  4.0%
                               4+Bedroom   $364,172  $1,466  4.8%
Northern Part of the 23rd Ward 0-Studio    $135,274    $468  4.2%
                               1-Bedroom   $224,768    $688  3.7%
                               2-Bedroom   $307,033    $929  3.6%
                               3-Bedroom   $342,831  $1,139  4.0%
Southern Part of the 23rd Ward 0-Studio    $157,647    $516  3.9%
                               1-Bedroom   $264,351    $833  3.8%
                               2-Bedroom   $391,020  $1,136  3.5%
                               3-Bedroom   $480,514  $1,583  4.0%
                               4+Bedroom   $618,197  $1,790  3.5%
Wester Part of the 23rd Ward   0-Studio    $132,520    $451  4.1%
                               1-Bedroom   $226,489    $743  3.9%
                               2-Bedroom   $337,255    $895  3.2%
                               3-Bedroom   $391,020    $929  2.9%
                               4+Bedroom   $453,666  $1,442  3.8%",2.56620479026671,"                                 Price    Rent Yield
Neighbor          Apartments                        
City Center       1-Bedroom   $451,362  $1,065  2.8%
                  3-Bedroom   $992,996  $2,438  2.9%
Outside of Center 1-Bedroom   $325,037    $623  2.3%
                  3-Bedroom   $715,081  $1,265  2.1%","Tokyo, Japan",35.6812665,139.757653
Japan,Yokohama,3.766246372362933,"                           Price    Rent Yield
Neighbor    Apartments                        
Kanagawa-ku 0-Studio     $67,068    $383  6.9%
            1-Bedroom   $224,471    $561  3.0%
            2-Bedroom   $256,637    $739  3.5%
            3-Bedroom   $253,078    $924  4.4%
            4+Bedroom   $245,002  $1,355  6.6%
Minami-ku   0-Studio     $82,021    $390  5.7%
            1-Bedroom   $183,410    $513  3.4%
            2-Bedroom   $183,410    $602  3.9%
            3-Bedroom   $217,628    $821  4.5%
Naka-ku     0-Studio    $103,193    $447  5.2%
            1-Bedroom   $263,663    $683  3.1%
            2-Bedroom   $346,927  $1,033  3.6%
            3-Bedroom   $335,947  $1,274  4.6%
            4+Bedroom   $534,898  $3,132  7.0%
Nishi-ku    0-Studio    $143,032    $424  3.6%
            1-Bedroom   $238,159    $678  3.4%
            2-Bedroom   $320,282  $1,061  4.0%
            3-Bedroom   $384,613  $1,660  5.2%",,,"Yokohama, Japan",35.4443947,139.6367727
Jersey,Saint Helier,,,4.171396075449099,"                                   Price    Rent Yield
Neighbor          Apartments                          
City Center       1-Bedroom     $425,421  $1,796  5.1%
                  3-Bedroom     $935,926  $3,229  4.1%
Outside of Center 1-Bedroom     $467,102  $1,636  4.2%
                  3-Bedroom   $1,027,623  $3,056  3.6%","Saint Helier, Jersey",49.1856637,-2.1102277
Jordan,Amman,,,6.473868496905339,"                                 Price  Rent Yield
Neighbor          Apartments                      
City Center       1-Bedroom    $62,946  $341  6.5%
                  3-Bedroom   $138,482  $579  5.0%
Outside of Center 1-Bedroom    $38,248  $264  8.3%
                  3-Bedroom    $84,147  $452  6.4%","Amman, Jordan",31.9515694,35.9239625
Kazakhstan,Aktau,9.479526023698815,"                                    Price  Rent  Yield
Neighbor              Apartments                      
Aktau (all locations) 0-Studio    $21,054  $253  14.4%
                      1-Bedroom   $36,212  $295   9.8%
                      2-Bedroom   $52,634  $368   8.4%
                      3-Bedroom   $80,004  $632   9.5%
                      4+Bedroom   $94,741  $600   7.6%",,,"Aktau, Kazakhstan",43.6353364,51.168222
Kazakhstan,Almaty,8.536868548267927,"                         Price    Rent  Yield
Neighbor  Apartments                         
Alatau    0-Studio     $47,371    $337   8.5%
          1-Bedroom    $64,213    $484   9.0%
          2-Bedroom    $84,214    $590   8.4%
Almaly    0-Studio     $53,687    $526  11.8%
          1-Bedroom    $77,372    $737  11.4%
          2-Bedroom    $97,687    $842  10.3%
          3-Bedroom   $143,165  $1,263  10.6%
Auezovsky 0-Studio     $47,371    $379   9.6%
          1-Bedroom    $66,319    $526   9.5%
          2-Bedroom    $85,267    $632   8.9%
          3-Bedroom   $115,795    $737   7.6%
Bostandyk 0-Studio     $58,950    $526  10.7%
          1-Bedroom    $92,636    $884  11.5%
          2-Bedroom   $136,731  $1,253  11.0%
          3-Bedroom   $185,272  $1,684  10.9%
          4+Bedroom   $357,912  $3,158  10.6%
Medeu     0-Studio     $53,687    $526  11.8%
          1-Bedroom    $88,425    $905  12.3%
          2-Bedroom   $143,165  $1,368  11.5%
          3-Bedroom   $267,381  $1,684   7.6%
          4+Bedroom   $442,126  $2,105   5.7%
Nauryzbay 0-Studio     $42,107    $379  10.8%
          1-Bedroom    $61,056    $421   8.3%
          2-Bedroom    $86,320    $526   7.3%",9.511125761641948,"                                 Price    Rent  Yield
Neighbor          Apartments                         
City Center       1-Bedroom    $87,861    $728   9.9%
                  3-Bedroom   $193,294  $1,432   8.9%
Outside of Center 1-Bedroom    $59,716    $511  10.3%
                  3-Bedroom   $131,374    $994   9.1%","Almaty, Kazakhstan",43.2363924,76.9457275
Kazakhstan,Astana,9.11961466416912,"                        Price    Rent  Yield
Neighbor Apartments                         
Almaty   0-Studio     $34,317    $316  11.0%
         1-Bedroom    $52,634    $463  10.6%
         2-Bedroom    $73,688    $737  12.0%
         3-Bedroom   $130,532  $1,474  13.6%
         4+Bedroom   $320,015  $2,211   8.3%
Baikonur 0-Studio     $33,791    $295  10.5%
         1-Bedroom    $50,529    $389   9.2%
         2-Bedroom    $74,740    $568   9.1%
         3-Bedroom   $112,637    $611   6.5%
         4+Bedroom   $145,165    $895   7.4%
Saryarka 0-Studio     $31,580    $274  10.4%
         1-Bedroom    $45,265    $379  10.0%
         2-Bedroom    $63,003    $590  11.2%
         3-Bedroom   $107,373    $832   9.3%
Yesil    0-Studio     $43,160    $358  10.0%
         1-Bedroom    $64,214    $505   9.4%
         2-Bedroom   $100,005    $737   8.8%
         3-Bedroom   $160,008  $1,474  11.1%
         4+Bedroom   $320,015  $1,684   6.3%",8.900556756281441,"                                 Price  Rent Yield
Neighbor          Apartments                      
City Center       1-Bedroom    $58,929  $466  9.5%
                  3-Bedroom   $129,644  $897  8.3%
Outside of Center 1-Bedroom    $40,972  $330  9.7%
                  3-Bedroom    $90,138  $587  7.8%","Astana, Kazakhstan",51.1282205,71.4306682
Kazakhstan,Karaganda,12.128683253040284,"                                        Price  Rent  Yield
Neighbor                  Apartments                      
Karaganda (all locations) 0-Studio    $27,791  $274  11.8%
                          1-Bedroom   $35,791  $358  12.0%
                          2-Bedroom   $50,529  $516  12.3%
                          3-Bedroom   $65,266  $711  13.1%",,,"Karaganda, Kazakhstan",49.8161282,73.1026622
Kazakhstan,Kostanay,8.178586345532862,"                                       Price  Rent  Yield
Neighbor                 Apartments                      
Kostanay (all locations) 0-Studio    $28,001  $253  10.8%
                         1-Bedroom   $42,107  $316   9.0%
                         2-Bedroom   $51,581  $316   7.4%
                         3-Bedroom   $61,056  $316   6.2%",,,"Kostanay, Kazakhstan",53.2146604,63.632607
Kazakhstan,Oskemen,8.657686475291781,"                                      Price  Rent  Yield
Neighbor                Apartments                      
Oskemen (all locations) 0-Studio    $28,422  $253  10.7%
                        1-Bedroom   $40,002  $295   8.8%
                        2-Bedroom   $55,792  $368   7.9%
                        3-Bedroom   $71,582  $505   8.5%",,,"Oskemen, Kazakhstan",49.9484438,82.6274791
Kazakhstan,Pavlodar,9.164132022017766,"                                       Price  Rent Yield
Neighbor                 Apartments                     
Pavlodar (all locations) 0-Studio    $26,317  $211  9.6%
                         1-Bedroom   $36,844  $295  9.6%
                         2-Bedroom   $49,265  $358  8.7%
                         3-Bedroom   $63,161  $379  7.2%",,,"Pavlodar, Kazakhstan",52.2857573,76.9455035
Kenya,Nairobi,,,7.068592280673264,"                                 Price  Rent Yield
Neighbor          Apartments                      
City Center       1-Bedroom    $57,883  $360  7.5%
                  3-Bedroom   $127,343  $948  8.9%
Outside of Center 1-Bedroom    $33,733  $174  6.2%
                  3-Bedroom    $74,213  $413  6.7%","Nairobi, Kenya",-1.2832533,36.8172449
Kosovo,Pristina,,,4.436757527333327,"                                 Price  Rent Yield
Neighbor          Apartments                      
City Center       1-Bedroom    $99,654  $350  4.2%
                  3-Bedroom   $219,239  $622  3.4%
Outside of Center 1-Bedroom    $50,151  $260  6.2%
                  3-Bedroom   $110,332  $429  4.7%","Pristina, Kosovo",42.6638771,21.1640849
Kuwait,Ahmadi,6.132400341607207,"                                      Price    Rent Yield
Neighbor               Apartments                        
Ahmadi (all locations) 2-Bedroom   $145,196    $742  6.1%
                       3-Bedroom   $177,462  $1,113  7.5%
                       4+Bedroom   $451,720  $1,775  4.7%",,,"Ahmadi, Kuwait",29.0890687,48.0610236
Kuwait,Hawally,5.39892765271651,"                                       Price    Rent Yield
Neighbor                Apartments                        
Hawally (all locations) 2-Bedroom   $193,594    $871  5.4%
                        3-Bedroom   $413,001  $1,452  4.2%
                        4+Bedroom   $419,454  $2,259  6.5%",,,"Hawally, Kuwait",29.3362942,48.0199351
Kuwait,Kuwait City,,,3.9374340535633436,"                                 Price    Rent Yield
Neighbor          Apartments                        
City Center       1-Bedroom   $354,284    $926  3.1%
                  3-Bedroom   $779,426  $1,844  2.8%
Outside of Center 1-Bedroom   $154,646    $676  5.2%
                  3-Bedroom   $340,221  $1,343  4.7%","Kuwait City, Kuwait",29.3796532,47.9734174
Kyrgyzstan,Bishkek,,,9.331819697299562,"                                 Price  Rent  Yield
Neighbor          Apartments                       
City Center       1-Bedroom    $50,032  $421  10.1%
                  3-Bedroom   $110,072  $841   9.2%
Outside of Center 1-Bedroom    $37,564  $297   9.5%
                  3-Bedroom    $82,641  $575   8.3%","Bishkek, Kyrgyzstan",42.8777895,74.6066926
Latvia,Jurmala,5.76513548563238,"                              Price    Rent  Yield
Neighbor       Apartments                         
Jurmala-Latvia 1-Bedroom    $33,540    $300  10.7%
               2-Bedroom    $98,118    $451   5.5%
               3-Bedroom   $233,380  $1,001   5.1%
               4+Bedroom   $299,359  $1,502   6.0%",,,"Jurmala, Latvia",56.9727164,23.7886979
Latvia,Riga,7.0116861435726205,"                               Price    Rent Yield
Neighbor        Apartments                        
Riga Combined   0-Studio     $37,044    $250  8.1%
                1-Bedroom    $59,972    $350  7.0%
                2-Bedroom    $87,105    $551  7.6%
                3-Bedroom   $155,186    $891  6.9%
                4+Bedroom   $260,312  $1,502  6.9%
Riga-Agenskalns 0-Studio     $35,042    $250  8.6%
                1-Bedroom    $74,652    $330  5.3%
                2-Bedroom   $110,958    $801  8.7%
                3-Bedroom   $250,300  $2,002  9.6%
Riga-Centrs     0-Studio     $50,060    $280  6.7%
                1-Bedroom    $96,115    $451  5.6%
                2-Bedroom   $172,207    $751  5.2%
                3-Bedroom   $232,779    $951  4.9%
                4+Bedroom   $290,348  $1,752  7.2%
Riga-Vecriga    1-Bedroom   $136,163    $661  5.8%
                2-Bedroom   $235,282    $901  4.6%
                3-Bedroom   $300,360  $1,201  4.8%",4.248285421682902,"                                 Price  Rent Yield
Neighbor          Apartments                      
City Center       1-Bedroom   $130,259  $486  4.5%
                  3-Bedroom   $286,570  $888  3.7%
Outside of Center 1-Bedroom    $79,734  $326  4.9%
                  3-Bedroom   $175,415  $588  4.0%","Riga, Latvia",56.9493977,24.1051846
Lebanon,Beirut,,,5.8829978733849115,"                                 Price    Rent Yield
Neighbor          Apartments                        
City Center       1-Bedroom   $171,428    $780  5.5%
                  3-Bedroom   $377,143  $1,520  4.8%
Outside of Center 1-Bedroom    $70,686    $409  6.9%
                  3-Bedroom   $155,509    $817  6.3%","Beirut, Lebanon",33.8959203,35.47843
Libya,Tripoli,,,5.027705517000169,"                                 Price  Rent Yield
Neighbor          Apartments                      
City Center       1-Bedroom    $84,400  $229  3.3%
                  3-Bedroom   $185,680  $497  3.2%
Outside of Center 1-Bedroom    $21,534  $137  7.6%
                  3-Bedroom    $47,374  $268  6.8%","Tripoli, Libya",32.896672,13.1777923
Lithuania,Kaunas,6.8672310308650815,"                                      Price  Rent Yield
Neighbor               Apartments                      
Kaunas (all locations) 0-Studio     $45,582  $347  9.1%
                       1-Bedroom    $81,703  $525  7.7%
                       2-Bedroom   $125,993  $624  5.9%
                       3+Bedroom   $158,006  $793  6.0%",3.9185649592748186,"                                 Price  Rent Yield
Neighbor          Apartments                      
City Center       1-Bedroom   $157,318  $541  4.1%
                  3-Bedroom   $346,100  $965  3.3%
Outside of Center 1-Bedroom    $98,718  $394  4.8%
                  3-Bedroom   $217,180  $672  3.7%","Kaunas, Lithuania",54.8982139,23.9044817
Lithuania,Klaipeda,7.897703703703704,"                                        Price  Rent Yield
Neighbor                 Apartments                      
Klaipeda (all locations) 0-Studio     $47,070  $347  8.8%
                         1-Bedroom    $80,266  $495  7.4%
                         2-Bedroom    $99,094  $693  8.4%
                         3+Bedroom   $163,506  $793  5.8%",4.01717916544916,"                                 Price  Rent Yield
Neighbor          Apartments                      
City Center       1-Bedroom   $119,003  $426  4.3%
                  3-Bedroom   $261,806  $816  3.7%
Outside of Center 1-Bedroom    $86,548  $340  4.7%
                  3-Bedroom   $190,404  $541  3.4%","Klaipeda, Lithuania",55.7127529,21.1350469
Lithuania,Vilnius,4.725182422571753,"                            Price    Rent Yield
Neighbor     Apartments                        
Naujamiestis 0-Studio     $69,267    $486  8.4%
             1-Bedroom   $169,947    $793  5.6%
             2-Bedroom   $257,645  $1,040  4.8%
             3+Bedroom   $309,620  $1,982  7.7%
Senamiestis  0-Studio    $132,157    $595  5.4%
             1-Bedroom   $218,255    $877  4.8%
             2-Bedroom   $346,830  $1,338  4.6%
             3+Bedroom   $593,575  $1,982  4.0%
Šnipiškės    0-Studio     $80,068    $545  8.2%
             1-Bedroom   $168,459    $793  5.6%
             2-Bedroom   $249,718  $1,040  5.0%",3.9780183599793,"                                 Price    Rent Yield
Neighbor          Apartments                        
City Center       1-Bedroom   $223,121    $804  4.3%
                  3-Bedroom   $490,866  $1,476  3.6%
Outside of Center 1-Bedroom   $137,788    $540  4.7%
                  3-Bedroom   $303,135    $917  3.6%","Vilnius, Lithuania",54.6870458,25.2829111
Lithuania,Šiauliai,7.800238081741398,"                                       Price  Rent  Yield
Neighbor                 Apartments                      
Šiauliai (all locations) 0-Studio    $26,458  $248  11.2%
                         1-Bedroom   $58,466  $396   8.1%
                         2-Bedroom   $74,073  $461   7.5%
                         3+Bedroom   $81,257  $446   6.6%",,,"Šiauliai, Lithuania",55.9340823,23.3157775
Luxembourg,Luxembourg,3.175329090907275,"                          Price    Rent Yield
Neighbor Apartments                          
Belair   0-Studio      $773,936  $1,784  2.8%
         2-Bedroom   $1,286,268  $2,477  2.3%
         3-Bedroom   $1,891,896  $3,989  2.5%
Center   0-Studio      $735,775  $1,932  3.2%
         2-Bedroom     $992,400  $2,626  3.2%
         3-Bedroom   $1,506,727  $4,335  3.5%",3.2043493029334886,"                                   Price    Rent Yield
Neighbor          Apartments                          
City Center       1-Bedroom     $604,904  $1,719  3.4%
                  3-Bedroom   $1,330,789  $2,955  2.7%
Outside of Center 1-Bedroom     $430,290  $1,418  4.0%
                  3-Bedroom     $946,637  $2,365  3.0%","Luxembourg, Luxembourg",49.6112768,6.129799
Macao,Macao,,,2.1507283468309337,"                                   Price    Rent Yield
Neighbor          Apartments                          
City Center       1-Bedroom     $662,496  $1,147  2.1%
                  3-Bedroom   $1,457,490  $1,934  1.6%
Outside of Center 1-Bedroom     $437,954    $830  2.3%
                  3-Bedroom     $963,498  $1,785  2.2%","Macao, Macao",22.1899448,113.5380454
Malaysia,George Town,4.140473602117503,"                                          Price    Rent Yield
Neighbor                   Apartments                        
Georgetown (all locations) 0-Studio    $120,376    $438  4.4%
                           1-Bedroom   $126,942    $438  4.1%
                           2-Bedroom   $142,263    $438  3.7%
                           3-Bedroom   $138,980    $482  4.2%
                           4+Bedroom   $582,902  $1,423  2.9%",,,"George Town, Malaysia",5.4253,100.312386
Malaysia,Ipoh,5.709064009399069,"                                    Price  Rent Yield
Neighbor             Apartments                      
Ipoh (all locations) 0-Studio     $45,962  $306  8.0%
                     1-Bedroom    $62,377  $328  6.3%
                     2-Bedroom    $68,943  $328  5.7%
                     3-Bedroom    $77,916  $350  5.4%
                     4+Bedroom   $142,263  $460  3.9%",,,"Ipoh, Malaysia",4.5986817,101.0900236
Malaysia,Iskandar Puteri,4.98433494730846,"                                               Price  Rent Yield
Neighbor                        Apartments                      
Iskander Puteri (all locations) 0-Studio     $70,037  $263  4.5%
                                1-Bedroom    $83,169  $285  4.1%
                                2-Bedroom    $84,264  $350  5.0%
                                3-Bedroom    $84,920  $438  6.2%
                                4+Bedroom   $154,957  $657  5.1%",,,"Iskandar Puteri, Malaysia",1.4522711,103.6144729
Malaysia,Johor Bahru,4.957085303906114,"                            Price  Rent Yield
Neighbor     Apartments                      
Mount Austin 0-Studio     $50,334  $219  5.2%
             1-Bedroom    $57,610  $241  5.0%
             2-Bedroom    $65,434  $263  4.8%
             3-Bedroom    $87,099  $350  4.8%
             4+Bedroom   $113,798  $394  4.2%
Other Areas  0-Studio     $54,154  $250  5.5%
             1-Bedroom    $68,508  $283  5.0%
             2-Bedroom    $93,519  $348  4.5%
             3-Bedroom    $84,385  $370  5.3%
             4+Bedroom   $138,756  $522  4.5%
Permas Jaya  2-Bedroom    $63,638  $263  5.0%
             3-Bedroom    $69,592  $328  5.7%
             4+Bedroom    $87,318  $394  5.4%
Plentong     0-Studio     $48,145  $219  5.5%
             1-Bedroom    $50,334  $219  5.2%
             2-Bedroom    $65,653  $274  5.0%
             3-Bedroom    $71,124  $285  4.8%
             4+Bedroom   $151,001  $547  4.3%
Skudai       0-Studio     $49,240  $219  5.3%
             1-Bedroom    $56,899  $241  5.1%
             2-Bedroom    $61,276  $263  5.2%
             3-Bedroom    $62,370  $350  6.7%
             4+Bedroom    $68,498  $416  7.3%
Tampoi       0-Studio     $52,084  $241  5.6%
             1-Bedroom    $60,838  $274  5.4%
             2-Bedroom    $65,653  $285  5.2%
             3-Bedroom    $70,303  $306  5.2%
             4+Bedroom    $80,534  $317  4.7%",5.061501189819733,"                                 Price  Rent Yield
Neighbor          Apartments                      
City Center       1-Bedroom    $73,360  $315  5.1%
                  3-Bedroom   $161,393  $456  3.4%
Outside of Center 1-Bedroom    $38,256  $213  6.7%
                  3-Bedroom    $84,164  $349  5.0%","Johor Bahru, Malaysia",1.503555,103.7495586
Malaysia,Kuala Lumpur,4.052540389089011,"                                   Price    Rent Yield
Neighbor            Apartments                        
Bintang             0-Studio    $126,505    $591  5.6%
                    1-Bedroom   $186,036    $657  4.2%
                    2-Bedroom   $218,866    $875  4.8%
                    3-Bedroom   $240,753    $875  4.4%
                    4+Bedroom   $415,846  $1,423  4.1%
Bukit               0-Studio     $84,920    $394  5.6%
                    1-Bedroom   $120,376    $492  4.9%
                    2-Bedroom   $122,127    $482  4.7%
                    3-Bedroom   $122,565    $481  4.7%
                    4+Bedroom   $137,448    $569  5.0%
Jalan Ampang        0-Studio     $98,490    $306  3.7%
                    1-Bedroom   $120,376    $416  4.1%
                    2-Bedroom   $137,886    $482  4.2%
                    3-Bedroom   $124,147    $547  5.3%
                    4+Bedroom   $152,112    $832  6.6%
Jalan Ipoh          0-Studio     $76,603    $284  4.4%
                    1-Bedroom    $76,603    $285  4.5%
                    2-Bedroom    $93,018    $361  4.7%
                    3-Bedroom    $98,490    $394  4.8%
                    4+Bedroom   $116,437    $482  5.0%
Jalan Kuching       1-Bedroom    $96,301    $306  3.8%
                    2-Bedroom   $102,867    $361  4.2%
                    3-Bedroom   $108,995    $372  4.1%
                    4+Bedroom   $163,712    $547  4.0%
Jalan Sultan Ismail 0-Studio    $105,056    $372  4.2%
                    1-Bedroom   $191,508    $482  3.0%
                    2-Bedroom   $226,089    $657  3.5%
                    3-Bedroom   $229,810    $613  3.2%
                    4+Bedroom   $831,692  $3,721  5.4%
KLCC                0-Studio    $129,416    $525  4.9%
                    1-Bedroom   $235,500    $657  3.3%
                    2-Bedroom   $284,526    $832  3.5%
                    3-Bedroom   $328,299  $1,094  4.0%
                    4+Bedroom   $618,280  $1,751  3.4%",4.549062397596702,"                                 Price  Rent Yield
Neighbor          Apartments                      
City Center       1-Bedroom   $125,560  $472  4.5%
                  3-Bedroom   $276,231  $957  4.2%
Outside of Center 1-Bedroom    $63,038  $291  5.5%
                  3-Bedroom   $138,685  $530  4.6%","Kuala Lumpur, Malaysia",3.1516964,101.6942371
Malaysia,Petaling Jaya,4.531581397754902,"                                             Price  Rent Yield
Neighbor                      Apartments                      
Petaling Jaya (all locations) 0-Studio     $70,030  $285  4.9%
                              1-Bedroom    $93,665  $350  4.5%
                              2-Bedroom   $115,986  $438  4.5%
                              3-Bedroom   $105,044  $416  4.8%
                              4+Bedroom   $196,520  $613  3.7%",4.410511368464083,"                                 Price  Rent Yield
Neighbor          Apartments                      
City Center       1-Bedroom   $119,948  $447  4.5%
                  3-Bedroom   $263,887  $746  3.4%
Outside of Center 1-Bedroom    $54,343  $299  6.6%
                  3-Bedroom   $119,556  $433  4.3%","Petaling Jaya, Malaysia",3.0991752,101.6450232
Malaysia,Pulau Pinang,,,4.732702090573046,"                                 Price  Rent Yield
Neighbor          Apartments                      
City Center       1-Bedroom    $93,395  $406  5.2%
                  3-Bedroom   $205,469  $566  3.3%
Outside of Center 1-Bedroom    $64,125  $318  5.9%
                  3-Bedroom   $141,075  $499  4.2%","Pulau Pinang, Malaysia",5.3506953,100.2348979
Malaysia,Shah Alam,5.333874843469726,"                                         Price  Rent Yield
Neighbor                  Apartments                      
Shah Alam (all locations) 0-Studio     $65,660  $263  4.8%
                          1-Bedroom    $83,169  $295  4.3%
                          2-Bedroom    $88,641  $394  5.3%
                          3-Bedroom    $90,830  $405  5.4%
                          4+Bedroom   $126,942  $591  5.6%",,,"Shah Alam, Malaysia",3.0733644,101.5195149
Malaysia,Subang Jaya,4.697398155122807,"                                           Price  Rent Yield
Neighbor                    Apartments                      
Subang Jaya (all locations) 0-Studio     $80,981  $317  4.7%
                            1-Bedroom    $94,113  $328  4.2%
                            2-Bedroom    $98,490  $416  5.1%
                            3-Bedroom    $98,490  $482  5.9%
                            4+Bedroom   $156,008  $525  4.0%",,,"Subang Jaya, Malaysia",3.051487,101.5823339
Malta,Mellieha,3.9482961222091655,"                                        Price  Rent Yield
Neighbor                 Apartments                      
Mellieha (all locations) 0-Studio    $212,128  $698  3.9%
                         1-Bedroom   $239,299  $798  4.0%
                         2-Bedroom   $298,126  $897  3.6%",,,"Mellieha, Malta",35.9599618,14.368367
Malta,San Ġiljan,5.1962110960757775,"                                            Price    Rent Yield
Neighbor                     Apartments                        
St Julians´s (all locations) 0-Studio    $289,153    $997  4.1%
                             1-Bedroom   $302,613  $1,321  5.2%
                             2-Bedroom   $368,421  $1,595  5.2%",,,"San Ġiljan, Malta",35.9199225,14.4877119
Malta,Sliema,3.743589743589744,"                                      Price    Rent Yield
Neighbor               Apartments                        
Sliema (all locations) 0-Studio    $238,302  $1,097  5.5%
                       1-Bedroom   $388,861  $1,346  4.2%
                       2-Bedroom   $897,371  $2,493  3.3%
                       3-Bedroom   $950,216  $1,795  2.3%",5.150700118506375,"                                 Price    Rent Yield
Neighbor          Apartments                        
City Center       1-Bedroom   $221,778  $1,006  5.4%
                  3-Bedroom   $487,910  $1,925  4.7%
Outside of Center 1-Bedroom   $164,981    $819  6.0%
                  3-Bedroom   $362,958  $1,470  4.9%","Sliema, Malta",35.9127609,14.5020708
Malta,St Paul´s Bay,4.08,"                                             Price  Rent Yield
Neighbor                      Apartments                      
St Paul´s Bay (all locations) 0-Studio    $139,591  $648  5.6%
                              1-Bedroom   $234,812  $748  3.8%
                              2-Bedroom   $249,270  $848  4.1%",,,"St Paul´s Bay, Malta",35.9480742,14.3973929
Malta,St. Paul's Bay,4.8979591836734695,"                                     Price  Rent Yield
Neighbor              Apartments                      
Qawra (all locations) 0-Studio    $171,498  $711  5.0%
                      1-Bedroom   $195,427  $798  4.9%
                      2-Bedroom   $270,208  $897  4.0%",,,"St. Paul's Bay, Malta",35.9480742,14.3973929
Malta,Swieqi,4.213740458015267,"                                      Price    Rent Yield
Neighbor               Apartments                        
Swieqi (all locations) 0-Studio    $245,780    $648  3.2%
                       1-Bedroom   $326,543  $1,147  4.2%
                       2-Bedroom   $393,846  $1,396  4.3%",,,"Swieqi, Malta",35.9236256,14.469548
Malta,Valletta,5.973109243697479,"                                        Price    Rent Yield
Neighbor                 Apartments                        
Valletta (all locations) 0-Studio    $254,255  $1,296  6.1%
                         1-Bedroom   $348,977  $1,695  5.8%
                         2-Bedroom   $423,758  $1,994  5.6%
                         3-Bedroom   $458,656  $2,991  7.8%",,,"Valletta, Malta",35.8989818,14.5136759
Mexico,Acapulco,2.845866990229145,"                                        Price  Rent Yield
Neighbor                 Apartments                      
Acapulco (all locations) 1-Bedroom    $73,675  $196  3.2%
                         2-Bedroom    $90,866  $221  2.9%
                         3-Bedroom   $189,099  $437  2.8%
                         4+Bedroom   $687,631  $663  1.2%",,,"Acapulco, Mexico",16.8680495,-99.8940182
Mexico,Cancún,4.110818640279346,"                                        Price    Rent Yield
Neighbor               Apartments                          
Cancún (all locations) 1-Bedroom     $184,717    $737  4.8%
                       2-Bedroom     $221,761    $982  5.3%
                       3-Bedroom     $446,273  $1,277  3.4%
                       4+Bedroom   $1,203,354  $3,438  3.4%",,,"Cancún, Mexico",21.1617854,-86.8510468
Mexico,Guadalajara,6.5519495914441315,"                                           Price    Rent Yield
Neighbor                    Apartments                        
Guadalajara (all locations) 1-Bedroom   $162,825    $987  7.3%
                            2-Bedroom   $165,282  $1,085  7.9%
                            3-Bedroom   $335,104  $1,628  5.8%
                            4+Bedroom   $557,519  $1,628  3.5%",7.031914631890604,"                                 Price    Rent Yield
Neighbor          Apartments                        
City Center       1-Bedroom   $108,886    $580  6.4%
                  3-Bedroom   $239,549  $1,221  6.1%
Outside of Center 1-Bedroom    $61,106    $397  7.8%
                  3-Bedroom   $134,433    $859  7.7%","Guadalajara, Mexico",20.6720375,-103.338396
Mexico,Merida,8.004265839352367,"                                          Price    Rent Yield
Neighbor                   Apartments                        
Fraccionamiento Montebello 1-Bedroom    $94,285    $666  8.5%
                           2-Bedroom   $152,454    $814  6.4%
                           3-Bedroom   $288,134    $987  4.1%
Montes de Ame              1-Bedroom   $133,477    $543  4.9%
                           2-Bedroom   $147,301    $789  6.4%
                           3-Bedroom   $236,822  $1,480  7.5%
San Ramon Norte            1-Bedroom   $103,145    $688  8.0%
                           2-Bedroom   $156,767  $1,056  8.1%
                           3-Bedroom   $276,122  $1,474  6.4%",9.129662541830248,"                                 Price  Rent  Yield
Neighbor          Apartments                       
City Center       1-Bedroom    $53,943  $518  11.5%
                  3-Bedroom   $118,675  $994  10.0%
Outside of Center 1-Bedroom    $61,042  $418   8.2%
                  3-Bedroom   $134,292  $759   6.8%","Merida, Mexico",20.9670759,-89.6237402
Mexico,Mexico City,7.335276391258333,"                                       Price    Rent Yield
Neighbor              Apartments                          
Azcapotzalco          1-Bedroom      $94,876    $393  5.0%
                      2-Bedroom      $99,982    $589  7.1%
                      3-Bedroom     $105,600    $810  9.2%
Benito Juárez         1-Bedroom     $157,797    $888  6.8%
                      2-Bedroom     $196,753    $981  6.0%
                      3-Bedroom     $222,149  $1,233  6.7%
                      4+Bedroom     $369,837  $1,874  6.1%
Coyoacán              1-Bedroom     $101,817    $565  6.7%
                      2-Bedroom     $108,547    $737  8.1%
                      3-Bedroom     $139,982    $982  8.4%
Cuajimalpa de Morelos 1-Bedroom     $176,819    $779  5.3%
                      2-Bedroom     $284,876  $1,154  4.9%
                      3-Bedroom     $682,719  $2,456  4.3%
                      4+Bedroom   $1,448,937  $5,894  4.9%
Cuauhtémoc            1-Bedroom     $176,377    $884  6.0%
                      2-Bedroom     $183,941  $1,081  7.1%
                      3-Bedroom     $252,704  $1,474  7.0%
                      4+Bedroom     $292,243  $1,572  6.5%
Miguel Hidalgo        1-Bedroom     $215,867  $1,130  6.3%
                      2-Bedroom     $257,862  $1,719  8.0%
                      3-Bedroom     $712,189  $2,947  5.0%
                      4+Bedroom   $1,375,262  $5,694  5.0%
Tlalpan               1-Bedroom      $98,233    $368  4.5%
                      2-Bedroom     $113,901    $663  7.0%
                      3-Bedroom     $195,484  $1,252  7.7%
                      4+Bedroom     $699,910  $5,403  9.3%
Álvaro Obregón        1-Bedroom     $176,819    $884  6.0%
                      2-Bedroom     $221,024  $1,066  5.8%
                      3-Bedroom     $356,095  $1,695  5.7%
                      4+Bedroom     $859,539  $2,947  4.1%",5.857348063337823,"                                 Price    Rent Yield
Neighbor          Apartments                        
City Center       1-Bedroom   $146,844    $842  6.9%
                  3-Bedroom   $323,057  $1,602  6.0%
Outside of Center 1-Bedroom   $103,976    $499  5.8%
                  3-Bedroom   $228,747  $1,043  5.5%","Mexico City, Mexico",19.4326296,-99.1331785
Mexico,Monterrey,6.136518321537824,"                                         Price    Rent Yield
Neighbor                  Apartments                        
Monterrey (all locations) 1-Bedroom   $130,159    $701  6.5%
                          2-Bedroom   $186,102    $982  6.3%
                          3-Bedroom   $248,038  $1,228  5.9%
                          4+Bedroom   $266,152  $1,277  5.8%",7.710256614295363,"                                 Price    Rent Yield
Neighbor          Apartments                        
City Center       1-Bedroom   $101,141    $694  8.2%
                  3-Bedroom   $222,510  $1,320  7.1%
Outside of Center 1-Bedroom    $65,245    $467  8.6%
                  3-Bedroom   $143,539    $860  7.2%","Monterrey, Mexico",25.6802019,-100.315258
Mexico,Naucalpan de Juárez,5.914364712110566,"                                                   Price    Rent Yield
Neighbor                            Apartments                        
Naucalpan de Juárez (all locations) 1-Bedroom   $201,225    $688  4.1%
                                    2-Bedroom   $202,376    $982  5.8%
                                    3-Bedroom   $343,462  $1,719  6.0%
                                    4+Bedroom   $417,490  $2,456  7.1%",,,"Naucalpan de Juárez, Mexico",19.4785796,-99.2328791
Mexico,Puebla,6.513509114051148,"                                      Price  Rent Yield
Neighbor               Apartments                      
Puebla (all locations) 1-Bedroom    $92,928  $614  7.9%
                       2-Bedroom   $122,791  $663  6.5%
                       3-Bedroom   $135,070  $737  6.5%
                       4+Bedroom   $294,699  $737  3.0%",,,"Puebla, Mexico",19.0437196,-98.1981486
Moldova,Balti,5.4,"                                    Price  Rent Yield
Neighbor              Apartments                     
Balti (all locations) 1-Bedroom   $19,964  $150  9.0%
                      2-Bedroom   $29,946  $150  6.0%
                      3-Bedroom   $45,418  $105  2.8%
                      4+Bedroom   $49,910  $200  4.8%",,,"Balti, Moldova",47.7623599,27.928665
Moldova,Chisinau,6.944280602414377,"                          Price    Rent  Yield
Neighbor   Apartments                         
Botanica   1-Bedroom    $40,627    $250   7.4%
           2-Bedroom    $52,905    $349   7.9%
           3-Bedroom    $74,366    $349   5.6%
           4+Bedroom   $106,808    $399   4.5%
Buiucani   1-Bedroom    $45,818    $250   6.5%
           2-Bedroom    $70,373    $399   6.8%
           3-Bedroom    $84,847    $449   6.4%
           4+Bedroom   $119,784  $1,198  12.0%
Center     1-Bedroom    $62,887    $399   7.6%
           2-Bedroom    $86,844    $674   9.3%
           3-Bedroom   $114,594  $1,098  11.5%
           4+Bedroom   $149,730  $1,497  12.0%
Ciocana    1-Bedroom    $43,821    $170   4.6%
           2-Bedroom    $62,388    $319   6.1%
           3-Bedroom    $60,890    $399   7.9%
           4+Bedroom    $70,773    $499   8.5%
Râșcani    1-Bedroom    $47,415    $299   7.6%
           2-Bedroom    $65,881    $399   7.3%
           3-Bedroom    $79,856    $599   9.0%
           4+Bedroom    $99,721    $848  10.2%
Telecentru 1-Bedroom    $44,021    $230   6.3%
           2-Bedroom    $64,783    $449   8.3%
           3-Bedroom    $86,345    $549   7.6%
           4+Bedroom   $148,732    $299   2.4%",6.028111457875411,"                                 Price  Rent Yield
Neighbor          Apartments                      
City Center       1-Bedroom    $67,920  $349  6.2%
                  3-Bedroom   $149,424  $674  5.4%
Outside of Center 1-Bedroom    $48,318  $271  6.7%
                  3-Bedroom   $106,301  $521  5.9%","Chisinau, Moldova",47.0245117,28.8322923
Monaco,Monaco,2.2344827586206897,"                                         Price     Rent Yield
Neighbor               Apartments                            
Monaco (all locations) 0-Studio     $1,849,205   $2,899  1.9%
                       1-Bedroom    $3,198,625   $5,398  2.0%
                       2-Bedroom    $5,797,507  $10,795  2.2%
                       3-Bedroom    $7,496,776  $16,993  2.7%
                       4+Bedroom   $16,692,822  $49,879  3.6%",,,"Monaco, Monaco",43.7309898,7.4209708
Mongolia,Ulaanbaatar,,,6.421936434705487,"                                 Price  Rent Yield
Neighbor          Apartments                      
City Center       1-Bedroom    $75,464  $366  5.8%
                  3-Bedroom   $166,020  $817  5.9%
Outside of Center 1-Bedroom    $40,210  $259  7.7%
                  3-Bedroom    $88,463  $512  6.9%","Ulaanbaatar, Mongolia",47.9184676,106.9177016
Montenegro,Bar,4.595744680851064,"                                   Price  Rent Yield
Neighbor            Apartments                      
Bar (all locations) 0-Studio     $46,026  $176  4.6%
                    1-Bedroom    $78,342  $245  3.8%
                    2-Bedroom   $123,388  $490  4.8%",,,"Bar, Montenegro",42.0979745,19.0954528
Montenegro,Budva,5.67487684729064,"                                     Price    Rent Yield
Neighbor              Apartments                        
Budva (all locations) 0-Studio     $56,798    $392  8.3%
                      1-Bedroom   $113,595    $588  6.2%
                      2-Bedroom   $171,372    $734  5.1%
                      3-Bedroom   $283,988  $1,077  4.6%",6.000845583083803,"                                 Price    Rent Yield
Neighbor          Apartments                        
City Center       1-Bedroom   $147,401    $719  5.9%
                  3-Bedroom   $324,282  $1,638  6.1%
Outside of Center 1-Bedroom   $112,241    $559  6.0%
                  3-Bedroom   $246,930  $1,240  6.0%","Budva, Montenegro",42.2885656,18.8419505
Montenegro,Herceg Novi,6.315789473684211,"                                           Price  Rent Yield
Neighbor                    Apartments                      
Herceg Novi (all locations) 0-Studio     $51,901  $274  6.3%
                            1-Bedroom    $93,031  $490  6.3%
                            2-Bedroom   $144,932  $734  6.1%",,,"Herceg Novi, Montenegro",42.4517622,18.5367516
Montenegro,Kotor,3.84,"                                     Price  Rent Yield
Neighbor              Apartments                      
Kotor (all locations) 0-Studio     $73,445  $588  9.6%
                      1-Bedroom   $122,409  $392  3.8%
                      2-Bedroom   $195,854  $490  3.0%",,,"Kotor, Montenegro",42.4248515,18.7710437
Montenegro,Podgorica,6.0,"                                         Price    Rent  Yield
Neighbor                  Apartments                         
Podgorica (all locations) 0-Studio     $44,067    $215   5.9%
                          1-Bedroom    $65,611    $294   5.4%
                          2-Bedroom    $88,134    $441   6.0%
                          3-Bedroom   $136,118    $783   6.9%
                          4+Bedroom   $195,854  $1,665  10.2%",4.9004750864165185,"                                 Price  Rent Yield
Neighbor          Apartments                      
City Center       1-Bedroom    $96,690  $455  5.6%
                  3-Bedroom   $212,717  $795  4.5%
Outside of Center 1-Bedroom    $73,648  $326  5.3%
                  3-Bedroom   $162,027  $554  4.1%","Podgorica, Montenegro",42.4415238,19.2621081
Montenegro,Tivat,4.536986301369864,"                                     Price    Rent Yield
Neighbor              Apartments                        
Tivat (all locations) 0-Studio     $93,814    $313  4.0%
                      1-Bedroom   $146,890    $588  4.8%
                      2-Bedroom   $205,646    $832  4.9%
                      3-Bedroom   $357,433  $1,273  4.3%",,,"Tivat, Montenegro",42.4303762,18.6988104
Morocco,Agadir,7.359989703222547,"                                      Price  Rent Yield
Neighbor               Apartments                      
Agadir (all locations) 1-Bedroom    $66,712  $412  7.4%
                       2-Bedroom    $70,150  $427  7.3%
                       3-Bedroom    $77,733  $569  8.8%
                       4+Bedroom   $109,016  $664  7.3%",2.860615838532403,"                                 Price  Rent Yield
Neighbor          Apartments                      
City Center       1-Bedroom    $70,108  $192  3.3%
                  3-Bedroom   $154,238  $386  3.0%
Outside of Center 1-Bedroom    $48,984  $111  2.7%
                  3-Bedroom   $107,764  $202  2.3%","Agadir, Morocco",30.4211144,-9.5830626
Morocco,Casablanca,6.396849396954886,"                          Price    Rent Yield
Neighbor   Apartments                        
Bourgogne  1-Bedroom   $103,329    $616  7.2%
           2-Bedroom   $142,195    $758  6.4%
           3-Bedroom   $206,183    $948  5.5%
Dar Bouzza 1-Bedroom    $90,057    $616  8.2%
           2-Bedroom   $123,236    $806  7.8%
           3-Bedroom   $240,784  $1,232  6.1%
Gauthier   1-Bedroom   $129,668    $710  6.6%
           2-Bedroom   $146,651    $946  7.7%
           3-Bedroom   $300,404  $1,280  5.1%
Racine     1-Bedroom   $127,976    $711  6.7%
           2-Bedroom   $236,992  $1,090  5.5%
           3-Bedroom   $303,350  $1,232  4.9%
           4+Bedroom   $417,106  $1,659  4.8%",5.4504099834305775,"                                 Price  Rent Yield
Neighbor          Apartments                      
City Center       1-Bedroom    $94,048  $458  5.8%
                  3-Bedroom   $206,907  $826  4.8%
Outside of Center 1-Bedroom    $50,144  $265  6.3%
                  3-Bedroom   $110,316  $465  5.1%","Casablanca, Morocco",33.5945144,-7.6200284
Morocco,Marrakesh,8.793496300880475,"                                         Price  Rent Yield
Neighbor                  Apartments                      
Marrakesh (all locations) 1-Bedroom    $71,098  $521  8.8%
                          2-Bedroom    $80,577  $616  9.2%
                          3-Bedroom   $132,716  $806  7.3%",5.718247392774388,"                                 Price  Rent Yield
Neighbor          Apartments                      
City Center       1-Bedroom    $60,522  $386  7.6%
                  3-Bedroom   $133,147  $582  5.2%
Outside of Center 1-Bedroom    $36,298  $187  6.2%
                  3-Bedroom    $79,856  $312  4.7%","Marrakesh, Morocco",31.6258257,-7.9891608
Morocco,Rabat,5.789617372358163,"                                     Price    Rent Yield
Neighbor              Apartments                        
Rabat (all locations) 1-Bedroom   $142,195    $711  6.0%
                      2-Bedroom   $180,114    $853  5.7%
                      3-Bedroom   $265,431  $1,280  5.8%
                      4+Bedroom   $274,911  $1,327  5.8%",4.790988341436843,"                                 Price  Rent Yield
Neighbor          Apartments                      
City Center       1-Bedroom   $107,944  $417  4.6%
                  3-Bedroom   $237,477  $876  4.4%
Outside of Center 1-Bedroom    $56,638  $244  5.2%
                  3-Bedroom   $124,604  $513  4.9%","Rabat, Morocco",34.02236,-6.8340222
Morocco,Tangier,9.691032766058994,"                                       Price    Rent  Yield
Neighbor                Apartments                         
Tangier (all locations) 1-Bedroom    $81,051    $521   7.7%
                        2-Bedroom    $47,259    $520  13.2%
                        3-Bedroom    $99,063    $948  11.5%
                        4+Bedroom   $216,042  $1,422   7.9%",,,"Tangier, Morocco",35.7774341,-5.8032309
Morocco,Temara,5.030228407786063,"                                      Price  Rent Yield
Neighbor               Apartments                      
Temara (all locations) 2-Bedroom    $71,382  $332  5.6%
                       3-Bedroom    $72,283  $303  5.0%
                       4+Bedroom   $141,247  $521  4.4%",,,"Temara, Morocco",33.917166,-6.923804
Myanmar,Yangon,,,19.57684664142418,"                           Price    Rent  Yield
Neighbor    Apartments                         
City Center 1-Bedroom    $47,803    $872  21.9%
            3-Bedroom   $105,167  $1,512  17.3%","Yangon, Myanmar",16.7967129,96.1609916
Nepal,Kathmandu,,,2.45618526763977,"                                 Price  Rent Yield
Neighbor          Apartments                      
City Center       1-Bedroom    $96,109  $184  2.3%
                  3-Bedroom   $211,440  $404  2.3%
Outside of Center 1-Bedroom    $51,908  $120  2.8%
                  3-Bedroom   $114,199  $249  2.6%","Kathmandu, Nepal",27.708317,85.3205817
Netherlands,Amsterdam,5.0071942446043165,"                                           Price    Rent Yield
Neighbor                  Apartments                          
Amsterdam (all locations) 0-Studio      $285,843  $1,630  6.8%
                          1-Bedroom     $396,169  $1,855  5.6%
                          2-Bedroom     $562,158  $2,006  4.3%
                          3-Bedroom     $697,056  $2,909  5.0%
                          4+Bedroom   $1,654,882  $4,012  2.9%",4.693765084505463,"                                 Price    Rent Yield
Neighbor          Apartments                        
City Center       1-Bedroom   $413,269  $1,773  5.1%
                  3-Bedroom   $909,191  $2,945  3.9%
Outside of Center 1-Bedroom   $282,065  $1,513  6.4%
                  3-Bedroom   $620,543  $2,192  4.2%","Amsterdam, Netherlands",52.3730796,4.8924534
Netherlands,Breda,4.376088252832439,"                                     Price    Rent Yield
Neighbor              Apartments                        
Breda (all locations) 1-Bedroom   $293,365  $1,133  4.6%
                      2-Bedroom   $416,228  $1,168  3.4%
                      3-Bedroom   $431,272  $1,479  4.1%
                      4+Bedroom   $501,479  $2,307  5.5%",,,"Breda, Netherlands",51.5887845,4.7760237
Netherlands,Eindhoven,4.338734676623926,"                                         Price    Rent Yield
Neighbor                  Apartments                        
Eindhoven (all locations) 0-Studio    $200,592    $993  5.9%
                          1-Bedroom   $302,894  $1,224  4.8%
                          2-Bedroom   $400,682  $1,279  3.8%
                          3-Bedroom   $461,361  $1,323  3.4%",5.834244219074672,"                                 Price    Rent Yield
Neighbor          Apartments                        
City Center       1-Bedroom   $233,252  $1,339  6.9%
                  3-Bedroom   $513,156  $1,896  4.4%
Outside of Center 1-Bedroom   $182,313  $1,058  7.0%
                  3-Bedroom   $401,089  $1,597  4.8%","Eindhoven, Netherlands",51.44855695,5.450122521857143
Netherlands,Groningen,,,4.396416935800975,"                                 Price    Rent Yield
Neighbor          Apartments                        
City Center       1-Bedroom   $179,383    $953  6.4%
                  3-Bedroom   $394,643  $1,268  3.9%
Outside of Center 1-Bedroom   $168,118    $692  4.9%
                  3-Bedroom   $369,860  $1,019  3.3%","Groningen, Netherlands",53.2190652,6.5680077
Netherlands,Haarlem,,,4.842570181152972,"                                 Price    Rent Yield
Neighbor          Apartments                        
City Center       1-Bedroom   $346,576  $1,612  5.6%
                  3-Bedroom   $762,466  $2,607  4.1%
Outside of Center 1-Bedroom   $270,798  $1,317  5.8%
                  3-Bedroom   $595,757  $1,862  3.8%","Haarlem, Netherlands",52.38370575,4.643559696559635
Netherlands,Rotterdam,4.712313937753721,"                                         Price    Rent Yield
Neighbor                  Apartments                        
Rotterdam (all locations) 0-Studio    $235,695  $1,033  5.3%
                          1-Bedroom   $300,888  $1,123  4.5%
                          2-Bedroom   $370,593  $1,455  4.7%
                          3-Bedroom   $460,358  $1,714  4.5%
                          4+Bedroom   $540,595  $2,302  5.1%",6.1982242534568135,"                                 Price    Rent Yield
Neighbor          Apartments                        
City Center       1-Bedroom   $249,246  $1,422  6.8%
                  3-Bedroom   $548,340  $1,993  4.4%
Outside of Center 1-Bedroom   $156,615  $1,074  8.2%
                  3-Bedroom   $344,553  $1,594  5.6%","Rotterdam, Netherlands",51.9244424,4.47775
Netherlands,The Hague,5.8193979933110365,"                                     Price    Rent Yield
Neighbor              Apartments                        
Hague (all locations) 0-Studio    $220,651    $928  5.0%
                      1-Bedroom   $299,885  $1,454  5.8%
                      2-Bedroom   $335,991  $1,700  6.1%
                      3-Bedroom   $376,110  $2,201  7.0%
                      4+Bedroom   $576,701  $2,758  5.7%",5.193520737704267,"                                 Price    Rent Yield
Neighbor          Apartments                        
City Center       1-Bedroom   $242,592  $1,167  5.8%
                  3-Bedroom   $533,701  $1,868  4.2%
Outside of Center 1-Bedroom   $179,530    $939  6.3%
                  3-Bedroom   $394,965  $1,519  4.6%","The Hague, Netherlands",52.0799838,4.3113461
Netherlands,Utrecht,5.029368029739777,"                                       Price    Rent Yield
Neighbor                Apartments                        
Utrecht (all locations) 0-Studio    $269,796  $1,137  5.1%
                        1-Bedroom   $300,888  $1,254  5.0%
                        2-Bedroom   $376,110  $1,600  5.1%
                        3-Bedroom   $476,405  $1,454  3.7%",4.836429647820668,"                                 Price    Rent Yield
Neighbor          Apartments                        
City Center       1-Bedroom   $303,658  $1,366  5.4%
                  3-Bedroom   $668,048  $2,010  3.6%
Outside of Center 1-Bedroom   $214,967  $1,098  6.1%
                  3-Bedroom   $472,927  $1,685  4.3%","Utrecht, Netherlands",52.080985600000005,5.12768396945229
New Zealand,Auckland,3.2695800865716973,"                                        Price    Rent Yield
Neighbor                 Apartments                        
Auckland (all locations) 1-Bedroom   $320,474  $1,012  3.8%
                         2-Bedroom   $421,114  $1,259  3.6%
                         3-Bedroom   $722,472  $1,777  3.0%
                         4+Bedroom   $955,237  $1,934  2.4%
Auckland Central         1-Bedroom   $207,465    $990  5.7%
                         2-Bedroom   $314,852  $1,147  4.4%
                         3-Bedroom   $505,449  $1,799  4.3%",3.421801094722919,"                                 Price    Rent Yield
Neighbor          Apartments                        
City Center       1-Bedroom   $435,255  $1,333  3.7%
                  3-Bedroom   $957,561  $2,430  3.0%
Outside of Center 1-Bedroom   $335,532  $1,185  4.2%
                  3-Bedroom   $738,172  $1,949  3.2%","Auckland, New Zealand",-36.852095,174.7631803
New Zealand,Christchurch,3.616352621915611,"                                            Price    Rent Yield
Neighbor                     Apartments                        
Christchurch (all locations) 1-Bedroom   $266,959    $513  2.3%
                             2-Bedroom   $356,131  $1,081  3.6%
                             3-Bedroom   $417,436  $1,271  3.7%
                             4+Bedroom   $484,315  $1,449  3.6%",6.866954910665554,"                                 Price    Rent  Yield
Neighbor          Apartments                         
City Center       1-Bedroom   $184,142  $1,101   7.2%
                  3-Bedroom   $405,112  $1,563   4.6%
Outside of Center 1-Bedroom   $113,681    $963  10.2%
                  3-Bedroom   $250,098  $1,367   6.6%","Christchurch, New Zealand",-43.530955,172.6366455
New Zealand,Dunedin,4.252050786273948,"                                       Price    Rent Yield
Neighbor                Apartments                        
Dunedin (all locations) 1-Bedroom   $256,370    $490  2.3%
                        2-Bedroom   $278,663  $1,003  4.3%
                        3-Bedroom   $342,755  $1,226  4.3%
                        4+Bedroom   $431,927  $1,516  4.2%",,,"Dunedin, New Zealand",-45.8740984,170.5035755
New Zealand,Wellington,3.9459035967368647,"                                          Price    Rent Yield
Neighbor                   Apartments                        
Wellington (all locations) 1-Bedroom   $253,006    $776  3.7%
                           2-Bedroom   $385,131  $1,417  4.4%
                           3-Bedroom   $480,711  $1,687  4.2%
                           4+Bedroom   $840,541  $2,249  3.2%",4.279067778059559,"                                 Price    Rent Yield
Neighbor          Apartments                        
City Center       1-Bedroom   $389,766  $1,609  5.0%
                  3-Bedroom   $857,485  $2,670  3.7%
Outside of Center 1-Bedroom   $354,767  $1,425  4.8%
                  3-Bedroom   $780,487  $2,239  3.4%","Wellington, New Zealand",-41.2887953,174.7772114
Nigeria,Lagos,,,20.43229815681483,"                          Price    Rent  Yield
Neighbor    Apartments                        
City Center 1-Bedroom   $44,794    $791  21.2%
            3-Bedroom   $98,547  $1,616  19.7%","Lagos, Nigeria",6.4550575,3.3941795
North Macedonia,Bitola,6.337078651685394,"                                     Price  Rent Yield
Neighbor               Apartments                     
Bitola (all locations) 0-Studio    $19,323   $99  6.2%
                       1-Bedroom   $27,746  $149  6.4%
                       2-Bedroom   $36,169  $161  5.3%
                       3-Bedroom   $40,876  $248  7.3%
                       4+Bedroom   $44,097  $233  6.3%",3.8635034538027977,"                                 Price  Rent Yield
Neighbor          Apartments                      
City Center       1-Bedroom    $49,256  $195  4.7%
                  3-Bedroom   $108,362  $323  3.6%
Outside of Center 1-Bedroom    $40,692  $141  4.1%
                  3-Bedroom    $89,522  $225  3.0%","Bitola, North Macedonia",41.0316005,21.3302511
North Macedonia,Ohrid,4.104787961696306,"                                    Price  Rent Yield
Neighbor              Apartments                     
Ohrid (all locations) 0-Studio    $22,792   $80  4.2%
                      1-Bedroom   $33,692  $113  4.0%
                      2-Bedroom   $42,611  $149  4.2%
                      3-Bedroom   $49,547  $109  2.6%",,,"Ohrid, North Macedonia",41.1170203,20.8017387
North Macedonia,Skopje,5.189189189189189,"                           Price  Rent Yield
Neighbor    Apartments                      
Aerodrom    0-Studio     $34,188  $159  5.6%
            1-Bedroom    $48,556  $198  4.9%
            2-Bedroom    $64,411  $238  4.4%
            3-Bedroom    $79,275  $297  4.5%
            4+Bedroom    $96,617  $347  4.3%
Center      0-Studio     $38,151  $198  6.2%
            1-Bedroom    $50,538  $248  5.9%
            2-Bedroom    $71,348  $337  5.7%
            3-Bedroom    $91,167  $466  6.1%
            4+Bedroom   $133,777  $619  5.6%
Gaza Baba   0-Studio     $27,499  $149  6.5%
            1-Bedroom    $36,665  $159  5.2%
            2-Bedroom    $45,583  $218  5.7%
            3-Bedroom    $55,493  $198  4.3%
            4+Bedroom    $96,121  $248  3.1%
Karposh     0-Studio     $34,683  $161  5.6%
            1-Bedroom    $49,547  $218  5.3%
            2-Bedroom    $62,429  $277  5.3%
            3-Bedroom    $87,203  $396  5.5%
            4+Bedroom   $117,427  $595  6.1%
Kisela Voda 0-Studio     $31,710  $149  5.6%
            1-Bedroom    $46,574  $198  5.1%
            2-Bedroom    $58,466  $248  5.1%
            3-Bedroom    $74,321  $297  4.8%
            4+Bedroom    $90,176  $421  5.6%",3.5621306448003995,"                                 Price  Rent Yield
Neighbor          Apartments                      
City Center       1-Bedroom    $93,244  $314  4.0%
                  3-Bedroom   $205,138  $526  3.1%
Outside of Center 1-Bedroom    $66,784  $229  4.1%
                  3-Bedroom   $146,925  $366  3.0%","Skopje, North Macedonia",41.9961816,21.4319213
North Macedonia,Stip,6.4799999999999995,"                                   Price  Rent Yield
Neighbor             Apartments                     
Stip (all locations) 0-Studio    $14,864   $96  7.8%
                     1-Bedroom   $29,728  $161  6.5%
                     2-Bedroom   $36,665  $198  6.5%
                     3-Bedroom   $44,592  $198  5.3%",,,"Stip, North Macedonia",41.7374724,22.1935856
Norway,Bergen,4.009624220487243,"                                      Price    Rent Yield
Neighbor               Apartments                        
Bergen (all locations) 2-Bedroom   $325,530  $1,212  4.5%
                       3-Bedroom   $418,805  $1,399  4.0%
                       4-Bedroom   $670,647  $1,623  2.9%
City Center            1-Bedroom   $275,162  $1,119  4.9%
                       2-Bedroom   $391,756  $1,306  4.0%
                       3-Bedroom   $587,633  $1,399  2.9%
                       4-Bedroom   $727,546  $1,763  2.9%",4.24498620952694,"                                 Price    Rent Yield
Neighbor          Apartments                        
City Center       1-Bedroom   $283,482  $1,037  4.4%
                  3-Bedroom   $623,659  $1,826  3.5%
Outside of Center 1-Bedroom   $188,462    $850  5.4%
                  3-Bedroom   $414,618  $1,417  4.1%","Bergen, Norway",60.3943055,5.3259192
Norway,Oslo,2.76829398482286,"                                    Price    Rent Yield
Neighbor             Apartments                        
City Center          1-Bedroom   $335,790  $1,119  4.0%
                     2-Bedroom   $460,779  $1,212  3.2%
                     3-Bedroom   $559,650  $1,399  3.0%
                     4-Bedroom   $577,373  $1,678  3.5%
Oslo - All Locations 1-Bedroom   $382,428  $2,192  6.9%
                     2-Bedroom   $521,407  $1,306  3.0%
                     3-Bedroom   $736,872  $1,399  2.3%
                     4-Bedroom   $791,905  $1,670  2.5%",3.3246456295772933,"                                 Price    Rent Yield
Neighbor          Apartments                        
City Center       1-Bedroom   $421,958  $1,289  3.7%
                  3-Bedroom   $928,309  $2,029  2.6%
Outside of Center 1-Bedroom   $297,173  $1,109  4.5%
                  3-Bedroom   $653,781  $1,625  3.0%","Oslo, Norway",59.9133301,10.7389701
Norway,Stavanger,,,4.471915174098006,"                                 Price    Rent Yield
Neighbor          Apartments                        
City Center       1-Bedroom   $245,346  $1,033  5.1%
                  3-Bedroom   $539,761  $1,878  4.2%
Outside of Center 1-Bedroom   $193,994    $771  4.8%
                  3-Bedroom   $426,788  $1,255  3.5%","Stavanger, Norway",58.9699675,5.7318101
Norway,Tromso,,,3.8948636313362885,"                                 Price    Rent Yield
Neighbor          Apartments                        
City Center       1-Bedroom   $291,956  $1,073  4.4%
                  3-Bedroom   $642,302  $1,991  3.7%
Outside of Center 1-Bedroom   $235,402    $798  4.1%
                  3-Bedroom   $517,883  $1,420  3.3%","Tromso, Norway",69.6516345,18.9558585
Norway,Trondheim,,,2.7443620805530657,"                                 Price    Rent Yield
Neighbor          Apartments                        
City Center       1-Bedroom   $426,977  $1,049  2.9%
                  3-Bedroom   $939,349  $1,959  2.5%
Outside of Center 1-Bedroom   $305,447    $881  3.5%
                  3-Bedroom   $671,983  $1,423  2.5%","Trondheim, Norway",63.4304475,10.3952118
Oman,Muscat,3.3842684005159627,"                                      Price    Rent Yield
Neighbor               Apartments                        
Muscat (all locations) 1-Bedroom   $187,032    $494  3.2%
                       2-Bedroom   $233,791    $714  3.7%
                       3-Bedroom   $285,744    $857  3.6%
                       4+Bedroom   $434,461  $1,039  2.9%",7.449119331736154,"                                 Price    Rent Yield
Neighbor          Apartments                        
City Center       1-Bedroom   $104,325    $640  7.4%
                  3-Bedroom   $229,515  $1,242  6.5%
Outside of Center 1-Bedroom    $64,935    $453  8.4%
                  3-Bedroom   $142,857    $897  7.5%","Muscat, Oman",23.5882019,58.3829448
Pakistan,Faisalabad,,,12.395171592655755,"                                Price  Rent  Yield
Neighbor          Apartments                      
City Center       1-Bedroom    $9,914  $105  12.7%
                  3-Bedroom   $21,812  $181  10.0%
Outside of Center 1-Bedroom    $5,666   $61  13.0%
                  3-Bedroom   $12,464  $125  12.0%","Faisalabad, Pakistan",31.4220558,73.0923253
Pakistan,Islamabad,,,5.134055054059142,"                                Price  Rent Yield
Neighbor          Apartments                     
City Center       1-Bedroom   $33,366  $158  5.7%
                  3-Bedroom   $73,404  $372  6.1%
Outside of Center 1-Bedroom   $28,071   $91  3.9%
                  3-Bedroom   $61,757  $236  4.6%","Islamabad, Pakistan",33.6938118,73.0651511
Pakistan,Karachi,,,4.1771132974189165,"                                Price  Rent Yield
Neighbor          Apartments                     
City Center       1-Bedroom   $30,537  $102  4.0%
                  3-Bedroom   $67,181  $210  3.8%
Outside of Center 1-Bedroom   $17,980   $72  4.8%
                  3-Bedroom   $39,557  $143  4.3%","Karachi, Pakistan",24.8546842,67.0207055
Pakistan,Lahore,,,4.800392403234382,"                                Price  Rent Yield
Neighbor          Apartments                     
City Center       1-Bedroom   $26,690  $110  5.0%
                  3-Bedroom   $58,719  $227  4.6%
Outside of Center 1-Bedroom   $18,252   $71  4.6%
                  3-Bedroom   $40,154  $169  5.0%","Lahore, Pakistan",31.5656822,74.3141829
Palestine,Ramallah,,,9.57674335538502,"                                 Price  Rent  Yield
Neighbor          Apartments                       
City Center       1-Bedroom    $53,640  $451  10.1%
                  3-Bedroom   $118,007  $819   8.3%
Outside of Center 1-Bedroom    $38,938  $351  10.8%
                  3-Bedroom    $85,664  $648   9.1%","Ramallah, Palestine",31.898043,35.204269
Panama,Coclé,7.91706279185337,"                                     Price    Rent  Yield
Neighbor              Apartments                         
Coclé (all locations) 0-Studio    $167,152  $1,450  10.4%
                      1-Bedroom   $275,000  $1,450   6.3%
                      2-Bedroom   $239,827  $1,900   9.5%
                      3-Bedroom   $680,000  $3,500   6.2%",,,"Coclé, Panama",8.4604873,-80.4305652
Panama,Panama,5.7435897435897445,"                               Price     Rent  Yield
Neighbor      Apartments                            
Balboa Avenue 0-Studio      $255,000   $1,300   6.1%
              1-Bedroom     $320,000   $1,750   6.6%
              2-Bedroom     $454,500   $2,400   6.3%
              3-Bedroom     $525,000   $2,700   6.2%
Bella Vista   0-Studio      $138,626     $980   8.5%
              1-Bedroom     $232,500   $1,250   6.5%
              2-Bedroom     $343,550   $1,650   5.8%
              3-Bedroom     $729,400   $3,800   6.3%
Coco del Mar  0-Studio      $225,000   $1,000   5.3%
              1-Bedroom     $270,000   $1,500   6.7%
              2-Bedroom     $390,000   $2,000   6.2%
              3-Bedroom     $545,000   $2,250   5.0%
East Coast    0-Studio      $290,000   $1,600   6.6%
              1-Bedroom     $295,000   $2,000   8.1%
              2-Bedroom     $499,000   $2,700   6.5%
              3-Bedroom   $1,050,000   $4,700   5.4%
              4+Bedroom   $1,800,000   $7,000   4.7%
El Cangrejo   0-Studio      $180,000   $1,000   6.7%
              1-Bedroom     $200,000   $1,100   6.6%
              2-Bedroom     $292,800   $1,250   5.1%
              3-Bedroom     $369,000   $2,750   8.9%
              4+Bedroom     $597,000   $3,000   6.0%
Pacific Point 0-Studio      $300,000   $1,500   6.0%
              1-Bedroom     $450,000   $2,000   5.3%
              2-Bedroom     $560,000   $2,500   5.4%
              3-Bedroom   $1,100,000   $5,000   5.5%
              4+Bedroom   $2,175,000   $6,100   3.4%
San Francisco 0-Studio      $180,000   $1,100   7.3%
              1-Bedroom     $195,000   $1,180   7.3%
              2-Bedroom     $310,000   $1,500   5.8%
              3-Bedroom     $560,000   $5,000  10.7%
Santa Maria   1-Bedroom     $351,535   $3,300  11.3%
              2-Bedroom     $819,000   $3,400   5.0%
              3-Bedroom   $1,150,000   $8,000   8.3%
              4+Bedroom   $2,200,000  $14,000   7.6%",8.573009430509456,"                                 Price    Rent Yield
Neighbor          Apartments                        
City Center       1-Bedroom   $122,084    $919  9.0%
                  3-Bedroom   $268,584  $1,889  8.4%
Outside of Center 1-Bedroom    $71,037    $515  8.7%
                  3-Bedroom   $156,281    $976  7.5%","Panama, Panama",8.9714493,-79.5341802
Panama,Panama Oeste,6.06376811594203,"                                           Price    Rent Yield
Neighbor                    Apartments                        
Panam Oeste (all locations) 0-Studio    $155,500    $850  6.6%
                            1-Bedroom   $230,000  $1,200  6.3%
                            2-Bedroom   $350,000  $1,600  5.5%
                            3-Bedroom   $450,000  $2,200  5.9%",,,"Panama Oeste, Panama",8.814632542,-79.906137853
Paraguay,Asuncion,,,7.564040813253194,"                                 Price  Rent Yield
Neighbor          Apartments                      
City Center       1-Bedroom    $61,588  $396  7.7%
                  3-Bedroom   $135,495  $682  6.0%
Outside of Center 1-Bedroom    $47,877  $296  7.4%
                  3-Bedroom   $105,329  $714  8.1%","Asuncion, Paraguay",-25.2800459,-57.6343814
Peru,Arequipa,6.0526968497420635,"                                        Price    Rent Yield
Neighbor                 Apartments                        
Arequipa (all locations) 0-Studio     $74,946    $364  5.8%
                         1-Bedroom    $95,931    $420  5.3%
                         2-Bedroom   $131,906    $690  6.3%
                         3-Bedroom   $184,868  $1,049  6.8%",,,"Arequipa, Peru",-16.3988667,-71.5369607
Peru,Lima,6.411671099857132,"                          Price    Rent Yield
Neighbor   Apartments                        
Barranco   0-Studio    $125,373    $602  5.8%
           1-Bedroom   $171,510    $853  6.0%
           2-Bedroom   $260,776    $921  4.2%
           3-Bedroom   $666,985  $3,085  5.6%
Chorrillos 1-Bedroom   $125,554    $483  4.6%
           2-Bedroom   $151,803    $467  3.7%
           3-Bedroom   $198,252    $762  4.6%
La Molina  1-Bedroom   $131,706    $521  4.7%
           2-Bedroom   $177,906    $678  4.6%
           3-Bedroom   $231,807    $912  4.7%
Miraflores 0-Studio    $165,589    $700  5.1%
           1-Bedroom   $226,781    $949  5.0%
           2-Bedroom   $318,772  $1,399  5.3%
           3-Bedroom   $479,657  $2,198  5.5%
San Borja  0-Studio    $154,889    $391  3.0%
           1-Bedroom   $179,871    $665  4.4%
           2-Bedroom   $284,796    $999  4.2%
           3-Bedroom   $358,743  $1,099  3.7%
San Isidro 0-Studio    $134,903    $650  5.8%
           1-Bedroom   $263,811    $999  4.5%
           2-Bedroom   $494,646  $1,649  4.0%
           3-Bedroom   $684,510  $2,798  4.9%
           4+Bedroom   $879,371  $3,997  5.5%
Surquillo  0-Studio     $86,093    $460  6.4%
           1-Bedroom   $116,916    $630  6.5%
           2-Bedroom   $139,900    $704  6.0%",5.426378531155689,"                                 Price  Rent Yield
Neighbor          Apartments                      
City Center       1-Bedroom    $98,843  $519  6.3%
                  3-Bedroom   $217,455  $978  5.4%
Outside of Center 1-Bedroom    $73,144  $332  5.5%
                  3-Bedroom   $160,917  $683  5.1%","Lima, Peru",-12.0621065,-77.0365256
Philippines,Cebu City,5.572480906771313,"                                         Price    Rent Yield
Neighbor                  Apartments                        
Cebu City (all locations) 0-Studio     $54,850    $273  6.0%
                          1-Bedroom    $98,834    $426  5.2%
                          2-Bedroom   $134,619    $767  6.8%
                          3-Bedroom   $333,408  $1,108  4.0%",,,"Cebu City, Philippines",10.2931062,123.9020773
Philippines,Manila,,,2.865806080861134,"                                 Price    Rent Yield
Neighbor          Apartments                        
City Center       1-Bedroom   $225,905    $567  3.0%
                  3-Bedroom   $496,992  $1,617  3.9%
Outside of Center 1-Bedroom   $144,400    $293  2.4%
                  3-Bedroom   $317,680    $720  2.7%","Manila, Philippines",14.5948914,120.9782618
Philippines,Metro Manila,6.115795346449507,"                                  Price    Rent Yield
Neighbor         Apartments                          
Mandaluyong City 0-Studio       $62,266    $273  5.3%
                 1-Bedroom      $73,274    $392  6.4%
                 2-Bedroom     $117,579    $579  5.9%
                 3-Bedroom     $332,288  $1,704  6.2%
                 4+Bedroom     $500,988  $2,045  4.9%
Manila City      0-Studio       $68,162    $272  4.8%
                 1-Bedroom      $80,080    $341  5.1%
                 2-Bedroom      $93,665    $545  7.0%
                 3-Bedroom     $247,956    $988  4.8%
                 4+Bedroom     $443,051  $2,725  7.4%
Paranaque City   0-Studio       $56,233    $204  4.4%
                 1-Bedroom      $68,076    $307  5.4%
                 2-Bedroom      $92,461    $426  5.5%
                 3-Bedroom     $187,445    $852  5.5%
                 4+Bedroom     $570,854  $2,556  5.4%
Pasay City       0-Studio       $85,202    $341  4.8%
                 1-Bedroom     $102,243    $426  5.0%
                 2-Bedroom     $195,965    $682  4.2%
                 3-Bedroom     $274,351  $1,363  6.0%
                 4+Bedroom     $511,213  $2,215  5.2%
Pasig City       0-Studio       $59,641    $256  5.2%
                 1-Bedroom      $69,866    $375  6.4%
                 2-Bedroom     $115,875    $545  5.6%
                 3-Bedroom     $238,566  $1,176  5.9%
                 4+Bedroom     $451,571  $1,363  3.6%
Quezon City      0-Studio       $54,516    $256  5.6%
                 1-Bedroom      $61,346    $307  6.0%
                 2-Bedroom     $105,651    $477  5.4%
                 3-Bedroom     $190,682    $852  5.4%
                 4+Bedroom     $545,293  $2,215  4.9%
San Juan City    0-Studio       $69,864    $324  5.6%
                 1-Bedroom      $76,682    $426  6.7%
                 2-Bedroom     $124,395    $767  7.4%
                 3-Bedroom     $374,889  $1,108  3.5%
Taguig City      0-Studio      $110,086    $511  5.6%
                 1-Bedroom     $131,131    $681  6.2%
                 2-Bedroom     $223,093  $1,192  6.4%
                 3-Bedroom     $502,384  $2,044  4.9%
                 4+Bedroom   $2,469,346  $2,895  1.4%",,,"Metro Manila, Philippines",14.5948914,120.9782618
Philippines,Quezon City,,,5.872646609493939,"                                 Price    Rent Yield
Neighbor          Apartments                        
City Center       1-Bedroom    $75,294    $393  6.3%
                  3-Bedroom   $165,646  $1,016  7.4%
Outside of Center 1-Bedroom    $56,155    $189  4.0%
                  3-Bedroom   $123,542    $565  5.5%","Quezon City, Philippines",14.6508048,121.0482073
Poland,Bialystok,,,4.258219993629283,"                                 Price  Rent Yield
Neighbor          Apartments                      
City Center       1-Bedroom   $114,992  $460  4.8%
                  3-Bedroom   $252,981  $714  3.4%
Outside of Center 1-Bedroom   $101,421  $421  5.0%
                  3-Bedroom   $223,126  $690  3.7%","Bialystok, Poland",53.12750505,23.147050870161664
Poland,Bydgoszcz,7.302733367715317,"                                         Price  Rent Yield
Neighbor                  Apartments                      
Bydgoszcz (all locations) 0-Studio     $47,654  $290  7.3%
                          1-Bedroom    $66,095  $415  7.5%
                          2-Bedroom    $85,432  $518  7.3%
                          3-Bedroom   $112,918  $715  7.6%
                          4+Bedroom   $134,573  $772  6.9%",3.8896597624241926,"                                 Price  Rent Yield
Neighbor          Apartments                      
City Center       1-Bedroom   $134,153  $493  4.4%
                  3-Bedroom   $295,137  $699  2.8%
Outside of Center 1-Bedroom   $102,135  $437  5.1%
                  3-Bedroom   $224,697  $630  3.4%","Bydgoszcz, Poland",53.1219648,18.0002529
Poland,Gdansk,6.921388779472173,"                                      Price    Rent Yield
Neighbor               Apartments                        
Center                 0-Studio    $134,757    $514  4.6%
                       1-Bedroom   $162,268    $658  4.9%
                       2-Bedroom   $212,989  $1,028  5.8%
                       3-Bedroom   $265,198  $1,336  6.0%
Gdańsk (all locations) 0-Studio     $98,917    $517  6.3%
                       1-Bedroom   $103,462    $620  7.2%
                       2-Bedroom   $139,761    $806  6.9%
                       3-Bedroom   $178,936  $1,241  8.3%
                       4+Bedroom   $292,548  $1,111  4.6%",3.5644372020059474,"                                 Price    Rent Yield
Neighbor          Apartments                        
City Center       1-Bedroom   $220,470    $692  3.8%
                  3-Bedroom   $485,033  $1,104  2.7%
Outside of Center 1-Bedroom   $133,324    $577  5.2%
                  3-Bedroom   $293,312    $822  3.4%","Gdansk, Poland",54.3706858,18.61298210330077
Poland,Gdynia,,,3.1433393783596255,"                                 Price    Rent Yield
Neighbor          Apartments                        
City Center       1-Bedroom   $236,590    $610  3.1%
                  3-Bedroom   $520,497  $1,013  2.3%
Outside of Center 1-Bedroom   $132,430    $500  4.5%
                  3-Bedroom   $291,347    $775  3.2%","Gdynia, Poland",54.5164982,18.5402738
Poland,Katowice,,,4.023920063795833,"                                 Price  Rent Yield
Neighbor          Apartments                      
City Center       1-Bedroom   $135,775  $475  4.2%
                  3-Bedroom   $298,705  $728  2.9%
Outside of Center 1-Bedroom    $89,122  $397  5.3%
                  3-Bedroom   $196,068  $629  3.9%","Katowice, Poland",50.2598987,19.0215852
Poland,Krakow,4.999547142468979,"                          Price    Rent Yield
Neighbor   Apartments                        
Debniki    0-Studio     $79,391    $414  6.3%
           1-Bedroom   $112,678    $574  6.1%
           2-Bedroom   $146,585    $765  6.3%
           3-Bedroom   $184,005  $1,333  8.7%
Grzegórzki 0-Studio    $105,441    $517  5.9%
           1-Bedroom   $130,665    $693  6.4%
           2-Bedroom   $186,074    $827  5.3%
Krowodrza  0-Studio     $88,723    $455  6.2%
           1-Bedroom   $123,842    $641  6.2%
           2-Bedroom   $181,938    $796  5.3%
           3-Bedroom   $243,397  $1,241  6.1%
Old Town   0-Studio    $112,162    $517  5.5%
           1-Bedroom   $178,858    $682  4.6%
           2-Bedroom   $267,739  $1,034  4.6%
           3-Bedroom   $353,539  $1,713  5.8%
           4+Bedroom   $520,996  $2,171  5.0%
Podgórze   0-Studio     $92,520    $496  6.4%
           1-Bedroom   $115,572    $620  6.4%
           2-Bedroom   $144,809    $744  6.2%
           3-Bedroom   $194,343    $951  5.9%",4.200395533497744,"                                 Price    Rent Yield
Neighbor          Apartments                        
City Center       1-Bedroom   $198,174    $777  4.7%
                  3-Bedroom   $435,983  $1,175  3.2%
Outside of Center 1-Bedroom   $128,442    $616  5.8%
                  3-Bedroom   $282,572    $871  3.7%","Krakow, Poland",50.0619474,19.9368564
Poland,Lodz,7.578218884433014,"                                    Price    Rent  Yield
Neighbor             Apartments                         
Center               0-Studio     $60,536    $373   7.4%
                     1-Bedroom    $82,445    $476   6.9%
                     2-Bedroom   $117,743    $785   8.0%
                     3-Bedroom   $119,067  $1,034  10.4%
Łódź (all locations) 0-Studio     $56,856    $331   7.0%
                     1-Bedroom    $70,295    $455   7.8%
                     2-Bedroom    $94,070    $579   7.4%
                     3-Bedroom   $123,429    $971   9.4%",4.891827256028769,"                                 Price  Rent Yield
Neighbor          Apartments                      
City Center       1-Bedroom   $107,796  $502  5.6%
                  3-Bedroom   $237,151  $754  3.8%
Outside of Center 1-Bedroom    $87,047  $428  5.9%
                  3-Bedroom   $191,503  $669  4.2%","Lodz, Poland",51.7687323,19.4569911
Poland,Lublin,7.132401340026918,"                                      Price  Rent Yield
Neighbor               Apartments                      
Lublin (all locations) 0-Studio     $67,193  $373  6.7%
                       1-Bedroom    $77,531  $496  7.7%
                       2-Bedroom   $100,066  $595  7.1%
                       3-Bedroom   $114,241  $579  6.1%
                       4+Bedroom   $142,308  $868  7.3%",,,"Lublin, Poland",51.250559,22.5701022
Poland,Poznan,6.162506681461735,"                                      Price  Rent Yield
Neighbor               Apartments                      
Poznań (all locations) 0-Studio     $76,454  $373  5.8%
                       1-Bedroom    $94,646  $518  6.6%
                       2-Bedroom   $124,316  $642  6.2%
                       3-Bedroom   $145,295  $746  6.2%
                       4+Bedroom   $183,885  $870  5.7%",4.05635711042264,"                                 Price  Rent Yield
Neighbor          Apartments                      
City Center       1-Bedroom   $150,121  $568  4.5%
                  3-Bedroom   $330,266  $868  3.2%
Outside of Center 1-Bedroom   $106,763  $464  5.2%
                  3-Bedroom   $234,879  $699  3.6%","Poznan, Poland",52.4006632,16.91973259178088
Poland,Szczecin,,,4.945534271867066,"                                 Price  Rent Yield
Neighbor          Apartments                      
City Center       1-Bedroom   $112,658  $534  5.7%
                  3-Bedroom   $247,848  $868  4.2%
Outside of Center 1-Bedroom    $96,719  $509  6.3%
                  3-Bedroom   $212,782  $717  4.0%","Szczecin, Poland",53.4301818,14.5509623
Poland,Warsaw,6.793818759853693,"                              Price    Rent  Yield
Neighbor       Apartments                         
Bemowo         0-Studio     $96,622    $550   6.8%
               1-Bedroom   $123,491    $616   6.0%
               2-Bedroom   $158,750    $776   5.9%
               3-Bedroom   $201,330    $976   5.8%
Białołęka      0-Studio     $77,056    $427   6.6%
               1-Bedroom    $98,679    $535   6.5%
               2-Bedroom   $123,348    $720   7.0%
Bielany        0-Studio     $81,204    $494   7.3%
               1-Bedroom   $101,762    $602   7.1%
               2-Bedroom   $150,074    $812   6.5%
               3-Bedroom   $221,513    $807   4.4%
Downtown       0-Studio    $123,142    $607   5.9%
               1-Bedroom   $163,848    $925   6.8%
               2-Bedroom   $287,812  $1,645   6.9%
               3-Bedroom   $490,308  $2,261   5.5%
               4+Bedroom   $760,646  $3,318   5.2%
Mokotow        0-Studio    $117,859    $514   5.2%
               1-Bedroom   $136,558    $761   6.7%
               2-Bedroom   $195,942  $1,213   7.4%
               3-Bedroom   $292,139  $2,467  10.1%
               4+Bedroom   $573,294  $3,495   7.3%
Praga Południe 0-Studio    $102,790    $514   6.0%
               1-Bedroom   $123,737    $658   6.4%
               2-Bedroom   $162,408    $822   6.1%
               3-Bedroom   $211,054  $1,741   9.9%
               4+Bedroom   $290,176  $2,159   8.9%
Ursynow        0-Studio     $83,722    $503   7.2%
               1-Bedroom   $123,348    $658   6.4%
               2-Bedroom   $169,603    $822   5.8%
               3-Bedroom   $228,604  $1,234   6.5%
               4+Bedroom   $359,559  $1,799   6.0%
Wola           0-Studio    $104,846    $586   6.7%
               1-Bedroom   $148,017    $766   6.2%
               2-Bedroom   $195,301  $1,151   7.1%
               3-Bedroom   $307,055  $1,953   7.6%
               4+Bedroom   $490,102  $2,467   6.0%",4.528865121180345,"                                 Price    Rent Yield
Neighbor          Apartments                        
City Center       1-Bedroom   $243,725    $914  4.5%
                  3-Bedroom   $536,195  $1,795  4.0%
Outside of Center 1-Bedroom   $148,131    $694  5.6%
                  3-Bedroom   $325,888  $1,238  4.6%","Warsaw, Poland",52.2319581,21.0067249
Poland,Wroclaw,6.5923511319232935,"                         Price    Rent  Yield
Neighbor  Apartments                         
Downtown  0-Studio    $100,322    $517   6.2%
          1-Bedroom   $119,708    $657   6.6%
          2-Bedroom   $155,061    $930   7.2%
          3-Bedroom   $206,748  $1,137   6.6%
Fabryczna 0-Studio     $70,088    $517   8.9%
          1-Bedroom    $97,553    $620   7.6%
          2-Bedroom   $122,783    $734   7.2%
          3-Bedroom   $154,502    $982   7.6%
Krzyki    0-Studio     $68,961    $517   9.0%
          1-Bedroom    $94,690    $662   8.4%
          2-Bedroom   $124,296    $806   7.8%
          3-Bedroom   $164,406  $1,241   9.1%
          4+Bedroom   $209,746  $2,481  14.2%
Old Town  0-Studio    $103,538    $558   6.5%
          1-Bedroom   $130,633    $724   6.6%
          2-Bedroom   $157,752  $1,055   8.0%",4.846547138290755,"                                 Price    Rent Yield
Neighbor          Apartments                        
City Center       1-Bedroom   $158,596    $701  5.3%
                  3-Bedroom   $348,912  $1,070  3.7%
Outside of Center 1-Bedroom   $114,192    $582  6.1%
                  3-Bedroom   $251,222    $918  4.4%","Wroclaw, Poland",51.1089776,17.0326689
Portugal,Aveiro,5.019082755549902,"                                      Price  Rent Yield
Neighbor               Apartments                      
Aveiro (all locations) 0-Studio    $144,356  $626  5.2%
                       1-Bedroom   $171,061  $722  5.1%
                       2-Bedroom   $191,512  $794  5.0%
                       3-Bedroom   $211,625  $770  4.4%",,,"Aveiro, Portugal",40.640496,-8.6537841
Portugal,Braga,4.457872340425532,"                                     Price  Rent Yield
Neighbor              Apartments                      
Braga (all locations) 1-Bedroom   $143,393  $770  6.4%
                      2-Bedroom   $192,474  $693  4.3%
                      3-Bedroom   $226,157  $866  4.6%
                      4+Bedroom   $273,073  $852  3.7%",,,"Braga, Portugal",41.5510583,-8.4280045
Portugal,Cascais,,,4.70301529456459,"                                 Price    Rent Yield
Neighbor          Apartments                        
City Center       1-Bedroom   $290,745  $1,178  4.9%
                  3-Bedroom   $639,639  $2,422  4.5%
Outside of Center 1-Bedroom   $191,576    $858  5.4%
                  3-Bedroom   $421,467  $1,578  4.5%","Cascais, Portugal",38.72240025,-9.396909171649876
Portugal,Coimbra,,,5.592915029947589,"                                 Price  Rent Yield
Neighbor          Apartments                      
City Center       1-Bedroom   $123,806  $638  6.2%
                  3-Bedroom   $272,373  $926  4.1%
Outside of Center 1-Bedroom    $78,693  $465  7.1%
                  3-Bedroom   $173,125  $721  5.0%","Coimbra, Portugal",40.2111931,-8.4294632
Portugal,Faro,4.602739726027397,"                                    Price    Rent Yield
Neighbor             Apartments                        
Faro (all locations) 0-Studio    $143,874    $674  5.6%
                     1-Bedroom   $198,730    $722  4.4%
                     2-Bedroom   $249,254    $962  4.6%
                     3-Bedroom   $351,265  $1,347  4.6%
                     4+Bedroom   $393,610  $1,347  4.1%",,,"Faro, Portugal",37.0162727,-7.9351771
Portugal,Funchal,5.336723882178427,"                                       Price    Rent Yield
Neighbor                Apartments                        
Funchal (all locations) 0-Studio    $151,381    $674  5.3%
                        1-Bedroom   $255,028    $986  4.6%
                        2-Bedroom   $341,642  $2,406  8.5%
                        3-Bedroom   $433,067  $1,925  5.3%",,,"Funchal, Portugal",32.6496497,-16.9086783
Portugal,Lisbon,3.0638297872340425,"                        Price    Rent  Yield
Neighbor Apartments                         
Cascais  0-Studio    $230,969    $986   5.1%
         1-Bedroom   $365,701  $1,444   4.7%
         2-Bedroom   $368,107  $1,925   6.3%
         3-Bedroom   $688,095  $2,839   5.0%
         4+Bedroom   $957,559  $4,186   5.2%
Lisbon   0-Studio    $274,276  $1,107   4.8%
         1-Bedroom   $377,731  $1,395   4.4%
         2-Bedroom   $287,749  $1,732   7.2%
         3-Bedroom   $430,180  $2,117   5.9%
         4+Bedroom   $856,510  $3,152   4.4%
Oeiras   2-Bedroom   $452,314  $1,155   3.1%
         3-Bedroom   $608,647  $1,732   3.4%
         4+Bedroom   $839,669  $2,045   2.9%
Sintra   1-Bedroom   $129,920    $731   6.8%
         2-Bedroom   $158,791    $765   5.8%
         3-Bedroom   $216,534  $1,732   9.6%
         4+Bedroom   $322,394  $2,791  10.4%",5.469893365414504,"                                 Price    Rent Yield
Neighbor          Apartments                        
City Center       1-Bedroom   $288,406  $1,347  5.6%
                  3-Bedroom   $634,493  $2,441  4.6%
Outside of Center 1-Bedroom   $153,068    $855  6.7%
                  3-Bedroom   $336,750  $1,497  5.3%","Lisbon, Portugal",38.7077507,-9.1365919
Portugal,Porto,5.042016806722689,"                                 Price    Rent Yield
Neighbor          Apartments                        
Matosinhos        0-Studio    $162,641    $693  5.1%
                  1-Bedroom   $199,211    $842  5.1%
                  2-Bedroom   $286,305  $1,203  5.0%
                  3-Bedroom   $471,562  $1,347  3.4%
                  4+Bedroom   $668,848  $2,069  3.7%
Porto             0-Studio    $205,947  $1,155  6.7%
                  1-Bedroom   $226,157    $962  5.1%
                  2-Bedroom   $312,771  $1,155  4.4%
                  3-Bedroom   $399,384  $1,732  5.2%
                  4+Bedroom   $554,326  $1,925  4.2%
Vila Nova de Gaia 0-Studio    $200,173  $1,059  6.3%
                  1-Bedroom   $163,603    $674  4.9%
                  2-Bedroom   $235,781    $760  3.9%
                  3-Bedroom   $322,394  $1,251  4.7%
                  4+Bedroom   $577,423  $2,406  5.0%",5.667696427324302,"                                 Price    Rent Yield
Neighbor          Apartments                        
City Center       1-Bedroom   $181,659    $913  6.0%
                  3-Bedroom   $399,650  $1,660  5.0%
Outside of Center 1-Bedroom   $115,346    $705  7.3%
                  3-Bedroom   $253,761  $1,122  5.3%","Porto, Portugal",41.1494512,-8.6107884
Portugal,Setubal,5.687265386294194,"                                       Price  Rent Yield
Neighbor                Apartments                      
Setubal (all locations) 2-Bedroom   $152,055  $804  6.3%
                        3-Bedroom   $223,270  $936  5.0%",,,"Setubal, Portugal",38.5241783,-8.8932341
Puerto Rico,San Juan,8.511948529411764,"                                 Price    Rent  Yield
Neighbor        Apartments                           
Condado-Miramar 1-Bedroom     $355,000  $2,100   7.1%
                2-Bedroom     $705,000  $3,000   5.1%
                3-Bedroom     $850,000  $5,000   7.1%
                4+Bedroom   $2,000,000  $6,500   3.9%
Hato Rey        1-Bedroom     $120,000    $550   5.5%
                2-Bedroom     $145,000    $975   8.1%
                3-Bedroom     $190,000  $2,000  12.6%
                4+Bedroom     $400,000  $2,700   8.1%
Isla Verde      1-Bedroom     $275,000  $1,900   8.3%
                2-Bedroom     $450,000  $3,200   8.5%
                3-Bedroom     $595,000  $3,500   7.1%
Rio Piedras     1-Bedroom      $85,000    $575   8.1%
                2-Bedroom     $125,000    $700   6.7%
                3-Bedroom     $128,000    $950   8.9%
                4+Bedroom     $100,000  $1,100  13.2%",11.4485326530507,"                                 Price    Rent  Yield
Neighbor          Apartments                         
City Center       1-Bedroom   $170,877  $2,053  14.4%
                  3-Bedroom   $375,929  $2,894   9.2%
Outside of Center 1-Bedroom   $121,094  $1,378  13.7%
                  3-Bedroom   $266,407  $2,031   9.1%","San Juan, Puerto Rico",18.465299,-66.116666
Qatar,Doha,9.456470220909056,"                                      Price    Rent  Yield
Neighbor             Apartments                           
Doha (all locations) 0-Studio      $315,847  $2,609   9.9%
                     1-Bedroom     $392,166  $3,296  10.1%
                     2-Bedroom     $439,440  $3,296   9.0%
                     3-Bedroom     $631,695  $4,119   7.8%
The Pearl            0-Studio      $343,312  $2,747   9.6%
                     1-Bedroom     $453,172  $3,296   8.7%
                     2-Bedroom     $648,174  $4,120   7.6%
                     3-Bedroom     $878,879  $4,944   6.8%
                     4+Bedroom   $1,693,271  $7,004   5.0%",7.504137564798851,"                                 Price    Rent Yield
Neighbor          Apartments                        
City Center       1-Bedroom   $236,395  $1,780  9.0%
                  3-Bedroom   $520,069  $3,442  7.9%
Outside of Center 1-Bedroom   $189,312  $1,115  7.1%
                  3-Bedroom   $416,486  $2,328  6.7%","Doha, Qatar",25.2856329,51.5264162
Qatar,Lusail,8.791729893778452,"                                      Price    Rent Yield
Neighbor               Apartments                        
Lusail (all locations) 1-Bedroom   $337,408  $2,472  8.8%
                       2-Bedroom   $439,440  $3,296  9.0%
                       3-Bedroom   $559,005  $3,708  8.0%",,,"Lusail, Qatar",25.4228888,51.5197163
Romania,Brasov,6.261618004131384,"                                      Price  Rent Yield
Neighbor               Apartments                      
Brasov (all locations) 0-Studio     $51,407  $349  8.2%
                       1-Bedroom    $82,632  $449  6.5%
                       2-Bedroom   $119,784  $599  6.0%
                       3-Bedroom   $141,945  $699  5.9%",4.992794709034433,"                                 Price  Rent Yield
Neighbor          Apartments                      
City Center       1-Bedroom    $86,239  $411  5.7%
                  3-Bedroom   $189,726  $698  4.4%
Outside of Center 1-Bedroom    $66,949  $311  5.6%
                  3-Bedroom   $147,288  $525  4.3%","Brasov, Romania",45.6523093,25.6102746
Romania,Bucharest,5.767473778295508,"                              Price    Rent Yield
Neighbor       Apartments                        
Berceni        0-Studio     $43,422    $299  8.3%
               1-Bedroom    $64,384    $349  6.5%
               2-Bedroom    $90,836    $449  5.9%
               3-Bedroom   $109,802    $549  6.0%
Băneasa        0-Studio     $83,350    $389  5.6%
               1-Bedroom   $117,973    $599  6.1%
               2-Bedroom   $174,686    $998  6.9%
               3-Bedroom   $391,795  $1,098  3.4%
Drumul Taberei 0-Studio     $47,914    $299  7.5%
               1-Bedroom    $67,878    $379  6.7%
               2-Bedroom    $83,100    $399  5.8%
               3-Bedroom   $104,811    $499  5.7%
Floreasca      0-Studio     $74,765    $399  6.4%
               1-Bedroom   $158,664    $649  4.9%
               2-Bedroom   $351,168  $1,797  6.1%
               3-Bedroom   $732,681  $3,294  5.4%
Militari       0-Studio     $35,935    $240  8.0%
               1-Bedroom    $59,891    $319  6.4%
               2-Bedroom    $85,796    $399  5.6%
Titan          0-Studio     $49,673    $299  7.2%
               1-Bedroom    $73,401    $399  6.5%
               2-Bedroom   $102,815    $449  5.2%
               3-Bedroom   $139,046    $524  4.5%
Ultracentral   0-Studio     $64,883    $398  7.4%
               1-Bedroom   $127,770    $579  5.4%
               2-Bedroom   $206,803    $594  3.4%
               3-Bedroom   $315,432  $1,298  4.9%",4.405214790664386,"                                 Price  Rent Yield
Neighbor          Apartments                      
City Center       1-Bedroom   $132,342  $504  4.6%
                  3-Bedroom   $291,154  $901  3.7%
Outside of Center 1-Bedroom    $77,420  $353  5.5%
                  3-Bedroom   $170,325  $601  4.2%","Bucharest, Romania",44.4361414,26.1027202
Romania,Cluj-Napoca,4.403420523138833,"                          Price    Rent Yield
Neighbor   Apartments                        
Bună Ziua  0-Studio    $102,815    $354  4.1%
           1-Bedroom   $141,745    $534  4.5%
           2-Bedroom   $209,623    $749  4.3%
           3-Bedroom   $291,969  $1,497  6.2%
Central    0-Studio     $86,844    $489  6.8%
           1-Bedroom   $149,730    $599  4.8%
           2-Bedroom   $199,641    $799  4.8%
           3-Bedroom   $339,289    $948  3.4%
Gheorgheni 0-Studio     $76,363    $359  5.6%
           1-Bedroom   $124,676    $549  5.3%
           2-Bedroom   $173,188    $699  4.8%
           3-Bedroom   $239,569    $908  4.5%
Mănăştur   0-Studio     $71,871    $319  5.3%
           1-Bedroom   $101,817    $449  5.3%
           2-Bedroom   $130,765    $499  4.6%
           3-Bedroom   $144,739    $574  4.8%
Mărăşti    0-Studio     $67,878    $349  6.2%
           1-Bedroom   $122,280    $549  5.4%
           2-Bedroom   $154,722    $649  5.0%
           3-Bedroom   $179,677    $669  4.5%
Zorilor    0-Studio     $88,840    $299  4.0%
           1-Bedroom   $134,757    $499  4.4%
           2-Bedroom   $167,199    $619  4.4%
           3-Bedroom   $238,571    $873  4.4%",3.286505620290377,"                                 Price  Rent Yield
Neighbor          Apartments                      
City Center       1-Bedroom   $161,097  $487  3.6%
                  3-Bedroom   $354,413  $888  3.0%
Outside of Center 1-Bedroom   $115,486  $343  3.6%
                  3-Bedroom   $254,070  $597  2.8%","Cluj-Napoca, Romania",46.769379,23.5899542
Romania,Constanta,7.0159660696638175,"                                         Price  Rent Yield
Neighbor                  Apartments                      
Constanţa (all locations) 0-Studio     $57,573  $349  7.3%
                          1-Bedroom    $79,856  $449  6.8%
                          2-Bedroom   $109,802  $599  6.5%
                          3-Bedroom   $138,002  $998  8.7%",4.6411070581156695,"                                 Price  Rent Yield
Neighbor          Apartments                      
City Center       1-Bedroom    $96,626  $408  5.1%
                  3-Bedroom   $212,576  $760  4.3%
Outside of Center 1-Bedroom    $71,550  $298  5.0%
                  3-Bedroom   $157,409  $483  3.7%","Constanta, Romania",44.1767161,28.6507598
Romania,Craiova,4.914733016494269,"                                       Price  Rent Yield
Neighbor                Apartments                      
Craiova (all locations) 0-Studio     $48,163  $222  5.5%
                        1-Bedroom    $72,869  $299  4.9%
                        2-Bedroom    $97,824  $399  4.9%
                        3-Bedroom   $126,772  $389  3.7%",3.9199626600630415,"                                 Price  Rent Yield
Neighbor          Apartments                      
City Center       1-Bedroom    $81,176  $274  4.0%
                  3-Bedroom   $178,587  $507  3.4%
Outside of Center 1-Bedroom    $55,240  $219  4.7%
                  3-Bedroom   $121,529  $384  3.8%","Craiova, Romania",44.3190159,23.7965614
Romania,Galati,6.728971962616822,"                                     Price  Rent Yield
Neighbor               Apartments                     
Galati (all locations) 0-Studio    $32,941  $223  8.1%
                       1-Bedroom   $53,404  $299  6.7%
                       2-Bedroom   $68,876  $332  5.8%",,,"Galati, Romania",45.4338215,28.0549395
Romania,Iasi,,,4.027091724155656,"                                 Price  Rent Yield
Neighbor          Apartments                      
City Center       1-Bedroom    $99,044  $384  4.7%
                  3-Bedroom   $217,897  $617  3.4%
Outside of Center 1-Bedroom    $71,390  $282  4.7%
                  3-Bedroom   $157,057  $438  3.3%","Iasi, Romania",47.1615416,27.5837224
Romania,Iași,6.786570743405276,"                                    Price  Rent Yield
Neighbor             Apartments                      
Iași (all locations) 0-Studio     $49,910  $319  7.7%
                     1-Bedroom    $69,375  $399  6.9%
                     2-Bedroom    $89,838  $499  6.7%
                     3-Bedroom   $118,786  $599  6.1%",,,"Iași, Romania",47.1615416,27.5837224
Romania,Oradea,,,3.698702165839002,"                                 Price  Rent Yield
Neighbor          Apartments                      
City Center       1-Bedroom    $84,682  $298  4.2%
                  3-Bedroom   $186,299  $511  3.3%
Outside of Center 1-Bedroom    $59,908  $198  4.0%
                  3-Bedroom   $131,796  $376  3.4%","Oradea, Romania",47.058715,21.92791904166116
Romania,Sibiu,,,4.231736656975634,"                                 Price  Rent Yield
Neighbor          Apartments                      
City Center       1-Bedroom    $83,871  $339  4.8%
                  3-Bedroom   $184,516  $507  3.3%
Outside of Center 1-Bedroom    $63,582  $272  5.1%
                  3-Bedroom   $139,879  $422  3.6%","Sibiu, Romania",45.7973912,24.1519202
Romania,Timisoara,5.887621696801112,"                                  Price  Rent Yield
Neighbor           Apartments                      
Aradului           0-Studio     $49,411  $299  7.3%
                   1-Bedroom    $84,348  $399  5.7%
                   2-Bedroom    $96,816  $444  5.5%
                   3-Bedroom   $133,759  $649  5.8%
Complex Studenţesc 0-Studio     $31,943  $250  9.4%
                   1-Bedroom    $71,771  $369  6.2%
                   2-Bedroom   $104,811  $489  5.6%
                   3-Bedroom   $159,713  $699  5.2%
Girocului          0-Studio     $50,908  $235  5.5%
                   1-Bedroom    $71,871  $339  5.7%
                   2-Bedroom    $89,738  $399  5.3%
                   3-Bedroom   $124,516  $699  6.7%",4.01360250887224,"                                 Price  Rent Yield
Neighbor          Apartments                      
City Center       1-Bedroom   $101,680  $402  4.7%
                  3-Bedroom   $223,697  $619  3.3%
Outside of Center 1-Bedroom    $74,620  $293  4.7%
                  3-Bedroom   $164,165  $447  3.3%","Timisoara, Romania",45.7538355,21.2257474
Russia,Kaliningrad,,,3.474916300834732,"                                 Price  Rent Yield
Neighbor          Apartments                      
City Center       1-Bedroom    $92,580  $302  3.9%
                  3-Bedroom   $203,677  $460  2.7%
Outside of Center 1-Bedroom    $66,099  $222  4.0%
                  3-Bedroom   $145,418  $368  3.0%","Kaliningrad, Russia",54.710128,20.5105838
Russia,Kazan,,,3.178477408477097,"                                 Price  Rent Yield
Neighbor          Apartments                      
City Center       1-Bedroom   $113,154  $370  3.9%
                  3-Bedroom   $248,938  $617  3.0%
Outside of Center 1-Bedroom    $76,155  $215  3.4%
                  3-Bedroom   $167,541  $409  2.9%","Kazan, Russia",55.7823547,49.1242266
Russia,Krasnodar,,,3.270067703917523,"                                 Price  Rent Yield
Neighbor          Apartments                      
City Center       1-Bedroom   $112,204  $312  3.3%
                  3-Bedroom   $246,848  $577  2.8%
Outside of Center 1-Bedroom    $60,341  $194  3.8%
                  3-Bedroom   $132,750  $354  3.2%","Krasnodar, Russia",45.0351532,38.9772396
Russia,Moscow,4.885473341370291,"                                                            Price    Rent  Yield
Neighbor                                   Apartments                           
Central (Tsentralniy) Administrative Okrug 0-Studio      $122,714  $1,160  11.3%
                                           1-Bedroom     $343,642    $982   3.4%
                                           2-Bedroom     $572,738  $2,455   5.1%
                                           3-Bedroom     $981,835  $2,945   3.6%
                                           4+Bedroom   $2,285,002  $4,910   2.6%
Moscow (all locations)                     0-Studio       $96,547    $736   9.2%
                                           1-Bedroom     $171,822    $654   4.6%
                                           2-Bedroom     $242,822    $909   4.5%
                                           3-Bedroom     $369,824  $1,506   4.9%
                                           4+Bedroom     $965,471  $4,254   5.3%",2.8523328662024263,"                                 Price    Rent Yield
Neighbor          Apartments                        
City Center       1-Bedroom   $369,048    $863  2.8%
                  3-Bedroom   $811,907  $1,663  2.5%
Outside of Center 1-Bedroom   $176,606    $504  3.4%
                  3-Bedroom   $388,533    $939  2.9%","Moscow, Russia",55.7504461,37.6174943
Russia,Nizhny Novgorod,,,3.3223358123642592,"                                 Price  Rent Yield
Neighbor          Apartments                      
City Center       1-Bedroom   $102,526  $357  4.2%
                  3-Bedroom   $225,556  $601  3.2%
Outside of Center 1-Bedroom    $74,388  $214  3.4%
                  3-Bedroom   $163,654  $395  2.9%","Nizhny Novgorod, Russia",56.3264816,44.0051395
Russia,Novosibirsk,5.327267016951167,"                                                 Price    Rent Yield
Neighbor                          Apartments                        
Novosibirsk (all locations)       0-Studio     $57,274    $278  5.8%
                                  1-Bedroom    $70,365    $311  5.3%
                                  2-Bedroom    $93,274    $409  5.3%
                                  3-Bedroom   $125,355    $557  5.3%
                                  4+Bedroom   $183,767    $982  6.4%
Tsentralny (Центральный) District 0-Studio     $94,895    $409  5.2%
                                  1-Bedroom   $113,566    $409  4.3%
                                  2-Bedroom   $163,639    $491  3.6%
                                  3-Bedroom   $181,312    $736  4.9%
                                  4+Bedroom   $310,915  $1,309  5.1%",4.1455794808733115,"                                 Price  Rent Yield
Neighbor          Apartments                      
City Center       1-Bedroom   $100,807  $370  4.4%
                  3-Bedroom   $221,775  $681  3.7%
Outside of Center 1-Bedroom    $56,736  $231  4.9%
                  3-Bedroom   $124,818  $404  3.9%","Novosibirsk, Russia",55.0288307,82.9226887
Russia,Perm,,,3.9384608906293077,"                                 Price  Rent Yield
Neighbor          Apartments                      
City Center       1-Bedroom    $68,668  $258  4.5%
                  3-Bedroom   $151,068  $504  4.0%
Outside of Center 1-Bedroom    $54,102  $175  3.9%
                  3-Bedroom   $119,023  $290  2.9%","Perm, Russia",58.014965,56.246723
Russia,Rostov-na-Donu,6.108485108914818,"                                              Price    Rent Yield
Neighbor                       Apartments                        
Kirovsky District (Center)     0-Studio     $71,587    $572  9.6%
                               1-Bedroom    $80,639    $491  7.3%
                               2-Bedroom   $121,093    $643  6.4%
                               3-Bedroom   $160,211  $1,104  8.3%
                               4+Bedroom   $261,823  $1,309  6.0%
Rostov-na-Donu (all locations) 0-Studio     $54,001    $295  6.5%
                               1-Bedroom    $64,382    $328  6.1%
                               2-Bedroom    $85,334    $409  5.7%
                               3-Bedroom   $114,548    $491  5.1%
                               4+Bedroom   $153,739  $1,146  8.9%",,,"Rostov-na-Donu, Russia",47.2216548,39.7096061
Russia,Saint Petersburg,4.128390001097976,"                                                  Price    Rent Yield
Neighbor                           Apartments                        
Saint Petersburg (all locations)   0-Studio     $82,474    $360  5.2%
                                   1-Bedroom   $121,911    $409  4.0%
                                   2-Bedroom   $199,646    $605  3.6%
                                   3-Bedroom   $261,659    $900  4.1%
                                   4+Bedroom   $409,099  $1,800  5.3%
Tsentralny (Центра́льный) District 0-Studio     $76,829    $409  6.4%
                                   1-Bedroom   $202,912    $654  3.9%
                                   2-Bedroom   $288,005    $834  3.5%
                                   3-Bedroom   $374,734  $1,162  3.7%
                                   4+Bedroom   $469,645  $2,127  5.4%",3.267836340062681,"                                 Price    Rent Yield
Neighbor          Apartments                        
City Center       1-Bedroom   $183,732    $513  3.3%
                  3-Bedroom   $404,209  $1,081  3.2%
Outside of Center 1-Bedroom   $116,748    $324  3.3%
                  3-Bedroom   $256,846    $644  3.0%","Saint Petersburg, Russia",59.938732,30.316229
Russia,Samara,,,3.865828402788263,"                                 Price  Rent Yield
Neighbor          Apartments                      
City Center       1-Bedroom    $95,739  $304  3.8%
                  3-Bedroom   $210,626  $689  3.9%
Outside of Center 1-Bedroom    $64,298  $212  4.0%
                  3-Bedroom   $141,454  $396  3.4%","Samara, Russia",53.198627,50.113987
Russia,Ufa,4.92188672324391,"                                          Price    Rent Yield
Neighbor                   Apartments                        
Leninsky District (Center) 0-Studio     $48,274    $213  5.3%
                           1-Bedroom    $56,128    $246  5.3%
                           2-Bedroom    $84,936    $328  4.6%
                           3-Bedroom   $114,056    $630  6.6%
                           4+Bedroom   $204,654  $1,637  9.6%
Ufa (all locations)        0-Studio     $49,150    $246  6.0%
                           1-Bedroom    $63,819    $262  4.9%
                           2-Bedroom    $84,707    $328  4.6%
                           3-Bedroom   $114,695    $459  4.8%
                           4+Bedroom   $180,003    $818  5.5%",3.880860311117762,"                                 Price  Rent Yield
Neighbor          Apartments                      
City Center       1-Bedroom    $92,857  $350  4.5%
                  3-Bedroom   $204,285  $578  3.4%
Outside of Center 1-Bedroom    $64,298  $234  4.4%
                  3-Bedroom   $141,454  $381  3.2%","Ufa, Russia",54.7261409,55.947499
Russia,Vladivostok,,,4.268651604940346,"                                 Price  Rent Yield
Neighbor          Apartments                      
City Center       1-Bedroom   $132,029  $531  4.8%
                  3-Bedroom   $290,464  $926  3.8%
Outside of Center 1-Bedroom    $89,736  $352  4.7%
                  3-Bedroom   $197,419  $603  3.7%","Vladivostok, Russia",43.1150678,131.8855768
Russia,Voronezh,8.476353402130126,"                                        Price    Rent  Yield
Neighbor                 Apartments                         
Central district         0-Studio     $63,165    $491   9.3%
                         1-Bedroom    $71,543    $295   4.9%
                         2-Bedroom    $97,987    $409   5.0%
                         3-Bedroom   $140,353    $491   4.2%
                         4+Bedroom   $238,914  $1,309   6.6%
Voronezh (all locations) 0-Studio     $41,051    $409  11.9%
                         1-Bedroom    $57,845    $409   8.5%
                         2-Bedroom    $80,183    $328   4.9%
                         3-Bedroom   $103,477    $459   5.3%
                         4+Bedroom   $127,639  $1,309  12.3%",3.345165134490977,"                                 Price  Rent Yield
Neighbor          Apartments                      
City Center       1-Bedroom    $70,488  $226  3.8%
                  3-Bedroom   $155,074  $368  2.9%
Outside of Center 1-Bedroom    $51,917  $173  4.0%
                  3-Bedroom   $114,217  $242  2.5%","Voronezh, Russia",51.6605982,39.2005858
Russia,Yekaterinburg,5.584727879471953,"                                             Price    Rent Yield
Neighbor                      Apartments                        
Kirovsky District (Center)    0-Studio     $53,633    $384  8.6%
                              1-Bedroom    $78,845    $328  5.0%
                              2-Bedroom   $113,644    $409  4.3%
                              3-Bedroom   $139,846    $491  4.2%
Yekaterinburg (all locations) 0-Studio     $52,038    $323  7.5%
                              1-Bedroom    $73,336    $328  5.4%
                              2-Bedroom    $99,820    $409  4.9%
                              3-Bedroom   $130,094    $605  5.6%
                              4+Bedroom   $164,049  $1,103  8.1%",4.941454149662491,"                                 Price  Rent Yield
Neighbor          Apartments                      
City Center       1-Bedroom    $93,638  $362  4.6%
                  3-Bedroom   $206,002  $999  5.8%
Outside of Center 1-Bedroom    $56,504  $229  4.9%
                  3-Bedroom   $124,308  $520  5.0%","Yekaterinburg, Russia",56.839104,60.60825
Saudi Arabia,Ad Dammam,,,6.66438392204526,"                                 Price  Rent Yield
Neighbor          Apartments                      
City Center       1-Bedroom    $58,142  $413  8.5%
                  3-Bedroom   $127,912  $661  6.2%
Outside of Center 1-Bedroom    $52,567  $312  7.1%
                  3-Bedroom   $115,647  $558  5.8%","Ad Dammam, Saudi Arabia",26.4367824,50.1039991
Saudi Arabia,Jeddah (Jiddah),,,8.349830043061873,"                                 Price  Rent Yield
Neighbor          Apartments                      
City Center       1-Bedroom    $66,494  $516  9.3%
                  3-Bedroom   $146,288  $942  7.7%
Outside of Center 1-Bedroom    $50,734  $379  9.0%
                  3-Bedroom   $111,614  $649  7.0%","Jeddah (Jiddah), Saudi Arabia",21.5810088,39.1653612
Saudi Arabia,Riyadh,,,11.119957617299464,"                                 Price    Rent  Yield
Neighbor          Apartments                         
City Center       1-Bedroom    $86,408    $955  13.3%
                  3-Bedroom   $190,096  $1,359   8.6%
Outside of Center 1-Bedroom    $55,012    $627  13.7%
                  3-Bedroom   $121,025    $905   9.0%","Riyadh, Saudi Arabia",24.638916,46.7160104
Serbia,Belgrade,5.420087336244542,"                                        Price  Rent Yield
Neighbor                 Apartments                      
Belgrade (all locations) 0-Studio     $57,742  $269  5.6%
                         1-Bedroom    $94,794  $481  6.1%
                         2-Bedroom   $143,393  $577  4.8%
                         3+Bedroom   $220,383  $962  5.2%",4.76048166714199,"                                 Price    Rent Yield
Neighbor          Apartments                        
City Center       1-Bedroom   $183,186    $827  5.4%
                  3-Bedroom   $403,009  $1,319  3.9%
Outside of Center 1-Bedroom   $110,892    $514  5.6%
                  3-Bedroom   $243,964    $835  4.1%","Belgrade, Serbia",44.8178131,20.4568974
Serbia,Nis,,,3.2327672767289095,"                                 Price  Rent Yield
Neighbor          Apartments                      
City Center       1-Bedroom    $94,248  $284  3.6%
                  3-Bedroom   $207,347  $486  2.8%
Outside of Center 1-Bedroom    $64,822  $201  3.7%
                  3-Bedroom   $142,608  $338  2.8%","Nis, Serbia",43.3211301,21.8959232
Serbia,Novi Sad,5.362489792214863,"                                        Price  Rent Yield
Neighbor                 Apartments                      
Novi Sad (all locations) 0-Studio     $55,336  $212  4.6%
                         1-Bedroom    $79,299  $385  5.8%
                         2-Bedroom   $106,063  $433  4.9%
                         3+Bedroom   $140,025  $866  7.4%",3.9520189446550202,"                                 Price  Rent Yield
Neighbor          Apartments                      
City Center       1-Bedroom   $135,483  $480  4.3%
                  3-Bedroom   $298,063  $894  3.6%
Outside of Center 1-Bedroom    $95,398  $336  4.2%
                  3-Bedroom   $209,874  $643  3.7%","Novi Sad, Serbia",45.2551338,19.8451756
Singapore,Singapore,4.311446593641677,"                                                                 Price     Rent Yield
Neighbor                                        Apartments                           
Alexandra / Commonwealth (all locations)        1-Bedroom     $851,148   $4,500  6.3%
                                                2-Bedroom   $1,060,389   $5,250  5.9%
                                                3-Bedroom   $1,541,602   $6,500  5.1%
                                                4+Bedroom   $2,410,167   $9,800  4.9%
East Coast / Marine Parade (all locations)      1-Bedroom     $730,569   $3,200  5.3%
                                                2-Bedroom   $1,071,028   $4,400  4.9%
                                                3-Bedroom   $1,336,617   $6,000  5.4%
                                                4+Bedroom   $3,191,805   $9,750  3.7%
Hougang / Punggol / Sengkang (all locations)    1-Bedroom     $528,421   $3,000  6.8%
                                                2-Bedroom     $815,684   $3,800  5.6%
                                                3-Bedroom   $1,120,678   $4,600  4.9%
                                                4+Bedroom   $2,059,778   $5,500  3.2%
Newton / Novena (all locations)                 1-Bedroom     $851,148   $3,500  4.9%
                                                2-Bedroom   $1,276,722   $5,000  4.7%
                                                3-Bedroom   $2,079,851   $6,800  3.9%
                                                4+Bedroom   $3,608,868  $11,000  3.7%
Orchard / River Valley (all locations)          1-Bedroom     $865,334   $4,500  6.2%
                                                2-Bedroom   $1,631,367   $6,500  4.8%
                                                3-Bedroom   $2,837,018   $8,500  3.6%
                                                4+Bedroom   $4,255,740  $13,500  3.8%
Tanglin / Holland / Bukit Timah (all locations) 1-Bedroom     $831,643   $3,600  5.2%
                                                2-Bedroom   $1,475,323   $5,500  4.5%
                                                3-Bedroom   $2,837,160   $8,800  3.7%
                                                4+Bedroom   $8,227,764  $18,000  2.6%",4.12156299319051,"                                   Price    Rent Yield
Neighbor          Apartments                          
City Center       1-Bedroom   $1,002,487  $3,655  4.4%
                  3-Bedroom   $2,205,471  $6,946  3.8%
Outside of Center 1-Bedroom     $571,059  $2,380  5.0%
                  3-Bedroom   $1,256,330  $4,050  3.9%","Singapore, Singapore",1.2899175,103.8519072
Slovakia,Banská Bystrica,4.559099437148218,"                                               Price  Rent Yield
Neighbor                        Apartments                      
Banská Bystrica (all locations) 0-Studio    $109,853  $375  4.1%
                                1-Bedroom   $159,831  $600  4.5%
                                2-Bedroom   $181,922  $700  4.6%
                                3-Bedroom   $228,902  $960  5.0%",,,"Banská Bystrica, Slovakia",48.7384028,19.1573494
Slovakia,Bratislava,3.4818393878382286,"                          Price    Rent Yield
Neighbor   Apartments                        
Nové Mesto 0-Studio    $169,427    $520  3.7%
           1-Bedroom   $234,649    $600  3.1%
           2-Bedroom   $303,864    $870  3.4%
           3-Bedroom   $458,803  $1,349  3.5%
Old Town   0-Studio    $179,523    $520  3.5%
           1-Bedroom   $298,871    $800  3.2%
           2-Bedroom   $399,278  $1,100  3.3%
           3-Bedroom   $600,742  $1,949  3.9%
           4+Bedroom   $964,585  $3,498  4.4%
Petržalka  0-Studio    $147,836    $490  4.0%
           1-Bedroom   $227,152    $625  3.3%
           2-Bedroom   $229,801    $750  3.9%
           3-Bedroom   $274,882    $865  3.8%
Ružinov    0-Studio    $149,836    $490  3.9%
           1-Bedroom   $228,902    $650  3.4%
           2-Bedroom   $289,376    $850  3.5%
           3-Bedroom   $392,831  $1,150  3.5%",3.0509995371900827,"                                 Price    Rent Yield
Neighbor          Apartments                        
City Center       1-Bedroom   $257,812    $717  3.3%
                  3-Bedroom   $567,188  $1,308  2.8%
Outside of Center 1-Bedroom   $187,604    $543  3.5%
                  3-Bedroom   $412,729    $891  2.6%","Bratislava, Slovakia",48.1516988,17.1093063
Slovakia,Kosice,5.164697264285488,"                                      Price    Rent Yield
Neighbor               Apartments                        
Košice (all locations) 0-Studio    $119,449    $450  4.5%
                       1-Bedroom   $153,934    $675  5.3%
                       2-Bedroom   $186,915    $790  5.1%
                       3-Bedroom   $214,358  $1,045  5.8%",3.560970711297071,"                                 Price  Rent Yield
Neighbor          Apartments                      
City Center       1-Bedroom   $169,078  $597  4.2%
                  3-Bedroom   $371,970  $883  2.9%
Outside of Center 1-Bedroom   $134,438  $466  4.2%
                  3-Bedroom   $295,762  $730  3.0%","Kosice, Slovakia",48.7172272,21.2496774
Slovakia,Nitra,5.5442413509581945,"                                     Price  Rent Yield
Neighbor              Apartments                      
Nitra (all locations) 0-Studio     $96,958  $450  5.6%
                      1-Bedroom   $137,886  $590  5.1%
                      2-Bedroom   $162,930  $750  5.5%
                      3-Bedroom   $188,869  $995  6.3%",,,"Nitra, Slovakia",48.31295,18.0894593
Slovakia,Žilina,4.4272735260521925,"                                      Price  Rent Yield
Neighbor               Apartments                      
Žilina (all locations) 0-Studio    $119,749  $430  4.3%
                       1-Bedroom   $152,934  $580  4.5%
                       2-Bedroom   $189,918  $720  4.5%
                       3-Bedroom   $299,870  $800  3.2%",,,"Žilina, Slovakia",49.2234674,18.7393139
Slovenia,Gorenjska,4.260869565217392,"                                         Price  Rent Yield
Neighbor                  Apartments                      
Gorenskja (all locations) 0-Studio    $114,452  $423  4.4%
                          1-Bedroom   $137,342  $488  4.3%
                          2-Bedroom   $174,166  $547  3.8%
                          3-Bedroom   $233,880  $846  4.3%
                          4+Bedroom   $283,641  $896  3.8%",,,"Gorenjska, Slovenia",46.23512,14.34869
Slovenia,Ljubljana,3.5294117647058822,"                        Price    Rent Yield
Neighbor Apartments                        
Bezigrad 0-Studio    $169,190    $498  3.5%
         1-Bedroom   $158,242    $597  4.5%
         2-Bedroom   $247,813    $677  3.3%
         3-Bedroom   $336,389  $1,294  4.6%
         4+Bedroom   $775,784  $1,692  2.6%
Center   0-Studio     $96,538    $577  7.2%
         1-Bedroom   $194,369    $722  4.5%
         2-Bedroom   $273,191    $796  3.5%
         3-Bedroom   $412,026  $1,294  3.8%
         4+Bedroom   $684,223  $1,990  3.5%",3.4797353215831195,"                                 Price    Rent Yield
Neighbor          Apartments                        
City Center       1-Bedroom   $247,832    $759  3.7%
                  3-Bedroom   $545,229  $1,433  3.2%
Outside of Center 1-Bedroom   $187,064    $624  4.0%
                  3-Bedroom   $411,541  $1,126  3.3%","Ljubljana, Slovenia",46.0500268,14.5069289
Slovenia,Maribor,,,4.12301248125852,"                                 Price  Rent Yield
Neighbor          Apartments                      
City Center       1-Bedroom   $118,327  $427  4.3%
                  3-Bedroom   $260,318  $850  3.9%
Outside of Center 1-Bedroom    $98,911  $388  4.7%
                  3-Bedroom   $217,604  $673  3.7%","Maribor, Slovenia",46.5576439,15.6455854
South Africa,Cape Town,7.879443938012762,"                                   Price    Rent Yield
Neighbor            Apartments                        
Atlantic Seaboard   0-Studio    $135,266    $556  4.9%
                    1-Bedroom   $135,266    $702  6.2%
                    2-Bedroom   $246,678    $976  4.7%
                    3-Bedroom   $470,857  $2,223  5.7%
Bellville           1-Bedroom    $38,764    $312  9.7%
                    2-Bedroom    $70,208    $461  7.9%
                    3-Bedroom    $94,578    $621  7.9%
Cape Town City Bowl 0-Studio     $81,322    $434  6.4%
                    1-Bedroom   $100,298    $488  5.8%
                    2-Bedroom   $138,248    $613  5.3%
                    3-Bedroom   $406,612    $867  2.6%
Milnerton           0-Studio     $75,630    $434  6.9%
                    1-Bedroom    $69,124    $445  7.7%
                    2-Bedroom    $96,503    $531  6.6%
                    3-Bedroom   $155,841    $903  7.0%
Southern Suburbs    0-Studio     $62,347    $305  5.9%
                    1-Bedroom    $67,679    $380  6.7%
                    2-Bedroom    $92,057    $569  7.4%
                    3-Bedroom   $129,845    $867  8.0%
Tableview           1-Bedroom    $59,365    $380  7.7%
                    2-Bedroom    $92,165    $515  6.7%
                    3-Bedroom   $216,806    $773  4.3%",7.558434995822482,"                                 Price    Rent Yield
Neighbor          Apartments                        
City Center       1-Bedroom    $94,989    $620  7.8%
                  3-Bedroom   $208,976  $1,268  7.3%
Outside of Center 1-Bedroom    $62,592    $414  7.9%
                  3-Bedroom   $137,701    $827  7.2%","Cape Town, South Africa",-33.928992,18.417396
South Africa,Centurion,10.288998434689157,"                                        Price  Rent  Yield
Neighbor                  Apartments                      
Centurion (all locations) 1-Bedroom   $32,421  $301  11.1%
                          2-Bedroom   $42,803  $367  10.3%
                          3-Bedroom   $73,190  $537   8.8%",,,"Centurion, South Africa",-25.836389,28.180278
South Africa,Dolphin Coast,6.896463154650297,"                        Price    Rent Yield
Neighbor Apartments                        
Ilembe   0-Studio     $46,083    $173  4.5%
         1-Bedroom    $62,347    $447  8.6%
         2-Bedroom    $93,250    $623  8.0%
         3-Bedroom   $155,732    $895  6.9%
         4+Bedroom   $238,275  $1,342  6.8%",,,"Dolphin Coast, South Africa",-29.437578,31.222571
South Africa,Durban,10.993267545882137,"                              Price    Rent  Yield
Neighbor       Apartments                         
Amanzimtoti    0-Studio     $22,309    $266  14.3%
               1-Bedroom    $37,002    $352  11.4%
               2-Bedroom    $49,065    $434  10.6%
               3-Bedroom    $84,575    $623   8.8%
Durban Central 0-Studio     $18,975    $195  12.3%
               1-Bedroom    $26,836    $259  11.6%
               2-Bedroom    $37,679    $346  11.0%
Pinetown       1-Bedroom    $32,529    $298  11.0%
               2-Bedroom    $39,306    $367  11.2%
               3-Bedroom    $52,290    $461  10.6%
Umhlanga       0-Studio     $69,124    $407   7.1%
               1-Bedroom    $71,835    $515   8.6%
               2-Bedroom   $119,110    $705   7.1%
               3-Bedroom   $216,318  $1,193   6.6%
               4+Bedroom   $294,116  $1,301   5.3%",9.337899538090145,"                                Price  Rent  Yield
Neighbor          Apartments                      
City Center       1-Bedroom   $33,050  $322  11.7%
                  3-Bedroom   $72,711  $635  10.5%
Outside of Center 1-Bedroom   $40,211  $275   8.2%
                  3-Bedroom   $88,464  $576   7.8%","Durban, South Africa",-29.861825,31.009909
South Africa,Johannesburg,14.895129678045919,"                                  Price    Rent  Yield
Neighbor           Apartments                         
Bedfordview        1-Bedroom    $36,731    $407  13.3%
                   2-Bedroom    $67,769    $651  11.5%
                   3-Bedroom   $108,159    $962  10.7%
Fourways           1-Bedroom    $42,288    $326   9.3%
                   2-Bedroom    $51,992    $455  10.5%
Johannesburg CBD   0-Studio     $22,770    $183   9.6%
                   1-Bedroom    $20,602    $198  11.5%
                   2-Bedroom    $40,932    $279   8.2%
Johannesburg South 1-Bedroom    $25,345    $190   9.0%
                   2-Bedroom    $40,932    $336   9.9%
                   3-Bedroom    $59,582    $386   7.8%
Northcliff         1-Bedroom    $21,144    $314  17.8%
                   2-Bedroom    $37,896    $378  12.0%
Randburg           1-Bedroom    $33,884    $325  11.5%
                   2-Bedroom    $35,240    $390  13.3%
                   3-Bedroom    $78,341    $523   8.0%
Rosebank           1-Bedroom   $128,218    $651   6.1%
                   2-Bedroom   $173,187    $922   6.4%
                   3-Bedroom   $220,595  $2,169  11.8%
Sandton            0-Studio     $36,324    $380  12.6%
                   1-Bedroom    $48,739    $434  10.7%
                   2-Bedroom    $70,425    $623  10.6%
                   3-Bedroom   $103,529    $840   9.7%
                   4+Bedroom   $208,236  $1,735  10.0%",11.487672995977164,"                                Price  Rent  Yield
Neighbor          Apartments                      
City Center       1-Bedroom   $37,835  $366  11.6%
                  3-Bedroom   $83,237  $699  10.1%
Outside of Center 1-Bedroom   $32,013  $319  12.0%
                  3-Bedroom   $70,429  $666  11.4%","Johannesburg, South Africa",-26.205,28.049722
South Africa,KZN South Coast,8.802415679124886,"                                              Price  Rent  Yield
Neighbor                        Apartments                      
KZN South Coast (all locations) 0-Studio    $22,770  $163   8.6%
                                1-Bedroom   $28,734  $251  10.5%
                                2-Bedroom   $43,372  $367  10.2%
                                3-Bedroom   $70,208  $515   8.8%
                                4+Bedroom   $87,828  $602   8.2%",,,"KZN South Coast, South Africa",-30.845867,30.372374
South Africa,Port Elizabeth,,,11.240579160441596,"                                 Price  Rent  Yield
Neighbor          Apartments                       
City Center       1-Bedroom    $46,000  $448  11.7%
                  3-Bedroom   $101,201  $861  10.2%
Outside of Center 1-Bedroom    $29,721  $317  12.8%
                  3-Bedroom    $65,386  $588  10.8%","Port Elizabeth, South Africa",-33.9618359,25.6186512
South Africa,Pretoria,,,15.33794714884137,"                                Price  Rent  Yield
Neighbor          Apartments                      
City Center       1-Bedroom   $19,794  $296  17.9%
                  3-Bedroom   $43,546  $626  17.2%
Outside of Center 1-Bedroom   $27,574  $309  13.4%
                  3-Bedroom   $60,662  $620  12.3%","Pretoria, South Africa",-25.7459277,28.1879101
South Korea,Seoul,,,1.4754596033342389,"                                   Price    Rent Yield
Neighbor          Apartments                          
City Center       3-Bedroom   $2,231,370  $2,744  1.5%
Outside of Center 1-Bedroom     $546,549    $546  1.2%
                  3-Bedroom   $1,202,408  $1,638  1.6%","Seoul, South Korea",37.5666791,126.9782914
Spain,Alicante,6.467065868263473,"                                        Price    Rent Yield
Neighbor                 Apartments                        
Alicante (all locations) 0-Studio    $129,382    $617  5.7%
                         1-Bedroom   $139,411    $752  6.5%
                         2-Bedroom   $167,494    $903  6.5%
                         3-Bedroom   $159,470    $903  6.8%
                         4+Bedroom   $236,698  $1,254  6.4%
Centro                   0-Studio    $178,527    $702  4.7%
                         1-Bedroom   $159,470    $752  5.7%
                         2-Bedroom   $232,686  $1,078  5.6%
                         3-Bedroom   $260,769    $993  4.6%
                         4+Bedroom   $330,976  $1,354  4.9%",6.4084468943415125,"                                 Price    Rent Yield
Neighbor          Apartments                        
City Center       1-Bedroom   $120,796    $710  7.1%
                  3-Bedroom   $265,750  $1,109  5.0%
Outside of Center 1-Bedroom    $86,540    $634  8.8%
                  3-Bedroom   $190,388    $914  5.8%","Alicante, Spain",38.3436365,-0.4881708
Spain,Barcelona,4.8,"                                     Price    Rent  Yield
Neighbor            Apartments                           
Ciuatat Vella       0-Studio      $165,488  $1,101   8.0%
                    1-Bedroom     $212,627  $1,254   7.1%
                    2-Bedroom     $376,110  $1,668   5.3%
                    3-Bedroom     $376,110  $2,156   6.9%
                    4+Bedroom     $446,317  $2,106   5.7%
Eixample            0-Studio      $222,880  $1,153   6.2%
                    1-Bedroom     $440,800  $1,996   5.4%
                    2-Bedroom     $519,031  $2,282   5.3%
                    3-Bedroom     $501,479  $2,210   5.3%
                    4+Bedroom     $551,627  $2,658   5.8%
Gràcia              0-Studio      $199,589    $953   5.7%
                    1-Bedroom     $265,784  $1,605   7.2%
                    2-Bedroom     $361,065  $1,604   5.3%
                    3-Bedroom     $353,041  $1,608   5.5%
                    4+Bedroom     $471,391  $1,976   5.0%
Horta Guinardó      1-Bedroom     $132,391    $968   8.8%
                    2-Bedroom     $225,666    $953   5.1%
                    3-Bedroom     $219,648  $1,066   5.8%
                    4+Bedroom     $299,885  $2,507  10.0%
Les Corts           0-Studio      $213,129    $853   4.8%
                    1-Bedroom     $386,139  $1,384   4.3%
                    2-Bedroom     $371,095  $1,454   4.7%
                    3-Bedroom     $431,272  $1,855   5.2%
                    4+Bedroom     $841,984  $4,111   5.9%
Sant Martí          0-Studio      $225,666  $1,204   6.4%
                    1-Bedroom     $240,710  $1,730   8.6%
                    2-Bedroom     $313,174  $1,881   7.2%
                    3-Bedroom     $260,769  $2,006   9.2%
                    4+Bedroom     $421,243  $1,906   5.4%
Sants-Montjuïc      0-Studio      $160,473    $928   6.9%
                    1-Bedroom     $190,562  $1,202   7.6%
                    2-Bedroom     $235,695  $1,354   6.9%
                    3-Bedroom     $245,725  $1,153   5.6%
                    4+Bedroom     $350,033  $1,504   5.2%
Sarrià-Sant Gervasi 0-Studio      $268,291  $1,153   5.2%
                    1-Bedroom     $396,169  $1,655   5.0%
                    2-Bedroom     $526,553  $1,655   3.8%
                    3-Bedroom     $676,997  $2,106   3.7%
                    4+Bedroom   $1,083,195  $3,009   3.3%",4.829787536721684,"                                 Price    Rent Yield
Neighbor          Apartments                        
City Center       1-Bedroom   $273,914  $1,174  5.1%
                  3-Bedroom   $602,610  $1,909  3.8%
Outside of Center 1-Bedroom   $171,320    $924  6.5%
                  3-Bedroom   $376,904  $1,418  4.5%","Barcelona, Spain",41.3828939,2.1774322
Spain,Córdoba,6.341463414634147,"                                       Price  Rent Yield
Neighbor                Apartments                      
Centro                  0-Studio     $83,496  $491  7.1%
                        1-Bedroom   $112,231  $501  5.4%
                        2-Bedroom   $159,220  $652  4.9%
                        3-Bedroom   $189,559  $752  4.8%
                        4+Bedroom   $270,799  $903  4.0%
Córdoba (all locations) 0-Studio     $82,243  $501  7.3%
                        1-Bedroom   $110,225  $501  5.5%
                        2-Bedroom   $123,364  $652  6.3%
                        3-Bedroom   $127,877  $702  6.6%
                        4+Bedroom   $204,604  $853  5.0%",,,"Córdoba, Spain",37.8845813,-4.7760138
Spain,Madrid,3.4673366834170856,"                                     Price    Rent Yield
Neighbor            Apartments                          
Barrio de Salamanca 0-Studio      $300,888    $913  3.6%
                    1-Bedroom     $325,962  $1,454  5.4%
                    2-Bedroom     $631,864  $2,006  3.8%
                    3-Bedroom     $891,630  $2,929  3.9%
                    4+Bedroom   $1,574,645  $4,012  3.1%
Carabanchel         0-Studio      $150,444    $677  5.4%
                    1-Bedroom     $155,459    $752  5.8%
                    2-Bedroom     $159,470    $853  6.4%
                    3-Bedroom     $165,488    $953  6.9%
                    4+Bedroom     $340,505  $1,103  3.9%
Centro              0-Studio      $170,503    $853  6.0%
                    1-Bedroom     $256,256  $1,204  5.6%
                    2-Bedroom     $442,305  $1,805  4.9%
                    3-Bedroom     $697,056  $2,959  5.1%
                    4+Bedroom     $861,542  $3,510  4.9%
Chamartin           0-Studio      $270,297    $888  3.9%
                    1-Bedroom     $399,178  $1,153  3.5%
                    2-Bedroom     $426,257  $1,575  4.4%
                    3-Bedroom     $651,923  $1,830  3.4%
                    4+Bedroom   $1,328,920  $3,310  3.0%
Chamberi            0-Studio      $244,973    $903  4.4%
                    1-Bedroom     $271,200  $1,254  5.5%
                    2-Bedroom     $491,450  $1,726  4.2%
                    3-Bedroom     $792,337  $2,909  4.4%
                    4+Bedroom   $1,153,403  $3,009  3.1%
Ciudad Lineal       0-Studio      $227,170    $712  3.8%
                    1-Bedroom     $190,562    $953  6.0%
                    2-Bedroom     $229,678  $1,153  6.0%
                    3-Bedroom     $260,769  $1,254  5.8%
                    4+Bedroom     $600,772  $2,407  4.8%
Puente de Vallecas  0-Studio      $119,352    $552  5.5%
                    1-Bedroom     $142,721    $752  6.3%
                    2-Bedroom     $135,399    $802  7.1%
                    3-Bedroom     $161,476    $873  6.5%
Tetuán              0-Studio      $165,488    $727  5.3%
                    1-Bedroom     $212,577  $1,053  5.9%
                    2-Bedroom     $250,740  $1,287  6.2%
                    3-Bedroom     $416,228  $1,956  5.6%
                    4+Bedroom     $829,948  $2,783  4.0%",5.176794676459379,"                                 Price    Rent Yield
Neighbor          Apartments                        
City Center       1-Bedroom   $234,828  $1,076  5.5%
                  3-Bedroom   $516,623  $1,812  4.2%
Outside of Center 1-Bedroom   $149,422    $814  6.5%
                  3-Bedroom   $328,728  $1,331  4.9%","Madrid, Spain",40.4167047,-3.7035825
Spain,Malaga,,,5.043216068613445,"                                 Price    Rent Yield
Neighbor          Apartments                        
City Center       1-Bedroom   $200,366    $870  5.2%
                  3-Bedroom   $440,805  $1,495  4.1%
Outside of Center 1-Bedroom   $128,468    $705  6.6%
                  3-Bedroom   $282,631  $1,149  4.9%","Malaga, Spain",36.7213028,-4.4216366
Spain,Murcia,8.18926296633303,"                                      Price    Rent Yield
Neighbor               Apartments                        
Centro                 1-Bedroom   $147,886    $552  4.5%
                       2-Bedroom   $160,473    $702  5.2%
                       3-Bedroom   $170,503    $903  6.4%
                       4+Bedroom   $381,124  $1,003  3.2%
Murcia (all locations) 0-Studio     $78,231    $451  6.9%
                       1-Bedroom    $77,729    $552  8.5%
                       2-Bedroom    $90,266    $652  8.7%
                       3-Bedroom   $110,225    $752  8.2%
                       4+Bedroom   $245,725    $993  4.8%",,,"Murcia, Spain",37.9923795,-1.1305431
Spain,Palma de Mallorca,5.3097345132743365,"                                                 Price    Rent Yield
Neighbor                          Apartments                        
Centro                            1-Bedroom   $156,462    $737  5.7%
                                  2-Bedroom   $210,621    $866  4.9%
                                  3-Bedroom   $238,704  $1,053  5.3%
                                  4+Bedroom   $319,944  $1,254  4.7%
Palma de Mallorca (all locations) 0-Studio    $152,951    $888  7.0%
                                  1-Bedroom   $310,917    $998  3.9%
                                  2-Bedroom   $351,036  $1,304  4.5%
                                  3-Bedroom   $340,003  $1,504  5.3%
                                  4+Bedroom   $451,331  $2,207  5.9%",4.713893210984314,"                                 Price    Rent Yield
Neighbor          Apartments                        
City Center       1-Bedroom   $233,498    $920  4.7%
                  3-Bedroom   $513,694  $1,454  3.4%
Outside of Center 1-Bedroom   $138,836    $744  6.4%
                  3-Bedroom   $305,440  $1,197  4.7%","Palma de Mallorca, Spain",39.5695818,2.6500745
Spain,Santa Cruz de Tenerife,,,6.6002853041689065,"                                 Price    Rent Yield
Neighbor          Apartments                        
City Center       1-Bedroom   $112,512    $716  7.6%
                  3-Bedroom   $247,525  $1,147  5.6%
Outside of Center 1-Bedroom    $86,548    $575  8.0%
                  3-Bedroom   $190,404    $858  5.4%","Santa Cruz de Tenerife, Spain",28.469648,-16.2540884
Spain,Seville,4.191176470588235,"                            Price    Rent Yield
Neighbor     Apartments                        
Centro       0-Studio    $174,013    $602  4.1%
             1-Bedroom   $210,621    $752  4.3%
             2-Bedroom   $252,746    $853  4.0%
             3-Bedroom   $320,947    $998  3.7%
             4+Bedroom   $586,731  $1,504  3.1%
Los Remedios 0-Studio    $145,429    $682  5.6%
             1-Bedroom   $236,598    $702  3.6%
             2-Bedroom   $230,681  $1,003  5.2%
             3-Bedroom   $272,805    $953  4.2%
             4+Bedroom   $550,624  $1,499  3.3%
Macarena     1-Bedroom   $128,379    $602  5.6%
             2-Bedroom    $95,281    $752  9.5%
             3-Bedroom    $97,287    $752  9.3%
             4+Bedroom   $146,733    $903  7.4%
Nervión      0-Studio    $176,320    $762  5.2%
             1-Bedroom   $178,527    $752  5.1%
             2-Bedroom   $240,705    $983  4.9%
             3-Bedroom   $297,879  $1,204  4.8%
             4+Bedroom   $377,614  $1,394  4.4%
Sevilla este 1-Bedroom   $118,349    $577  5.8%
             2-Bedroom   $178,527    $752  5.1%
             3-Bedroom   $166,993    $802  5.8%
             4+Bedroom   $237,701    $835  4.2%
Triana       1-Bedroom   $154,957    $752  5.8%
             2-Bedroom   $213,129    $802  4.5%
             3-Bedroom   $229,928    $928  4.8%
             4+Bedroom   $342,260  $1,354  4.7%",4.674593021951404,"                                 Price    Rent Yield
Neighbor          Apartments                        
City Center       1-Bedroom   $173,868    $706  4.9%
                  3-Bedroom   $382,508  $1,118  3.5%
Outside of Center 1-Bedroom   $101,230    $505  6.0%
                  3-Bedroom   $222,705    $830  4.5%","Seville, Spain",37.3886303,-5.9953403
Spain,Valencia,6.245353159851301,"                            Price    Rent Yield
Neighbor     Apartments                        
Ciutat Vella 0-Studio    $240,209  $1,304  6.5%
             1-Bedroom   $221,654  $1,304  7.1%
             2-Bedroom   $293,365  $1,996  8.2%
             3-Bedroom   $426,257  $1,705  4.8%
             4+Bedroom   $621,834  $2,006  3.9%
Extramurs    0-Studio    $205,607  $1,093  6.4%
             1-Bedroom   $200,200  $1,279  7.7%
             2-Bedroom   $259,114  $1,279  5.9%
             3-Bedroom   $269,796  $1,404  6.2%
             4+Bedroom   $317,436  $1,354  5.1%
L´Eixample   0-Studio    $290,858  $1,454  6.0%
             1-Bedroom   $288,351  $1,254  5.2%
             2-Bedroom   $396,169  $1,379  4.2%
             3-Bedroom   $426,257  $1,404  4.0%
             4+Bedroom   $651,923  $1,504  2.8%",7.423834154811007,"                                 Price    Rent  Yield
Neighbor          Apartments                         
City Center       1-Bedroom   $138,074    $886   7.7%
                  3-Bedroom   $303,763  $1,487   5.9%
Outside of Center 1-Bedroom    $74,942    $643  10.3%
                  3-Bedroom   $164,872    $982   7.2%","Valencia, Spain",39.4697065,-0.3763353
Sri Lanka,Colombo,,,3.697496269210382,"                                 Price  Rent Yield
Neighbor          Apartments                      
City Center       1-Bedroom    $84,243  $326  4.6%
                  3-Bedroom   $185,335  $694  4.5%
Outside of Center 1-Bedroom    $64,750  $157  2.9%
                  3-Bedroom   $142,450  $328  2.8%","Colombo, Sri Lanka",6.9387469,79.8541134
Sweden,Gothenburg,4.826122614628868,"                                            Price    Rent Yield
Neighbor                   Apartments                          
City Center                0-Studio      $223,967    $581  3.1%
                           1-Bedroom     $294,810  $1,301  5.3%
                           2-Bedroom     $382,372  $1,736  5.4%
                           3-Bedroom     $487,976  $1,755  4.3%
                           4+Bedroom   $1,047,235  $2,065  2.4%
Gothenburg (all locations) 0-Studio      $105,653    $572  6.5%
                           1-Bedroom     $242,008  $1,086  5.4%
                           2-Bedroom     $303,610  $1,201  4.7%
                           3-Bedroom     $344,531  $1,386  4.8%
                           4+Bedroom     $562,778  $1,975  4.2%",3.988045325916092,"                                 Price    Rent Yield
Neighbor          Apartments                        
City Center       1-Bedroom   $272,481  $1,035  4.6%
                  3-Bedroom   $599,458  $1,497  3.0%
Outside of Center 1-Bedroom   $164,068    $738  5.4%
                  3-Bedroom   $360,948  $1,028  3.4%","Gothenburg, Sweden",57.7072326,11.9670171
Sweden,Malmo,4.148361792506316,"                                     Price    Rent Yield
Neighbor              Apartments                        
City Center           0-Studio    $122,764    $572  5.6%
                      1-Bedroom   $175,566    $951  6.5%
                      2-Bedroom   $263,569  $1,155  5.3%
                      3-Bedroom   $316,370  $1,293  4.9%
                      4+Bedroom   $404,373  $1,672  5.0%
Malmö (all locations) 0-Studio    $131,564    $572  5.2%
                      1-Bedroom   $193,166    $951  5.9%
                      2-Bedroom   $333,971  $1,155  4.1%
                      3-Bedroom   $474,776  $1,293  3.3%
                      4+Bedroom   $527,578  $1,672  3.8%",4.811334181186175,"                                 Price    Rent Yield
Neighbor          Apartments                        
City Center       1-Bedroom   $208,388    $900  5.2%
                  3-Bedroom   $458,452  $1,249  3.3%
Outside of Center 1-Bedroom   $128,002    $711  6.7%
                  3-Bedroom   $281,604  $1,042  4.4%","Malmo, Sweden",55.6052931,13.0001566
Sweden,Stockholm,4.697427845524071,"                                       Price    Rent Yield
Neighbor              Apartments                          
All Locations         0-Studio      $220,468    $919  5.0%
                      1-Bedroom     $317,668  $1,440  5.4%
                      2-Bedroom     $450,215  $1,762  4.7%
                      3-Bedroom     $618,105  $2,040  4.0%
                      4+Bedroom     $971,561  $2,453  3.0%
City Center Districts 0-Studio      $263,930  $1,202  5.5%
                      1-Bedroom     $422,993  $1,702  4.8%
                      2-Bedroom     $700,583  $2,312  4.0%
                      3-Bedroom     $964,953  $2,960  3.7%
                      4+Bedroom   $1,762,032  $5,549  3.8%",3.0574488474930335,"                                   Price    Rent Yield
Neighbor          Apartments                          
City Center       1-Bedroom     $533,096  $1,488  3.3%
                  3-Bedroom   $1,172,812  $2,349  2.4%
Outside of Center 1-Bedroom     $324,050  $1,070  4.0%
                  3-Bedroom     $712,910  $1,643  2.8%","Stockholm, Sweden",59.3251172,18.0710935
Sweden,Uppsala,5.117355536142359,"                                       Price    Rent Yield
Neighbor                Apartments                        
Uppsala (all locations) 0-Studio    $149,165    $545  4.4%
                        1-Bedroom   $175,566    $970  6.6%
                        2-Bedroom   $234,528  $1,000  5.1%
                        3-Bedroom   $281,609  $1,228  5.2%
                        4+Bedroom   $351,572  $1,330  4.5%",,,"Uppsala, Sweden",59.8586126,17.6387436
Switzerland,Aarau,2.7462780553962527,"                                        Price    Rent Yield
Neighbor               Apartments                          
Aargau (all locations) 1-Bedroom     $509,660  $1,444  3.4%
                       2-Bedroom     $705,313  $1,678  2.9%
                       3-Bedroom     $834,021  $1,833  2.6%
                       4+Bedroom   $1,024,506  $2,240  2.6%",,,"Aarau, Switzerland",47.3927146,8.0444448
Switzerland,Basel,,,3.150633780688454,"                                   Price    Rent Yield
Neighbor          Apartments                          
City Center       1-Bedroom     $509,852  $1,566  3.7%
                  3-Bedroom   $1,121,674  $3,018  3.2%
Outside of Center 1-Bedroom     $482,367  $1,235  3.1%
                  3-Bedroom   $1,061,207  $2,306  2.6%","Basel, Switzerland",47.5581077,7.5878261
Switzerland,Bellinzona,2.4613925266889365,"                                        Price    Rent Yield
Neighbor               Apartments                          
Ticino (all locations) 0-Studio      $318,503    $878  3.3%
                       1-Bedroom     $483,920  $1,243  3.1%
                       2-Bedroom     $734,613  $1,507  2.5%
                       3-Bedroom   $1,047,979  $1,726  2.0%
                       4+Bedroom   $1,903,828  $2,851  1.8%",,,"Bellinzona, Switzerland",46.1920538,9.0205888
Switzerland,Canton of Bern,2.8207614657022493,"                                    Price    Rent Yield
Neighbor             Apartments                        
Bern (all locations) 0-Studio    $249,692    $963  4.6%
                     1-Bedroom   $411,862  $1,339  3.9%
                     2-Bedroom   $625,516  $1,339  2.6%
                     3-Bedroom   $761,944  $1,699  2.7%
                     4+Bedroom   $944,709  $2,221  2.8%",,,"Canton of Bern, Switzerland",46.9482713,7.4514512
Switzerland,Fribourg,3.133893594937556,"                                        Price    Rent Yield
Neighbor                 Apartments                        
Fribourg (all locations) 0-Studio    $322,282    $834  3.1%
                         1-Bedroom   $401,566  $1,311  3.9%
                         2-Bedroom   $584,329  $1,606  3.3%
                         3-Bedroom   $717,669  $1,874  3.1%
                         4+Bedroom   $939,561  $2,245  2.9%",,,"Fribourg, Switzerland",46.8056255,7.1611125
Switzerland,Geneva,2.164150425473511,"                                        Price    Rent Yield
Neighbor               Apartments                          
Geneva (all locations) 0-Studio      $729,475  $1,316  2.2%
                       1-Bedroom   $1,049,263  $1,649  1.9%
                       2-Bedroom   $1,284,287  $2,161  2.0%
                       3-Bedroom   $1,484,636  $2,876  2.3%
                       4+Bedroom   $2,054,860  $3,899  2.3%",2.8538102468401654,"                                   Price    Rent Yield
Neighbor          Apartments                          
City Center       1-Bedroom     $941,731  $2,221  2.8%
                  3-Bedroom   $2,071,808  $4,691  2.7%
Outside of Center 1-Bedroom     $640,037  $1,887  3.5%
                  3-Bedroom   $1,408,081  $3,377  2.9%","Geneva, Switzerland",46.2017559,6.1466014
Switzerland,Valais,3.5050925272739057,"                                      Price    Rent Yield
Neighbor               Apartments                        
Valais (all locations) 0-Studio    $209,020    $842  4.8%
                       1-Bedroom   $372,221  $1,235  4.0%
                       2-Bedroom   $525,124  $1,534  3.5%
                       3-Bedroom   $674,424  $1,804  3.2%
                       4+Bedroom   $874,692  $2,054  2.8%",,,"Valais, Switzerland",46.3720663,6.862287669574162
Switzerland,Vaud,2.860686724859605,"                                      Price    Rent Yield
Neighbor             Apartments                          
Vaud (all locations) 0-Studio      $315,935  $1,027  3.9%
                     1-Bedroom     $559,949  $1,493  3.2%
                     2-Bedroom     $775,710  $1,849  2.9%
                     3-Bedroom   $1,114,762  $2,312  2.5%
                     4+Bedroom   $1,638,751  $2,944  2.2%",,,"Vaud, Switzerland",46.4774891,6.2355007
Switzerland,Zurich,2.5124097169181674,"                                        Price    Rent Yield
Neighbor               Apartments                          
Zurich (all locations) 0-Studio      $518,852  $1,604  3.7%
                       1-Bedroom     $790,607  $1,938  2.9%
                       2-Bedroom   $1,078,802  $2,057  2.3%
                       3-Bedroom   $1,181,544  $2,450  2.5%
                       4+Bedroom   $1,413,090  $2,959  2.5%",2.5008348511850094,"                                   Price    Rent Yield
Neighbor          Apartments                          
City Center       1-Bedroom   $1,202,098  $2,599  2.6%
                  3-Bedroom   $2,644,614  $4,664  2.1%
Outside of Center 1-Bedroom     $745,904  $1,866  3.0%
                  3-Bedroom   $1,640,989  $3,292  2.4%","Zurich, Switzerland",47.3744489,8.5410422
Taiwan,HsinChu,1.7452367429132027,"                                            Price    Rent Yield
Neighbor                     Apartments                        
Hsinchu City (all locations) 2-Bedroom   $454,280    $747  2.0%
                             3-Bedroom   $581,010    $845  1.7%
                             4-Bedroom   $811,724  $1,170  1.7%",2.188146993800481,"                                 Price    Rent Yield
Neighbor          Apartments                        
City Center       1-Bedroom   $229,901    $326  1.7%
                  3-Bedroom   $505,782  $1,006  2.4%
Outside of Center 1-Bedroom   $136,670    $226  2.0%
                  3-Bedroom   $300,674    $720  2.9%","HsinChu, Taiwan",24.8066333,120.9686833
Taiwan,Kaohsiung,2.2788360406684585,"                                              Price    Rent Yield
Neighbor                       Apartments                        
Kaohsiung City (all locations) 1-Bedroom   $389,290    $487  1.5%
                               2-Bedroom   $318,451    $682  2.6%
                               3-Bedroom   $356,795    $812  2.7%
                               4-Bedroom   $513,420    $975  2.3%
                               5+Bedroom   $838,370  $1,235  1.8%
Renwu District (Inmu on site)  1-Bedroom   $282,056    $731  3.1%
                               2-Bedroom   $438,682    $764  2.1%
                               3-Bedroom   $486,775  $1,885  4.6%
                               4-Bedroom   $838,370  $1,235  1.8%",2.215096180232374,"                                 Price  Rent Yield
Neighbor          Apartments                      
City Center       1-Bedroom   $234,618  $326  1.7%
                  3-Bedroom   $516,159  $808  1.9%
Outside of Center 1-Bedroom   $107,448  $228  2.6%
                  3-Bedroom   $236,386  $519  2.6%","Kaohsiung, Taiwan",22.6203348,120.3120375
Taiwan,New Taipei,1.8012559498441616,"                                               Price    Rent Yield
Neighbor                        Apartments                        
New Taipei City (all locations) 1-Bedroom   $357,445    $520  1.7%
                                2-Bedroom   $486,775    $812  2.0%
                                3-Bedroom   $584,259    $877  1.8%
                                4-Bedroom   $840,970  $1,137  1.6%
                                5+Bedroom   $870,865  $1,462  2.0%",,,"New Taipei, Taiwan",25.011997,121.4656619
Taiwan,Taichung,,,2.297282847795031,"                                 Price  Rent Yield
Neighbor          Apartments                      
City Center       1-Bedroom   $263,456  $415  1.9%
                  3-Bedroom   $579,602  $958  2.0%
Outside of Center 1-Bedroom   $139,236  $303  2.6%
                  3-Bedroom   $306,319  $729  2.9%","Taichung, Taiwan",24.163162,120.6478282
Taiwan,Taipei,1.8911077779795702,"                                                        Price    Rent Yield
Neighbor                               Apartments                          
Datong District                        1-Bedroom     $505,297    $699  1.7%
                                       2-Bedroom     $802,301  $1,235  1.8%
                                       3-Bedroom   $1,137,324  $2,210  2.3%
Taipei City (all locations)            1-Bedroom     $708,390  $1,238  2.1%
                                       2-Bedroom     $926,106  $1,466  1.9%
                                       3-Bedroom   $1,140,652  $1,369  1.4%
                                       4-Bedroom   $1,557,805  $2,444  1.9%
Wanhua District                        1-Bedroom     $428,934    $552  1.5%
                                       2-Bedroom     $714,889    $910  1.5%
                                       3-Bedroom     $812,374  $1,040  1.5%
Zhongshan District (Historical center) 1-Bedroom     $610,905    $975  1.9%
                                       2-Bedroom     $877,364  $1,462  2.0%
                                       3-Bedroom   $1,133,424  $2,275  2.4%
                                       4-Bedroom   $1,845,714  $2,925  1.9%
Zhongzheng Distring                    1-Bedroom     $428,934    $552  1.5%
                                       2-Bedroom     $763,632  $1,235  1.9%
                                       3-Bedroom     $941,704  $1,560  2.0%
                                       4-Bedroom   $1,585,754  $1,885  1.4%",1.2550894152566539,"                                   Price    Rent Yield
Neighbor          Apartments                          
City Center       1-Bedroom     $729,131    $622  1.0%
                  3-Bedroom   $1,604,088  $1,519  1.1%
Outside of Center 1-Bedroom     $371,048    $425  1.4%
                  3-Bedroom     $816,304  $1,110  1.6%","Taipei, Taiwan",25.0375198,121.5636796
Taiwan,Taoyuan City,2.0149220460371917,"                                            Price    Rent Yield
Neighbor                     Apartments                        
Luzhu District               3-Bedroom   $451,030    $845  2.2%
                             4-Bedroom   $808,475  $1,137  1.7%
Taoyuan City (all locations) 2-Bedroom   $399,038    $747  2.2%
                             3-Bedroom   $451,030    $812  2.2%
                             4-Bedroom   $643,400    $910  1.7%
                             5+Bedroom   $938,455  $1,462  1.9%",,,"Taoyuan City, Taiwan",24.9929995,121.3010003
Taiwan,Tâi-lâm,2.329147004655218,"                                           Price    Rent Yield
Neighbor                    Apartments                        
Central District            1-Bedroom   $123,190    $205  2.0%
                            2-Bedroom   $260,069    $745  3.4%
                            3-Bedroom   $423,019    $652  1.8%
                            4-Bedroom   $843,431  $1,141  1.6%
                            5+Bedroom   $971,184  $3,911  4.8%
Tainan City (all locations) 2-Bedroom   $314,226    $708  2.7%
                            3-Bedroom   $356,795    $747  2.5%
                            4-Bedroom   $508,871    $910  2.1%
                            5+Bedroom   $773,380  $1,040  1.6%",,,"Tâi-lâm, Taiwan",23.70042,120.194474
Thailand,Bangkok,4.2421869602266185,"                              Price    Rent Yield
Neighbor     Apartments                          
Chatuchak    0-Studio       $75,395    $368  5.9%
             1-Bedroom      $89,474    $395  5.3%
             2-Bedroom     $171,053    $684  4.8%
             3-Bedroom     $392,105  $1,316  4.0%
Huai Khwang  0-Studio       $65,053    $289  5.3%
             1-Bedroom      $94,474    $395  5.0%
             2-Bedroom     $173,553    $737  5.1%
             3-Bedroom     $350,000  $1,316  4.5%
             4+Bedroom     $768,421  $2,895  4.5%
Khlong Toei  0-Studio      $114,474    $421  4.4%
             1-Bedroom     $148,684    $658  5.3%
             2-Bedroom     $334,211  $1,289  4.6%
             3-Bedroom     $763,158  $2,105  3.3%
             4+Bedroom   $1,488,684  $3,947  3.2%
Pathum Wan   0-Studio      $172,105    $579  4.0%
             1-Bedroom     $261,842    $842  3.9%
             2-Bedroom     $644,605  $1,842  3.4%
             3-Bedroom   $1,465,790  $3,421  2.8%
             4+Bedroom   $2,837,711  $4,474  1.9%
Phra Khanong 0-Studio       $44,474    $237  6.4%
             1-Bedroom      $92,105    $368  4.8%
             2-Bedroom     $189,474    $737  4.7%
             3-Bedroom     $286,842  $1,197  5.0%
             4+Bedroom     $921,053  $3,026  3.9%
Ratchathewi  0-Studio      $114,474    $421  4.4%
             1-Bedroom     $157,895    $553  4.2%
             2-Bedroom     $260,526    $921  4.2%
             3-Bedroom     $526,316  $1,842  4.2%
             4+Bedroom     $710,526  $4,737  8.0%
Sathon       0-Studio       $75,526    $368  5.8%
             1-Bedroom     $160,526    $605  4.5%
             2-Bedroom     $328,947  $1,184  4.3%
             3-Bedroom     $868,421  $2,632  3.6%
             4+Bedroom   $1,657,895  $4,737  3.4%
Watthana     0-Studio      $120,789    $447  4.4%
             1-Bedroom     $162,632    $658  4.9%
             2-Bedroom     $347,368  $1,316  4.5%
             3-Bedroom     $636,974  $1,974  3.7%
             4+Bedroom   $1,315,790  $3,421  3.1%",3.2892419628721905,"                                 Price    Rent Yield
Neighbor          Apartments                        
City Center       1-Bedroom   $285,676    $669  2.8%
                  3-Bedroom   $628,486  $1,924  3.7%
Outside of Center 1-Bedroom   $131,360    $318  2.9%
                  3-Bedroom   $288,992    $989  4.1%","Bangkok, Thailand",13.7524938,100.4935089
Thailand,HUA HIN,6.095356897321587,"                                       Price    Rent Yield
Neighbor                Apartments                        
Hua Hin (all locations) 1-Bedroom    $94,061    $322  4.1%
                        2-Bedroom   $214,996  $1,209  6.7%
                        3-Bedroom   $423,273  $2,150  6.1%",,,"HUA HIN, Thailand",12.5699326,99.9573437
Thailand,Nonthaburi,5.659744730312717,"                                          Price    Rent Yield
Neighbor                   Apartments                        
Bang Khen                  0-Studio     $39,342    $211  6.4%
                           1-Bedroom    $47,105    $211  5.4%
                           2-Bedroom    $92,763    $421  5.4%
Bang Kraso                 1-Bedroom    $44,737    $224  6.0%
                           2-Bedroom   $113,158    $434  4.6%
Nonthaburi (all locations) 0-Studio     $38,158    $184  5.8%
                           1-Bedroom    $44,737    $211  5.7%
                           2-Bedroom    $89,474    $395  5.3%
                           3-Bedroom   $184,211  $1,053  6.9%
                           4+Bedroom   $486,842  $1,447  3.6%
Sai Ma                     1-Bedroom    $35,526    $158  5.3%
                           2-Bedroom   $184,211    $658  4.3%",,,"Nonthaburi, Thailand",13.8428962,100.4937886
Thailand,Pattaya,5.733465447207192,"                                Price    Rent Yield
Neighbor       Apartments                          
Bang Lamung    0-Studio       $70,395    $395  6.7%
               1-Bedroom      $83,947    $474  6.8%
               2-Bedroom     $192,763    $921  5.7%
               3-Bedroom     $415,789  $1,842  5.3%
               4+Bedroom   $1,026,316  $2,368  2.8%
Jomtien        0-Studio       $62,627    $395  7.6%
               1-Bedroom      $78,684    $447  6.8%
               2-Bedroom     $197,368    $789  4.8%
               3-Bedroom     $460,526  $1,382  3.6%
Na Kluea       1-Bedroom     $140,659    $658  5.6%
               2-Bedroom     $250,000    $921  4.4%
               3-Bedroom     $425,000  $1,711  4.8%
Pratumnak Hill 0-Studio       $72,368    $395  6.5%
               1-Bedroom      $76,053    $395  6.2%
               2-Bedroom     $181,579    $789  5.2%
               3-Bedroom     $394,737  $1,316  4.0%
Wongamat       0-Studio       $91,974    $474  6.2%
               1-Bedroom     $128,947    $526  4.9%
               2-Bedroom     $236,842  $1,447  7.3%
               3-Bedroom     $550,000  $2,237  4.9%",5.638418984666071,"                                 Price  Rent Yield
Neighbor          Apartments                      
City Center       1-Bedroom    $92,682  $434  5.6%
                  3-Bedroom   $203,900  $843  5.0%
Outside of Center 1-Bedroom    $55,436  $261  5.7%
                  3-Bedroom   $121,959  $631  6.2%","Pattaya, Thailand",12.9366674,100.8864587
Thailand,Phuket,4.291347094799486,"                         Price    Rent  Yield
Neighbor  Apartments                         
Karon     1-Bedroom   $114,211    $500   5.3%
          2-Bedroom   $243,421  $2,211  10.9%
          4+Bedroom   $539,474  $5,263  11.7%
Rawai     1-Bedroom   $107,895    $579   6.4%
          2-Bedroom   $217,105  $1,184   6.5%
          3-Bedroom   $341,447  $2,500   8.8%
          4+Bedroom   $625,000  $3,947   7.6%
Talat Yai 1-Bedroom    $65,526    $257   4.7%
          2-Bedroom   $322,368  $1,053   3.9%
Wichit    1-Bedroom    $62,895    $289   5.5%
          2-Bedroom   $236,579    $605   3.1%",,,"Phuket, Thailand",7.8847901,98.3891503
Thailand,Samut Prakan,6.303571359965522,"                                 Price    Rent Yield
Neighbor          Apartments                        
Pak Nam           0-Studio     $36,579    $210  6.9%
                  1-Bedroom    $51,316    $224  5.2%
                  2-Bedroom    $70,789    $395  6.7%
Samrong/Thepharak 0-Studio     $36,842    $197  6.4%
                  1-Bedroom    $43,421    $224  6.2%
                  2-Bedroom    $80,000    $447  6.7%
                  3-Bedroom   $471,579  $1,184  3.0%",,,"Samut Prakan, Thailand",13.5949359,100.5966146
Thailand,Sattahip,4.627595717472433,"                                        Price    Rent Yield
Neighbor                 Apartments                        
Na Jomtien               0-Studio     $69,605    $151  2.6%
                         1-Bedroom    $98,684    $658  8.0%
                         2-Bedroom   $249,868  $1,316  6.3%
                         3-Bedroom   $486,842  $1,316  3.2%
Sattahip (all locations) 0-Studio     $64,473    $158  2.9%
                         1-Bedroom   $105,000    $526  6.0%
                         2-Bedroom   $276,316  $1,645  7.1%
                         3-Bedroom   $486,842  $1,316  3.2%",,,"Sattahip, Thailand",12.663982,100.9003752
Tunisia,Ariana,5.131973096704911,"                                      Price  Rent Yield
Neighbor               Apartments                      
Ariana (all locations) 0-Studio     $42,463  $182  5.1%
                       1-Bedroom    $53,079  $227  5.1%
                       2-Bedroom    $60,661  $243  4.8%
                       3-Bedroom    $75,827  $334  5.3%
                       4+Bedroom   $165,302  $485  3.5%",,,"Ariana, Tunisia",36.8587351,10.188232
Tunisia,Ben Arous,4.853146947688367,"                                        Price  Rent Yield
Neighbor                  Apartments                     
Ben Arous (all locations) 0-Studio    $30,331  $124  4.9%
                          1-Bedroom   $40,491  $121  3.6%
                          2-Bedroom   $34,880  $149  5.1%
                          3-Bedroom   $45,496  $182  4.8%",,,"Ben Arous, Tunisia",36.7516855,10.2245072
Tunisia,Nabeul,3.857521342360907,"                                      Price  Rent Yield
Neighbor               Apartments                      
Nabeul (all locations) 0-Studio     $45,496  $121  3.2%
                       1-Bedroom    $55,899  $227  4.9%
                       2-Bedroom    $75,827  $394  6.2%
                       3-Bedroom    $84,925  $273  3.9%
                       4+Bedroom   $179,063  $409  2.7%",,,"Nabeul, Tunisia",36.4512897,10.7355915
Tunisia,Tunis,6.857788802712972,"                                     Price  Rent Yield
Neighbor              Apartments                      
Tunis (all locations) 0-Studio     $38,823  $197  6.1%
                      1-Bedroom    $47,012  $379  9.7%
                      2-Bedroom    $63,694  $364  6.9%
                      3-Bedroom    $83,258  $485  7.0%
                      4+Bedroom   $274,433  $758  3.3%",5.324093580837767,"                                 Price  Rent Yield
Neighbor          Apartments                      
City Center       1-Bedroom    $48,912  $237  5.8%
                  3-Bedroom   $107,608  $434  4.8%
Outside of Center 1-Bedroom    $38,036  $187  5.9%
                  3-Bedroom    $83,679  $306  4.4%","Tunis, Tunisia",36.8002068,10.1857757
Turkey,Adana,5.430759397092131,"                        Price  Rent Yield
Neighbor Apartments                      
Sarıçam  2-Bedroom    $37,949  $189  6.0%
         3-Bedroom    $59,692  $243  4.9%
Seyhan   1-Bedroom    $38,894  $189  5.8%
         2-Bedroom    $57,207  $297  6.2%
         3-Bedroom    $77,731  $270  4.2%
         4+Bedroom   $145,853  $355  2.9%
Çukurova 0-Studio     $23,201  $135  7.0%
         1-Bedroom    $42,405  $216  6.1%
         2-Bedroom    $69,685  $324  5.6%
         3-Bedroom    $90,753  $279  3.7%
         4+Bedroom   $134,509  $371  3.3%",,,"Adana, Turkey",36.9863599,35.3252861
Turkey,Alanya,,,6.733891285198565,"                                 Price    Rent Yield
Neighbor          Apartments                        
City Center       1-Bedroom    $94,746    $693  8.8%
                  3-Bedroom   $208,440  $1,073  6.2%
Outside of Center 1-Bedroom    $87,885    $534  7.3%
                  3-Bedroom   $193,347    $874  5.4%","Alanya, Turkey",36.5436517,32.0019211
Turkey,Ankara,5.608732973289243,"                           Price  Rent  Yield
Neighbor    Apartments                       
Altındağ    1-Bedroom    $21,716  $171   9.4%
            2-Bedroom    $38,840  $189   5.8%
            3-Bedroom    $51,319  $230   5.4%
            4+Bedroom    $72,386  $248   4.1%
Etimesgut   1-Bedroom    $61,312  $254   5.0%
            2-Bedroom    $47,807  $230   5.8%
            3-Bedroom    $66,957  $243   4.4%
            4+Bedroom   $137,696  $464   4.0%
Keçiören    1-Bedroom    $32,142  $306  11.4%
            2-Bedroom    $37,219  $243   7.8%
            3-Bedroom    $42,621  $243   6.8%
            4+Bedroom    $86,431  $368   5.1%
Mamak       1-Bedroom    $20,392  $167   9.8%
            2-Bedroom    $32,952  $189   6.9%
            3-Bedroom    $42,621  $216   6.1%
            4+Bedroom    $74,493  $324   5.2%
Sincan      1-Bedroom    $24,201   $86   4.3%
            2-Bedroom    $33,762  $162   5.8%
            3-Bedroom    $40,461  $203   6.0%
            4+Bedroom    $75,087  $227   3.6%
Yenimahalle 1-Bedroom    $71,576  $302   5.1%
            2-Bedroom    $67,227  $312   5.6%
            3-Bedroom    $83,730  $305   4.4%
            4+Bedroom   $135,049  $405   3.6%
Çankaya     0-Studio     $65,364  $324   5.9%
            1-Bedroom    $83,730  $310   4.4%
            2-Bedroom    $83,703  $405   5.8%
            3-Bedroom    $98,586  $405   4.9%
            4+Bedroom   $180,965  $675   4.5%",6.482814986254434,"                                 Price  Rent Yield
Neighbor          Apartments                      
City Center       1-Bedroom    $60,858  $363  7.2%
                  3-Bedroom   $133,888  $640  5.7%
Outside of Center 1-Bedroom    $40,185  $241  7.2%
                  3-Bedroom    $88,407  $428  5.8%","Ankara, Turkey",39.9207886,32.8540482
Turkey,Antalya,3.9985684137777833,"                         Price    Rent Yield
Neighbor  Apartments                        
Alanya    0-Studio     $80,489    $317  4.7%
          1-Bedroom   $108,039    $594  6.6%
          2-Bedroom   $137,750    $648  5.6%
          3-Bedroom   $189,608    $648  4.1%
          4+Bedroom   $221,480    $958  5.2%
Finike    1-Bedroom    $48,618    $216  5.3%
          2-Bedroom    $81,029    $270  4.0%
          3-Bedroom    $97,235    $297  3.7%
Kepez     0-Studio     $42,405    $189  5.3%
          1-Bedroom    $54,019    $324  7.2%
          2-Bedroom    $67,524    $351  6.2%
          3-Bedroom    $86,431    $405  5.6%
          4+Bedroom   $121,544    $810  8.0%
Konyaaltı 1-Bedroom   $118,843    $540  5.5%
          2-Bedroom   $159,357    $810  6.1%
          3-Bedroom   $205,274    $810  4.7%
          4+Bedroom   $326,818  $1,053  3.9%
Muratpaşa 0-Studio     $57,396    $270  5.6%
          1-Bedroom    $88,052    $432  5.9%
          2-Bedroom    $94,534    $567  7.2%
          3-Bedroom   $143,152    $648  5.4%
          4+Bedroom   $175,563  $1,026  7.0%",9.493068037665179,"                                 Price    Rent  Yield
Neighbor          Apartments                         
City Center       1-Bedroom    $95,252    $718   9.0%
                  3-Bedroom   $209,553  $1,164   6.7%
Outside of Center 1-Bedroom    $46,436    $517  13.4%
                  3-Bedroom   $102,159    $846   9.9%","Antalya, Turkey",36.8872942,30.7074549
Turkey,Bursa,5.225047976906578,"                                     Price  Rent Yield
Neighbor              Apartments                      
Bursa (all locations) 0-Studio     $34,277   $94  3.3%
                      1-Bedroom    $43,723  $243  6.7%
                      2-Bedroom    $36,976  $216  7.0%
                      3-Bedroom    $83,533  $324  4.7%
                      4+Bedroom   $124,018  $540  5.2%",7.515514372754605,"                                Price  Rent Yield
Neighbor          Apartments                     
City Center       1-Bedroom   $39,682  $293  8.9%
                  3-Bedroom   $87,302  $553  7.6%
Outside of Center 1-Bedroom   $35,210  $218  7.4%
                  3-Bedroom   $77,461  $328  5.1%","Bursa, Turkey",40.182737,29.0675481
Turkey,Eskisehir,,,3.9946485655306034,"                                 Price  Rent Yield
Neighbor          Apartments                      
City Center       1-Bedroom    $59,945  $220  4.4%
                  3-Bedroom   $131,878  $423  3.9%
Outside of Center 1-Bedroom    $39,542  $136  4.1%
                  3-Bedroom    $86,994  $270  3.7%","Eskisehir, Turkey",39.7743941,30.519116
Turkey,Istanbul,7.792677453880723,"                            Price    Rent  Yield
Neighbor     Apartments                         
Beylikdüzü   1-Bedroom    $67,524    $371   6.6%
             2-Bedroom    $75,627    $432   6.9%
             3-Bedroom   $126,946    $567   5.4%
             4+Bedroom   $181,776    $864   5.7%
Esenyurt     0-Studio     $37,273    $256   8.2%
             1-Bedroom    $58,611    $324   6.6%
             2-Bedroom    $40,245    $351  10.5%
             3-Bedroom    $74,277    $462   7.5%
             4+Bedroom    $89,132    $945  12.7%
Kadıköy      0-Studio     $67,602    $489   8.7%
             1-Bedroom   $148,724    $622   5.0%
             2-Bedroom   $240,663    $811   4.0%
             3-Bedroom   $351,530    $973   3.3%
             4+Bedroom   $692,244  $1,460   2.5%
Kağıthane    0-Studio    $105,338    $742   8.5%
             1-Bedroom    $88,862    $783  10.6%
             2-Bedroom    $99,936    $594   7.1%
             3-Bedroom   $140,451    $675   5.8%
Küçükçekmece 0-Studio     $49,023    $283   6.9%
             1-Bedroom    $70,766    $358   6.1%
             2-Bedroom    $76,167    $418   6.6%
             3-Bedroom   $134,833    $567   5.0%
             4+Bedroom   $161,788    $540   4.0%
Maltepe      1-Bedroom    $99,358    $324   3.9%
             2-Bedroom   $129,503    $459   4.3%
             3-Bedroom   $167,460    $540   3.9%
             4+Bedroom   $229,583    $521   2.7%
Sarıyer      0-Studio    $176,914    $715   4.8%
             1-Bedroom   $267,396    $972   4.4%
             2-Bedroom   $378,136  $1,349   4.3%
             3-Bedroom   $513,185  $1,876   4.4%
             4+Bedroom   $731,964  $2,267   3.7%
Şişli        1-Bedroom   $113,441    $499   5.3%
             2-Bedroom   $125,460    $675   6.5%
             3-Bedroom   $194,470    $864   5.3%
             4+Bedroom   $438,908  $2,969   8.1%",6.305329398607586,"                                 Price    Rent Yield
Neighbor          Apartments                        
City Center       1-Bedroom   $147,325    $774  6.3%
                  3-Bedroom   $324,115  $1,396  5.2%
Outside of Center 1-Bedroom    $78,323    $512  7.8%
                  3-Bedroom   $172,311    $906  6.3%","Istanbul, Turkey",41.0091982,28.9662187
Turkey,Izmir,4.800916171093455,"                          Price    Rent  Yield
Neighbor   Apartments                         
Bornova    0-Studio     $82,589    $297   4.3%
           1-Bedroom    $88,527    $432   5.9%
           2-Bedroom    $93,115    $419   5.4%
           3-Bedroom   $105,260    $324   3.7%
           4+Bedroom   $267,199  $1,069   4.8%
Buca       0-Studio     $32,658    $209   7.7%
           1-Bedroom    $43,184    $216   6.0%
           2-Bedroom    $59,378    $270   5.5%
           3-Bedroom    $80,969    $324   4.8%
Karabağlar 1-Bedroom    $40,485    $176   5.2%
           2-Bedroom    $51,281    $270   6.3%
           3-Bedroom    $83,208    $351   5.1%
Karşıyaka  1-Bedroom    $91,091    $378   5.0%
           2-Bedroom   $106,070    $459   5.2%
           3-Bedroom   $134,949    $540   4.8%
Konak      1-Bedroom    $45,883    $513  13.4%
           2-Bedroom    $64,776    $378   7.0%
           3-Bedroom    $95,544    $378   4.7%",6.144037058330939,"                                 Price  Rent Yield
Neighbor          Apartments                      
City Center       1-Bedroom    $67,814  $382  6.8%
                  3-Bedroom   $149,191  $607  4.9%
Outside of Center 1-Bedroom    $41,570  $254  7.3%
                  3-Bedroom    $91,453  $421  5.5%","Izmir, Turkey",38.4224548,27.1310699
Turkey,Kayseri,5.301989429747731,"                                      Price  Rent Yield
Neighbor                Apartments                     
Kayseri (all locations) 1-Bedroom   $36,220  $216  7.2%
                        3-Bedroom   $51,281  $204  4.8%
                        4+Bedroom   $97,163  $405  5.0%",4.787145447244496,"                                 Price  Rent Yield
Neighbor          Apartments                      
City Center       1-Bedroom    $56,033  $255  5.5%
                  3-Bedroom   $123,272  $423  4.1%
Outside of Center 1-Bedroom    $37,355  $170  5.5%
                  3-Bedroom    $82,181  $277  4.0%","Kayseri, Turkey",38.7219011,35.4873214
Turkey,Konya,5.55179164993837,"                                     Price  Rent Yield
Neighbor              Apartments                      
Konya (all locations) 1-Bedroom    $32,952  $189  6.9%
                      2-Bedroom    $46,727  $243  6.2%
                      3-Bedroom    $59,962  $243  4.9%
                      4+Bedroom   $101,287  $378  4.5%",,,"Konya, Turkey",37.872734,32.4924376
Turkey,Mersin,,,8.66520905476286,"                                Price  Rent  Yield
Neighbor          Apartments                      
City Center       1-Bedroom   $42,276  $374  10.6%
                  3-Bedroom   $93,008  $574   7.4%
Outside of Center 1-Bedroom   $33,442  $277   9.9%
                  3-Bedroom   $73,574  $426   6.9%","Mersin, Turkey",36.7978381,34.6298391
Ukraine,Dnipro,7.112426818380236,"                                      Price  Rent  Yield
Neighbor               Apartments                       
Dnipro (all locations) 0-Studio     $32,926  $216   7.9%
                       1-Bedroom    $45,895  $243   6.4%
                       2-Bedroom    $61,860  $324   6.3%
                       3-Bedroom    $89,796  $865  11.6%
Sobornyi (Oktyabrsky)  0-Studio     $35,918  $203   6.8%
                       1-Bedroom    $55,873  $324   7.0%
                       2-Bedroom    $77,823  $352   5.4%
                       3-Bedroom   $119,728  $783   7.8%",5.72982739830144,"                                 Price  Rent Yield
Neighbor          Apartments                      
City Center       1-Bedroom    $59,425  $368  7.4%
                  3-Bedroom   $130,735  $569  5.2%
Outside of Center 1-Bedroom    $43,161  $224  6.2%
                  3-Bedroom    $94,954  $369  4.7%","Dnipro, Ukraine",48.4680221,35.0417711
Ukraine,Ivano-Frankivsk,12.322145451566211,"                                              Price  Rent  Yield
Neighbor                        Apartments                      
Ivano-Frankivsk (all locations) 0-Studio    $26,939  $300  13.3%
                                1-Bedroom   $38,912  $400  12.3%
                                2-Bedroom   $53,878  $498  11.1%",,,"Ivano-Frankivsk, Ukraine",48.9224763,24.710334
Ukraine,Kharkiv,4.345459279070318,"                                      Price  Rent Yield
Neighbor                Apartments                     
Kharkiv (all locations) 0-Studio    $29,932  $108  4.3%
                        1-Bedroom   $44,899  $163  4.3%
                        2-Bedroom   $57,869  $189  3.9%
Shevchenkivskyi         0-Studio    $34,921  $108  3.7%
                        1-Bedroom   $54,876  $216  4.7%
                        2-Bedroom   $99,774  $243  2.9%",5.608039143466192,"                                 Price  Rent Yield
Neighbor          Apartments                      
City Center       1-Bedroom    $85,122  $366  5.2%
                  3-Bedroom   $187,267  $726  4.7%
Outside of Center 1-Bedroom    $41,260  $239  6.9%
                  3-Bedroom    $90,772  $458  6.1%","Kharkiv, Ukraine",49.9923181,36.2310146
Ukraine,Khmelnytskyi,9.393286110255621,"                                           Price  Rent  Yield
Neighbor                     Apartments                      
Khmelnytskyi (all locations) 0-Studio    $30,930  $270  10.5%
                             1-Bedroom   $41,406  $324   9.4%
                             2-Bedroom   $54,876  $352   7.7%",,,"Khmelnytskyi, Ukraine",49.4196404,26.9793793
Ukraine,Kiev,4.642872668782333,"                               Price    Rent Yield
Neighbor        Apartments                        
Darnytskyi      0-Studio     $59,764    $256  5.1%
                1-Bedroom    $84,808    $310  4.4%
                2-Bedroom   $108,753    $378  4.2%
                3-Bedroom   $148,663    $648  5.2%
Desnianskyi     0-Studio     $38,413    $163  5.1%
                1-Bedroom    $48,889    $189  4.6%
                2-Bedroom    $64,853    $216  4.0%
Holosiivskyi    0-Studio     $68,345    $324  5.7%
                1-Bedroom    $94,785    $435  5.5%
                2-Bedroom   $134,695    $676  6.0%
                3-Bedroom   $284,355    $948  4.0%
                4+Bedroom   $349,208  $2,294  7.9%
Obolon’skyi     0-Studio     $48,889    $243  6.0%
                1-Bedroom    $71,438    $324  5.4%
                2-Bedroom    $87,801    $405  5.5%
                3-Bedroom   $158,640    $729  5.5%
                4+Bedroom   $167,620    $598  4.3%
Pecherskyi      0-Studio    $119,728    $540  5.4%
                1-Bedroom   $174,604    $783  5.4%
                2-Bedroom   $299,321  $1,098  4.4%
                3-Bedroom   $533,790  $1,496  3.4%
                4+Bedroom   $996,739  $3,192  3.8%
Podilskyi       0-Studio     $49,687    $270  6.5%
                1-Bedroom    $79,819    $349  5.2%
                2-Bedroom   $104,763    $459  5.3%
                3-Bedroom   $199,547  $1,081  6.5%
                4+Bedroom   $294,333  $1,996  8.1%
Shevchenkivskyi 0-Studio     $73,633    $352  5.7%
                1-Bedroom   $104,763    $459  5.3%
                2-Bedroom   $164,626    $748  5.5%
                3-Bedroom   $249,334  $1,298  6.2%
                4+Bedroom   $473,925  $1,696  4.3%
Solomianskyi    0-Studio     $57,869    $270  5.6%
                1-Bedroom    $66,848    $324  5.8%
                2-Bedroom    $89,796    $487  6.5%
                3-Bedroom   $179,593    $622  4.2%
                4+Bedroom   $399,095  $1,000  3.0%
Sviatoshynskyi  0-Studio     $39,909    $216  6.5%
                1-Bedroom    $59,764    $243  4.9%
                2-Bedroom    $69,842    $298  5.1%
                3-Bedroom    $98,776    $622  7.6%",,,"Kiev, Ukraine",50.4500336,30.5241361
Ukraine,Kiev (Kyiv),,,4.7155481588478825,"                                 Price  Rent Yield
Neighbor          Apartments                      
City Center       1-Bedroom   $115,703  $455  4.7%
                  3-Bedroom   $254,546  $861  4.1%
Outside of Center 1-Bedroom    $60,279  $267  5.3%
                  3-Bedroom   $132,614  $520  4.7%","Kiev (Kyiv), Ukraine",50.4500336,30.5241361
Ukraine,Lviv,7.917911417067152,"                                    Price  Rent Yield
Neighbor             Apartments                      
Lviv (all locations) 0-Studio     $55,075  $450  9.8%
                     1-Bedroom    $81,815  $540  7.9%
                     2-Bedroom   $109,751  $748  8.2%
                     3-Bedroom   $146,667  $898  7.3%
                     4+Bedroom   $209,525  $948  5.4%",6.194743968633993,"                                 Price  Rent Yield
Neighbor          Apartments                      
City Center       1-Bedroom    $81,534  $484  7.1%
                  3-Bedroom   $179,374  $716  4.8%
Outside of Center 1-Bedroom    $49,684  $317  7.6%
                  3-Bedroom   $109,306  $480  5.3%","Lviv, Ukraine",49.841952,24.0315921
Ukraine,Odessa,6.49909863657309,"                                      Price  Rent Yield
Neighbor               Apartments                      
Kievsky                0-Studio     $33,424  $163  5.8%
                       1-Bedroom    $44,799  $175  4.7%
                       2-Bedroom    $50,385  $243  5.8%
Odessa (all locations) 0-Studio     $32,426  $189  7.0%
                       1-Bedroom    $48,889  $216  5.3%
                       2-Bedroom    $64,843  $324  6.0%
                       3-Bedroom    $69,742  $498  8.6%
Primorsky              0-Studio     $49,887  $243  5.9%
                       1-Bedroom    $68,844  $310  5.4%
                       2-Bedroom   $106,757  $400  4.5%
                       3-Bedroom   $129,706  $798  7.4%",,,"Odessa, Ukraine",46.4843023,30.7322878
Ukraine,Odessa (Odesa),,,4.5742824496107435,"                                 Price  Rent Yield
Neighbor          Apartments                      
City Center       1-Bedroom    $65,214  $254  4.7%
                  3-Bedroom   $143,471  $570  4.8%
Outside of Center 1-Bedroom    $44,254  $165  4.5%
                  3-Bedroom    $97,360  $353  4.4%","Odessa (Odesa), Ukraine",46.4843023,30.7322878
United Arab Emirates,Abu Dhabi,6.28507033480287,"                                 Price     Rent Yield
Neighbor        Apartments                           
Al Raha beach   0-Studio      $247,754     $930  4.5%
                1-Bedroom     $314,457   $1,429  5.5%
                2-Bedroom     $442,418   $2,269  6.2%
                3-Bedroom     $707,868   $3,744  6.3%
                4+Bedroom     $803,158   $4,765  7.1%
Al Reem Island  0-Studio      $150,558   $1,015  8.1%
                1-Bedroom     $231,418   $1,361  7.1%
                2-Bedroom     $363,599   $1,928  6.4%
                3-Bedroom     $544,514   $2,836  6.2%
                4+Bedroom   $1,125,783   $4,048  4.3%
Saadyiat Island 0-Studio      $289,680   $1,021  4.2%
                1-Bedroom     $639,804   $1,656  3.1%
                2-Bedroom     $980,120   $3,063  3.8%
                3-Bedroom   $1,687,993   $3,778  2.7%
                4+Bedroom   $3,811,598  $12,478  3.9%
Yas Island      0-Studio      $198,748   $1,089  6.6%
                1-Bedroom     $249,809   $1,248  6.0%
                2-Bedroom     $438,334   $1,928  5.3%
                3-Bedroom     $494,393   $2,836  6.9%",7.838883986305828,"                                 Price    Rent Yield
Neighbor          Apartments                        
City Center       1-Bedroom   $201,276  $1,458  8.7%
                  3-Bedroom   $442,806  $3,010  8.2%
Outside of Center 1-Bedroom   $188,774  $1,183  7.5%
                  3-Bedroom   $415,302  $2,172  6.3%","Abu Dhabi, United Arab Emirates",24.4538352,54.3774014
United Arab Emirates,Ajman,5.079312804586206,"                                     Price  Rent Yield
Neighbor              Apartments                      
Ajman (all locations) 0-Studio     $40,839  $295  8.7%
                      1-Bedroom    $91,112  $408  5.4%
                      2-Bedroom   $159,247  $635  4.8%
                      3-Bedroom   $240,948  $817  4.1%",,,"Ajman, United Arab Emirates",25.3936557,55.4451432
United Arab Emirates,Dubai,6.8478260869565215,"                               Price     Rent Yield
Neighbor      Apartments                           
Al Furjan     0-Studio      $108,902     $726  8.0%
              1-Bedroom     $198,720   $1,134  6.8%
              2-Bedroom     $299,481   $1,475  5.9%
Arjan         0-Studio      $119,793     $749  7.5%
              1-Bedroom     $199,292   $1,134  6.8%
              2-Bedroom     $299,483   $1,543  6.2%
              3-Bedroom     $444,336   $2,700  7.3%
Business Bay  0-Studio      $225,973   $1,407  7.5%
              1-Bedroom     $314,457   $1,882  7.2%
              2-Bedroom     $519,815   $2,949  6.8%
              3-Bedroom     $803,158   $4,048  6.0%
              4+Bedroom   $3,441,025   $6,353  2.2%
Downtown      0-Studio      $378,160   $2,155  6.8%
              1-Bedroom     $485,979   $2,723  6.7%
              2-Bedroom     $898,448   $5,445  7.3%
              3-Bedroom   $1,470,172   $7,941  6.5%
              4+Bedroom   $4,356,112  $22,688  6.2%
Dubai Marina  0-Studio      $231,418   $1,407  7.3%
              1-Bedroom     $362,102   $2,155  7.1%
              2-Bedroom     $598,965   $3,449  6.9%
              3-Bedroom     $980,125   $4,538  5.6%
              4+Bedroom   $1,225,157   $5,672  5.6%
JLT           0-Studio      $142,935   $1,044  8.8%
              1-Bedroom     $245,031   $1,509  7.4%
              2-Bedroom     $408,386   $2,042  6.0%
              3-Bedroom     $544,514   $3,120  6.9%
JVC           0-Studio      $121,154     $817  8.1%
              1-Bedroom     $201,470   $1,248  7.4%
              2-Bedroom     $315,499   $1,588  6.0%
              3-Bedroom     $435,299   $2,723  7.5%
Palm Jumeirah 0-Studio      $462,837   $1,702  4.4%
              1-Bedroom     $677,920   $3,517  6.2%
              2-Bedroom     $925,674   $4,991  6.5%
              3-Bedroom   $1,320,446   $6,239  5.7%
              4+Bedroom   $8,154,097  $40,839  6.0%",11.37565130241985,"                                 Price    Rent  Yield
Neighbor          Apartments                         
City Center       1-Bedroom   $180,008  $1,994  13.3%
                  3-Bedroom   $396,016  $3,441  10.4%
Outside of Center 1-Bedroom   $109,877  $1,128  12.3%
                  3-Bedroom   $241,729  $2,098  10.4%","Dubai, United Arab Emirates",25.2653471,55.2924914
United Arab Emirates,Ra's al-Khaymah,6.999260503543217,"                                Price    Rent Yield
Neighbor         Apartments                        
Al Hamra Village 0-Studio     $73,509    $522  8.5%
                 1-Bedroom   $130,683    $794  7.3%
                 2-Bedroom   $228,081  $1,123  5.9%
                 3-Bedroom   $454,417  $1,758  4.6%
Al Raha beach    0-Studio     $82,425    $545  7.9%
                 1-Bedroom   $153,775    $862  6.7%
                 2-Bedroom   $204,193  $1,191  7.0%
Mina Al Arab     0-Studio     $76,232    $442  7.0%
                 1-Bedroom   $206,421    $908  5.3%
                 2-Bedroom   $333,501  $1,179  4.2%
                 3-Bedroom   $410,443  $1,656  4.8%",,,"Ra's al-Khaymah, United Arab Emirates",25.7737705,55.938232
United Arab Emirates,Sharjah,4.189302167760983,"                                       Price    Rent Yield
Neighbor                Apartments                        
Sharjah (all locations) 0-Studio    $103,458    $363  4.2%
                        1-Bedroom   $172,067    $522  3.6%
                        2-Bedroom   $230,738    $749  3.9%
                        3-Bedroom   $285,871    $998  4.2%
                        4+Bedroom   $537,709  $1,928  4.3%",7.414799536538667,"                                 Price    Rent Yield
Neighbor          Apartments                        
City Center       1-Bedroom   $110,630    $770  8.4%
                  3-Bedroom   $243,386  $1,313  6.5%
Outside of Center 1-Bedroom    $88,504    $732  9.9%
                  3-Bedroom   $194,709  $1,010  6.2%","Sharjah, United Arab Emirates",25.3461498,55.4210633
United Kingdom,Aberdeen,,,4.864463873049125,"                                 Price    Rent Yield
Neighbor          Apartments                        
City Center       1-Bedroom   $160,916    $688  5.1%
                  3-Bedroom   $354,014  $1,357  4.6%
Outside of Center 1-Bedroom   $130,688    $582  5.3%
                  3-Bedroom   $287,514  $1,043  4.4%","Aberdeen, United Kingdom",57.1482429,-2.0928095
United Kingdom,Belfast,,,6.053277893750779,"                                 Price    Rent Yield
Neighbor          Apartments                        
City Center       1-Bedroom   $181,186  $1,064  7.0%
                  3-Bedroom   $398,608  $1,680  5.1%
Outside of Center 1-Bedroom   $120,316    $768  7.7%
                  3-Bedroom   $264,695  $1,065  4.8%","Belfast, United Kingdom",54.596391,-5.9301829
United Kingdom,Birmingham,5.571428571428571,"                                          Price    Rent Yield
Neighbor                   Apartments                        
Birmingham (all locations) 0-Studio    $160,319    $744  5.6%
                           1-Bedroom   $183,792    $962  6.3%
                           2-Bedroom   $274,832  $1,374  6.0%
                           3-Bedroom   $497,388  $1,918  4.6%
                           4+Bedroom   $572,567  $2,382  5.0%
City Center                0-Studio    $159,746    $973  7.3%
                           1-Bedroom   $206,124  $1,025  6.0%
                           2-Bedroom   $318,660  $1,489  5.6%
                           3-Bedroom   $526,762  $2,577  5.9%
                           4+Bedroom   $681,355  $3,149  5.5%",,,"Birmingham, United Kingdom",52.4796992,-1.9026911
United Kingdom,Bristol,5.800000000000001,"                                       Price    Rent Yield
Neighbor                Apartments                        
Bristol (all locations) 0-Studio    $217,576  $1,317  7.3%
                        1-Bedroom   $217,576  $1,317  7.3%
                        2-Bedroom   $343,540  $1,660  5.8%
                        3-Bedroom   $655,589  $2,519  4.6%
                        4+Bedroom   $629,824  $2,691  5.1%",,,"Bristol, United Kingdom",51.4538022,-2.5972985
United Kingdom,Coventry,,,4.867672238579724,"                                 Price    Rent Yield
Neighbor          Apartments                        
City Center       1-Bedroom   $180,226  $1,026  6.8%
                  3-Bedroom   $396,496  $1,286  3.9%
Outside of Center 1-Bedroom   $161,804    $752  5.6%
                  3-Bedroom   $355,970  $1,233  4.2%","Coventry, United Kingdom",52.4081812,-1.510477
United Kingdom,Edinburgh,4.788979591836735,"                               Price    Rent Yield
Neighbor        Apartments                        
City Center     1-Bedroom   $286,284  $1,117  4.7%
                2-Bedroom   $420,837  $1,718  4.9%
                3-Bedroom   $578,293  $2,231  4.6%
                4+Bedroom   $910,382  $5,153  6.8%
Edinburgh North 1-Bedroom   $257,655  $1,082  5.0%
                2-Bedroom   $337,815  $1,546  5.5%
                3-Bedroom   $492,408  $2,061  5.0%
                4+Bedroom   $744,337  $3,593  5.8%",5.028181935620251,"                                 Price    Rent Yield
Neighbor          Apartments                        
City Center       1-Bedroom   $290,288  $1,286  5.3%
                  3-Bedroom   $638,632  $2,522  4.7%
Outside of Center 1-Bedroom   $204,978    $952  5.6%
                  3-Bedroom   $450,952  $1,572  4.2%","Edinburgh, United Kingdom",55.9533456,-3.1883749
United Kingdom,Glasgow,7.978991596638655,"                                       Price    Rent Yield
Neighbor                Apartments                        
Glasgow (all locations) 1-Bedroom   $136,271    $910  8.0%
                        2-Bedroom   $194,673  $1,288  7.9%
                        3-Bedroom   $229,027  $1,145  6.0%
                        4+Bedroom   $354,992  $2,662  9.0%",4.8136362363629015,"                                 Price    Rent Yield
Neighbor          Apartments                        
City Center       1-Bedroom   $274,636    $983  4.3%
                  3-Bedroom   $604,198  $1,777  3.5%
Outside of Center 1-Bedroom   $133,384    $790  7.1%
                  3-Bedroom   $293,446  $1,304  5.3%","Glasgow, United Kingdom",55.8606182,-4.2497933
United Kingdom,Leeds,6.128286337384519,"                                     Price    Rent Yield
Neighbor              Apartments                        
Leeds (all locations) 0-Studio    $114,513    $773  8.1%
                      1-Bedroom   $154,593    $844  6.6%
                      2-Bedroom   $208,985  $1,067  6.1%
                      3-Bedroom   $435,094  $1,265  3.5%
                      4+Bedroom   $572,561  $2,290  4.8%",,,"Leeds, United Kingdom",53.7974185,-1.5437941
United Kingdom,Liverpool,6.281249999999999,"                                         Price    Rent Yield
Neighbor                  Apartments                        
City Center               0-Studio    $103,062    $784  9.1%
                          1-Bedroom   $155,681    $942  7.3%
                          2-Bedroom   $224,541  $1,260  6.7%
                          3-Bedroom   $336,097  $2,061  7.4%
Liverpool (all locations) 0-Studio     $91,611    $759  9.9%
                          1-Bedroom   $146,577    $802  6.6%
                          2-Bedroom   $211,850  $1,059  6.0%
                          3-Bedroom   $325,218  $1,618  6.0%",5.046473708938779,"                                 Price    Rent Yield
Neighbor          Apartments                        
City Center       1-Bedroom   $233,760    $986  5.1%
                  3-Bedroom   $514,273  $1,778  4.1%
Outside of Center 1-Bedroom   $117,538    $694  7.1%
                  3-Bedroom   $258,584  $1,085  5.0%","Liverpool, United Kingdom",53.4071991,-2.99168
United Kingdom,London,5.273327332733273,"                               Price    Rent Yield
Neighbor      Apartments                          
Barnet        0-Studio      $314,912  $1,261  4.8%
              1-Bedroom     $383,620  $1,689  5.3%
              2-Bedroom     $543,939  $2,233  4.9%
              3-Bedroom     $916,107  $3,435  4.5%
              4+Bedroom   $1,030,621  $4,323  5.0%
Camden        0-Studio      $392,209  $2,233  6.8%
              1-Bedroom     $601,196  $2,667  5.3%
              2-Bedroom     $916,107  $4,269  5.6%
              3-Bedroom   $1,339,807  $5,955  5.3%
Ealing        0-Studio      $292,009  $1,546  6.4%
              1-Bedroom     $400,797  $1,889  5.7%
              2-Bedroom     $572,510  $2,516  5.3%
              3-Bedroom     $715,709  $3,092  5.2%
              4+Bedroom   $1,145,134  $3,836  4.0%
Lambeth       1-Bedroom     $492,408  $1,947  4.7%
              2-Bedroom     $658,452  $2,863  5.2%
              3-Bedroom     $790,143  $3,664  5.6%
Southwark     0-Studio      $435,151  $1,958  5.4%
              1-Bedroom     $486,682  $2,293  5.7%
              2-Bedroom     $658,452  $3,206  5.8%
              3-Bedroom     $744,337  $3,722  6.0%
              4+Bedroom     $916,107  $4,441  5.8%
Tower Hamlets 0-Studio      $417,974  $2,274  6.5%
              1-Bedroom     $486,682  $2,605  6.4%
              2-Bedroom     $672,766  $3,970  7.1%
              3-Bedroom     $830,222  $4,674  6.8%
Wandsworth    0-Studio      $400,768  $1,812  5.4%
              1-Bedroom     $515,310  $2,061  4.8%
              2-Bedroom     $729,451  $3,264  5.4%
              3-Bedroom     $913,216  $5,553  7.3%
Westminster   0-Studio      $509,585  $2,863  6.7%
              1-Bedroom     $795,868  $3,622  5.5%
              2-Bedroom   $1,431,418  $6,129  5.1%
              3-Bedroom   $2,576,552  $7,915  3.7%
              4+Bedroom   $4,574,812  $9,676  2.5%",3.7166523184566578,"                                   Price    Rent Yield
Neighbor          Apartments                          
City Center       1-Bedroom     $817,538  $2,590  3.8%
                  3-Bedroom   $1,798,582  $4,790  3.2%
Outside of Center 1-Bedroom     $460,842  $1,808  4.7%
                  3-Bedroom   $1,013,854  $3,069  3.6%","London, United Kingdom",51.5073359,-0.12765
United Kingdom,Manchester,5.785714285714286,"                             Price    Rent Yield
Neighbor    Apartments                          
City Center 0-Studio      $183,221    $973  6.4%
            1-Bedroom     $231,460  $1,146  5.9%
            2-Bedroom     $349,266  $1,718  5.9%
            3-Bedroom     $469,505  $2,684  6.9%
Salford     0-Studio      $148,862    $963  7.8%
            1-Bedroom     $216,425  $1,102  6.1%
            2-Bedroom     $315,485  $1,603  6.1%
            3-Bedroom     $406,523  $2,670  7.9%
            4+Bedroom   $2,862,836  $9,304  3.9%
Trafford    0-Studio      $143,142    $953  8.0%
            1-Bedroom     $196,677    $953  5.8%
            2-Bedroom     $320,638  $1,546  5.8%
            3-Bedroom     $566,841  $2,657  5.6%
            4+Bedroom   $1,597,462  $6,871  5.2%",5.332877287826243,"                                 Price    Rent Yield
Neighbor          Apartments                        
City Center       1-Bedroom   $246,254  $1,168  5.7%
                  3-Bedroom   $541,759  $2,247  5.0%
Outside of Center 1-Bedroom   $163,267    $863  6.3%
                  3-Bedroom   $359,187  $1,343  4.5%","Manchester, United Kingdom",53.4794892,-2.2451148
United States,Albuquerque,,,6.875617119585217,"                                 Price    Rent Yield
Neighbor          Apartments                        
City Center       1-Bedroom   $266,542  $1,512  6.8%
                  3-Bedroom   $586,391  $2,819  5.8%
Outside of Center 1-Bedroom   $163,208  $1,194  8.8%
                  3-Bedroom   $359,058  $2,078  6.9%","Albuquerque, United States",35.0841034,-106.650985
United States,Atlanta,7.036065609689297,"                                       Price    Rent Yield
Neighbor                Apartments                        
Atlanta (all locations) 0-Studio    $204,900  $1,656  9.7%
                        1-Bedroom   $289,950  $1,844  7.6%
                        2-Bedroom   $425,000  $2,281  6.4%
                        3-Bedroom   $749,900  $2,750  4.4%",11.806186445395959,"                                 Price    Rent  Yield
Neighbor          Apartments                         
City Center       1-Bedroom   $185,408  $1,938  12.5%
                  3-Bedroom   $407,899  $3,606  10.6%
Outside of Center 1-Bedroom   $109,882  $1,512  16.5%
                  3-Bedroom   $241,739  $2,230  11.1%","Atlanta, United States",33.7489924,-84.3902644
United States,Austin,5.034339272839633,"                                      Price    Rent Yield
Neighbor               Apartments                        
Austin (all locations) 0-Studio    $399,000  $1,566  4.7%
                       1-Bedroom   $365,000  $1,630  5.4%
                       2-Bedroom   $449,500  $2,014  5.4%
                       3-Bedroom   $649,000  $2,447  4.5%",6.7806983125599185,"                                   Price    Rent Yield
Neighbor          Apartments                          
City Center       1-Bedroom     $481,566  $2,386  5.9%
                  3-Bedroom   $1,059,444  $5,195  5.9%
Outside of Center 1-Bedroom     $202,494  $1,647  9.8%
                  3-Bedroom     $445,488  $2,827  7.6%","Austin, United States",30.2711286,-97.7436995
United States,Boise,,,6.424548376115147,"                                 Price    Rent Yield
Neighbor          Apartments                        
City Center       1-Bedroom   $276,613  $1,626  7.1%
                  3-Bedroom   $608,549  $2,460  4.9%
Outside of Center 1-Bedroom   $202,765  $1,403  8.3%
                  3-Bedroom   $446,083  $2,154  5.8%","Boise, United States",43.6166163,-116.200886
United States,Boston,5.141904656072898,"                                        Price    Rent Yield
Neighbor               Apartments                          
Boston (all locations) 0-Studio      $484,750  $2,909  7.2%
                       1-Bedroom     $572,500  $3,260  6.8%
                       2-Bedroom     $899,900  $3,856  5.1%
                       3-Bedroom   $1,537,000  $3,310  2.6%
                       4+Bedroom   $3,250,000  $4,000  1.5%",6.102146991860794,"                                   Price    Rent Yield
Neighbor          Apartments                          
City Center       1-Bedroom     $546,538  $2,741  6.0%
                  3-Bedroom   $1,202,382  $5,153  5.1%
Outside of Center 1-Bedroom     $301,030  $1,999  8.0%
                  3-Bedroom     $662,267  $3,415  6.2%","Boston, United States",42.3554334,-71.060511
United States,Charlotte,,,9.28542370758721,"                                 Price    Rent  Yield
Neighbor          Apartments                         
City Center       1-Bedroom   $279,862  $1,909   8.2%
                  3-Bedroom   $615,695  $4,834   9.4%
Outside of Center 1-Bedroom   $161,100  $1,619  12.1%
                  3-Bedroom   $354,420  $2,702   9.1%","Charlotte, United States",35.2272086,-80.8430827
United States,Chicago,10.506566604127581,"                               Price    Rent  Yield
Neighbor      Apartments                           
Lake View     1-Bedroom     $119,900  $1,150  11.5%
              2-Bedroom     $159,900  $1,400  10.5%
              3-Bedroom     $249,900  $1,825   8.8%
Streeterville 0-Studio      $209,000  $2,054  11.8%
              1-Bedroom     $318,500  $2,690  10.1%
              2-Bedroom     $569,950  $3,850   8.1%
              3-Bedroom   $1,575,000  $6,171   4.7%",10.400718750934834,"                                 Price    Rent  Yield
Neighbor          Apartments                         
City Center       1-Bedroom   $230,415  $2,025  10.5%
                  3-Bedroom   $506,913  $4,172   9.9%
Outside of Center 1-Bedroom   $136,366  $1,441  12.7%
                  3-Bedroom   $300,004  $2,564  10.3%","Chicago, United States",41.8755616,-87.6244212
United States,Colorado Springs,,,11.662892983072249,"                                 Price    Rent  Yield
Neighbor          Apartments                         
City Center       1-Bedroom   $123,570  $1,438  14.0%
                  3-Bedroom   $271,853  $2,383  10.5%
Outside of Center 1-Bedroom   $103,603  $1,106  12.8%
                  3-Bedroom   $227,926  $1,986  10.5%","Colorado Springs, United States",38.8339578,-104.825348
United States,Columbus,,,4.963759049036964,"                                 Price    Rent Yield
Neighbor          Apartments                        
City Center       1-Bedroom   $431,566  $1,449  4.0%
                  3-Bedroom   $949,444  $3,037  3.8%
Outside of Center 1-Bedroom   $169,195  $1,109  7.9%
                  3-Bedroom   $372,229  $1,830  5.9%","Columbus, United States",39.9622601,-83.0007065
United States,Dallas,,,10.440026417346864,"                                 Price    Rent  Yield
Neighbor          Apartments                         
City Center       1-Bedroom   $223,759  $1,847   9.9%
                  3-Bedroom   $492,270  $3,930   9.6%
Outside of Center 1-Bedroom   $125,768  $1,457  13.9%
                  3-Bedroom   $276,690  $2,530  11.0%","Dallas, United States",32.7762719,-96.7968559
United States,Denver,,,9.475010889120606,"                                 Price    Rent  Yield
Neighbor          Apartments                         
City Center       1-Bedroom   $235,954  $1,954   9.9%
                  3-Bedroom   $519,099  $3,716   8.6%
Outside of Center 1-Bedroom   $161,392  $1,612  12.0%
                  3-Bedroom   $355,061  $2,666   9.0%","Denver, United States",39.7392364,-104.984862
United States,Fort Lauderdale,,,10.789741587201576,"                                 Price    Rent  Yield
Neighbor          Apartments                         
City Center       1-Bedroom   $265,510  $2,427  11.0%
                  3-Bedroom   $584,122  $3,764   7.7%
Outside of Center 1-Bedroom   $148,901  $1,729  13.9%
                  3-Bedroom   $327,582  $2,896  10.6%","Fort Lauderdale, United States",26.1223084,-80.1433786
United States,Honolulu,,,6.193979757817318,"                                 Price    Rent Yield
Neighbor          Apartments                        
City Center       1-Bedroom   $399,880  $2,175  6.5%
                  3-Bedroom   $879,735  $3,882  5.3%
Outside of Center 1-Bedroom   $295,110  $1,742  7.1%
                  3-Bedroom   $649,243  $3,171  5.9%","Honolulu, United States",21.304547,-157.855676
United States,Houston,8.07,"                                         Price    Rent  Yield
Neighbor                Apartments                           
Houston (all locations) 0-Studio      $200,000  $1,345   8.1%
                        1-Bedroom     $160,000  $1,350  10.1%
                        2-Bedroom     $225,000  $1,675   8.9%
                        3-Bedroom     $615,000  $2,000   3.9%
                        4+Bedroom   $1,737,500  $1,830   1.3%",12.79831351160929,"                                 Price    Rent  Yield
Neighbor          Apartments                         
City Center       1-Bedroom   $148,811  $1,574  12.7%
                  3-Bedroom   $327,384  $3,044  11.2%
Outside of Center 1-Bedroom    $82,643  $1,262  18.3%
                  3-Bedroom   $181,815  $1,955  12.9%","Houston, United States",29.7589382,-95.3676974
United States,Jacksonville,,,6.690130482619125,"                                 Price    Rent Yield
Neighbor          Apartments                        
City Center       1-Bedroom   $243,418  $1,513  7.5%
                  3-Bedroom   $535,520  $2,643  5.9%
Outside of Center 1-Bedroom   $195,442  $1,245  7.6%
                  3-Bedroom   $429,972  $1,972  5.5%","Jacksonville, United States",30.3321838,-81.655651
United States,Las Vegas,7.023561352431723,"                                         Price    Rent Yield
Neighbor                  Apartments                        
Las Vegas (all locations) 0-Studio    $320,444  $1,090  4.1%
                          1-Bedroom   $220,998  $1,300  7.1%
                          2-Bedroom   $255,000  $1,485  7.0%
                          3-Bedroom   $320,990  $1,900  7.1%",10.872990543070554,"                                 Price    Rent  Yield
Neighbor          Apartments                         
City Center       1-Bedroom   $134,549  $1,415  12.6%
                  3-Bedroom   $296,008  $2,587  10.5%
Outside of Center 1-Bedroom   $144,236  $1,353  11.3%
                  3-Bedroom   $317,320  $2,160   8.2%","Las Vegas, United States",36.1672559,-115.148516
United States,Los Angeles,4.9,"                                             Price    Rent Yield
Neighbor                    Apartments                          
Downtown                    0-Studio      $514,500  $2,245  5.2%
                            1-Bedroom     $629,000  $2,877  5.5%
                            2-Bedroom     $979,900  $3,876  4.7%
                            3-Bedroom   $2,398,000  $7,590  3.8%
Los Angeles (all locations) 0-Studio      $512,500  $1,575  3.7%
                            1-Bedroom     $600,000  $2,450  4.9%
                            2-Bedroom     $799,000  $2,393  3.6%
                            3-Bedroom     $899,000  $4,299  5.7%
                            4+Bedroom   $1,021,293  $4,300  5.1%",6.227043853323194,"                                   Price    Rent Yield
Neighbor          Apartments                          
City Center       1-Bedroom     $467,001  $2,614  6.7%
                  3-Bedroom   $1,027,402  $4,717  5.5%
Outside of Center 1-Bedroom     $331,564  $2,033  7.4%
                  3-Bedroom     $729,442  $3,487  5.7%","Los Angeles, United States",34.0536909,-118.242766
United States,Madison,,,5.3128590839361545,"                                 Price    Rent Yield
Neighbor          Apartments                        
City Center       1-Bedroom   $340,857  $1,578  5.6%
                  3-Bedroom   $749,885  $3,058  4.9%
Outside of Center 1-Bedroom   $219,988  $1,263  6.9%
                  3-Bedroom   $483,972  $2,044  5.1%","Madison, United States",43.074761,-89.3837613
United States,Miami,6.800840777719391,"                             Price     Rent  Yield
Neighbor    Apartments                            
Brickell    0-Studio      $413,900   $2,702   7.8%
            1-Bedroom     $550,000   $3,500   7.6%
            2-Bedroom     $865,000   $4,300   6.0%
            3-Bedroom   $1,549,500   $5,430   4.2%
Miami Beach 0-Studio      $332,998   $1,960   7.1%
            1-Bedroom     $390,000   $2,200   6.8%
            2-Bedroom     $799,999   $3,733   5.6%
            3-Bedroom   $3,595,000  $34,500  11.5%",10.500334762052086,"                                 Price    Rent  Yield
Neighbor          Apartments                         
City Center       1-Bedroom   $349,372  $2,669   9.2%
                  3-Bedroom   $768,617  $4,807   7.5%
Outside of Center 1-Bedroom   $148,676  $1,950  15.7%
                  3-Bedroom   $327,088  $3,225  11.8%","Miami, United States",25.7741728,-80.19362
United States,Nashville,,,10.754766399126177,"                                 Price    Rent  Yield
Neighbor          Apartments                         
City Center       1-Bedroom   $224,764  $2,074  11.1%
                  3-Bedroom   $494,481  $3,733   9.1%
Outside of Center 1-Bedroom   $130,363  $1,542  14.2%
                  3-Bedroom   $286,799  $2,495  10.4%","Nashville, United States",36.1622767,-86.7742984
United States,New York,6.25250501002004,"                               Price    Rent  Yield
Neighbor      Apartments                           
Bronx         1-Bedroom     $205,000  $1,750  10.2%
              2-Bedroom     $300,000  $2,375   9.5%
              3-Bedroom     $549,000  $2,800   6.1%
              4+Bedroom   $1,789,500  $3,598   2.4%
Brooklyn      0-Studio      $633,000  $2,600   4.9%
              1-Bedroom     $650,000  $2,298   4.2%
              2-Bedroom   $1,025,000  $2,750   3.2%
              3-Bedroom   $1,872,500  $3,195   2.0%
              4+Bedroom   $4,250,000  $4,448   1.3%
Manhattan     0-Studio      $749,000  $3,455   5.5%
              1-Bedroom   $1,150,000  $4,395   4.6%
              2-Bedroom   $2,324,000  $5,700   2.9%
              3-Bedroom   $4,492,000  $5,785   1.5%
              4+Bedroom   $8,950,000  $7,495   1.0%
Queens        0-Studio      $575,000  $2,485   5.2%
              1-Bedroom     $649,000  $2,200   4.1%
              2-Bedroom     $739,000  $2,600   4.2%
              3-Bedroom     $840,000  $2,888   4.1%
              4+Bedroom     $915,000  $3,650   4.8%
Staten Island 0-Studio      $192,750  $1,350   8.4%
              1-Bedroom     $299,000  $1,600   6.4%
              2-Bedroom     $429,950  $2,200   6.1%
              3-Bedroom     $499,000  $2,600   6.3%
              4+Bedroom     $630,000  $2,900   5.5%",5.62047782619681,"                                   Price    Rent Yield
Neighbor          Apartments                          
City Center       1-Bedroom     $756,673  $3,731  5.9%
                  3-Bedroom   $1,664,681  $7,385  5.3%
Outside of Center 1-Bedroom     $486,032  $2,496  6.2%
                  3-Bedroom   $1,069,270  $4,170  4.7%","New York, United States",40.7127281,-74.0060152
United States,Orlando,12.111627906976743,"                                       Price    Rent  Yield
Neighbor                Apartments                         
Orlando (all locations) 1-Bedroom   $159,900  $1,777  13.3%
                        2-Bedroom   $215,000  $2,170  12.1%
                        3-Bedroom   $319,900  $2,554   9.6%",8.976533955684921,"                                 Price    Rent  Yield
Neighbor          Apartments                         
City Center       1-Bedroom   $254,522  $1,893   8.9%
                  3-Bedroom   $559,947  $3,221   6.9%
Outside of Center 1-Bedroom   $143,160  $1,613  13.5%
                  3-Bedroom   $314,952  $2,369   9.0%","Orlando, United States",28.5421109,-81.3790304
United States,Philadelphia,6.15580403823633,"                                              Price    Rent  Yield
Neighbor                     Apartments                           
Old City                     1-Bedroom     $315,000  $2,110   8.0%
                             2-Bedroom     $665,000  $2,860   5.2%
                             3-Bedroom   $1,062,450  $4,100   4.6%
Philadelphia (all locations) 0-Studio      $165,000  $1,587  11.5%
                             1-Bedroom     $299,000  $1,775   7.1%
                             2-Bedroom     $439,950  $1,902   5.2%
                             3-Bedroom     $749,759  $1,800   2.9%",,,"Philadelphia, United States",39.9527237,-75.1635262
United States,Phoenix,,,11.729045600351725,"                                 Price    Rent  Yield
Neighbor          Apartments                         
City Center       1-Bedroom   $159,229  $1,712  12.9%
                  3-Bedroom   $350,304  $2,939  10.1%
Outside of Center 1-Bedroom   $124,234  $1,484  14.3%
                  3-Bedroom   $273,314  $2,405  10.6%","Phoenix, United States",33.4484367,-112.074141
United States,Portland,5.470682517482517,"                                        Price    Rent Yield
Neighbor                 Apartments                        
Portland (all locations) 0-Studio    $192,450  $1,310  8.2%
                         1-Bedroom   $359,900  $1,500  5.0%
                         2-Bedroom   $429,000  $1,800  5.0%
                         3-Bedroom   $500,000  $2,461  5.9%",6.887852545403598,"                                 Price    Rent Yield
Neighbor          Apartments                        
City Center       1-Bedroom   $301,165  $1,761  7.0%
                  3-Bedroom   $662,563  $3,384  6.1%
Outside of Center 1-Bedroom   $214,243  $1,441  8.1%
                  3-Bedroom   $471,335  $2,654  6.8%","Portland, United States",45.5202471,-122.674194
United States,Raleigh,,,6.399842723571451,"                                 Price    Rent Yield
Neighbor          Apartments                        
City Center       1-Bedroom   $400,204  $1,870  5.6%
                  3-Bedroom   $880,448  $3,828  5.2%
Outside of Center 1-Bedroom   $222,046  $1,507  8.1%
                  3-Bedroom   $488,501  $2,928  7.2%","Raleigh, United States",35.7803977,-78.6390989
United States,Reno,,,9.293294589518375,"                                 Price    Rent  Yield
Neighbor          Apartments                         
City Center       1-Bedroom   $180,564  $1,604  10.7%
                  3-Bedroom   $397,242  $2,625   7.9%
Outside of Center 1-Bedroom   $150,802  $1,372  10.9%
                  3-Bedroom   $331,766  $2,183   7.9%","Reno, United States",39.5261206,-119.8126581
United States,Salt Lake City,,,10.032533394959698,"                                 Price    Rent  Yield
Neighbor          Apartments                         
City Center       1-Bedroom   $181,160  $1,632  10.8%
                  3-Bedroom   $398,551  $2,744   8.3%
Outside of Center 1-Bedroom   $126,072  $1,308  12.4%
                  3-Bedroom   $277,360  $2,139   9.3%","Salt Lake City, United States",40.7596198,-111.886797
United States,San Antonio,,,6.34495705272709,"                                 Price    Rent Yield
Neighbor          Apartments                        
City Center       1-Bedroom   $254,042  $1,499  7.1%
                  3-Bedroom   $558,892  $2,830  6.1%
Outside of Center 1-Bedroom   $217,379  $1,198  6.6%
                  3-Bedroom   $478,234  $1,988  5.0%","San Antonio, United States",29.4246002,-98.4951405
United States,San Diego,6.418324845774852,"                                         Price    Rent Yield
Neighbor                  Apartments                        
San Diego (all locations) 0-Studio    $407,000  $2,366  7.0%
                          1-Bedroom   $485,000  $2,495  6.2%
                          2-Bedroom   $674,000  $3,111  5.5%
                          3-Bedroom   $747,000  $4,148  6.7%",5.535303037213558,"                                   Price    Rent Yield
Neighbor          Apartments                          
City Center       1-Bedroom     $523,834  $2,717  6.2%
                  3-Bedroom   $1,152,436  $5,180  5.4%
Outside of Center 1-Bedroom     $466,073  $2,205  5.7%
                  3-Bedroom   $1,025,362  $3,874  4.5%","San Diego, United States",32.7174202,-117.1627728
United States,San Francisco,4.114415322580645,"                                               Price    Rent Yield
Neighbor                      Apartments                          
San Francisco (all locations) 0-Studio      $499,000  $2,295  5.5%
                              1-Bedroom     $775,000  $2,895  4.5%
                              2-Bedroom   $1,249,000  $3,795  3.6%
                              3-Bedroom   $1,600,000  $4,995  3.7%",5.7064022985714935,"                                   Price    Rent Yield
Neighbor          Apartments                          
City Center       1-Bedroom     $573,345  $3,336  7.0%
                  3-Bedroom   $1,261,359  $6,006  5.7%
Outside of Center 1-Bedroom     $543,908  $2,583  5.7%
                  3-Bedroom   $1,196,599  $4,475  4.5%","San Francisco, United States",37.7790262,-122.419906
United States,San Jose,,,4.306960836174871,"                                   Price    Rent Yield
Neighbor          Apartments                          
City Center       1-Bedroom     $686,498  $2,509  4.4%
                  3-Bedroom   $1,510,297  $4,459  3.5%
Outside of Center 1-Bedroom     $493,122  $2,289  5.6%
                  3-Bedroom   $1,084,867  $3,822  4.2%","San Jose, United States",37.3361663,-121.890591
United States,Seattle,4.72648551021794,"                                       Price    Rent Yield
Neighbor                Apartments                        
Seattle (all locations) 0-Studio    $349,950  $1,522  5.2%
                        1-Bedroom   $472,500  $1,790  4.5%
                        2-Bedroom   $660,000  $2,477  4.5%
                        3-Bedroom   $899,950  $3,680  4.9%",6.375949611949546,"                                 Price    Rent Yield
Neighbor          Apartments                        
City Center       1-Bedroom   $446,994  $2,521  6.8%
                  3-Bedroom   $983,387  $4,771  5.8%
Outside of Center 1-Bedroom   $309,014  $1,980  7.7%
                  3-Bedroom   $679,831  $3,390  6.0%","Seattle, United States",47.6038321,-122.330062
United States,Tampa,,,8.835501857976984,"                                 Price    Rent  Yield
Neighbor          Apartments                         
City Center       1-Bedroom   $301,006  $2,077   8.3%
                  3-Bedroom   $662,214  $4,082   7.4%
Outside of Center 1-Bedroom   $157,011  $1,716  13.1%
                  3-Bedroom   $345,424  $2,703   9.4%","Tampa, United States",27.9477595,-82.458444
United States,Washington,6.23450443535007,"                                  Price    Rent Yield
Neighbor         Apartments                          
Adams Morgan     0-Studio      $236,450  $1,802  9.1%
                 1-Bedroom     $359,900  $2,299  7.7%
                 2-Bedroom     $744,450  $2,980  4.8%
                 3-Bedroom   $1,249,500  $4,359  4.2%
Columbia Heights 0-Studio      $249,948  $1,917  9.2%
                 1-Bedroom     $389,700  $2,325  7.2%
                 2-Bedroom     $622,450  $2,777  5.4%
                 3-Bedroom     $807,450  $3,950  5.9%",8.108122152848352,"                                 Price    Rent  Yield
Neighbor          Apartments                         
City Center       1-Bedroom   $380,325  $2,365   7.5%
                  3-Bedroom   $836,715  $4,908   7.0%
Outside of Center 1-Bedroom   $209,896  $1,914  10.9%
                  3-Bedroom   $461,772  $3,369   8.8%","Washington, United States",38.8950368,-77.0365427
Uruguay,Colonia,3.5584415584415585,"                                       Price  Rent Yield
Neighbor                Apartments                      
Colonia (all locations) 0-Studio    $108,900  $315  3.5%
                        1-Bedroom   $138,600  $411  3.6%
                        2-Bedroom   $123,750  $557  5.4%",,,"Colonia, Uruguay",-34.4698592,-57.8433679
Uruguay,Maldonado,6.6727884909703095,"                                         Price    Rent Yield
Neighbor                  Apartments                        
Maldonado (all locations) 1-Bedroom    $98,010    $545  6.7%
                          2-Bedroom   $118,800    $593  6.0%
                          3-Bedroom   $163,350  $1,346  9.9%",,,"Maldonado, Uruguay",-34.9087162,-54.9582718
Uruguay,Montevideo,5.0995901992735435,"                              Price    Rent Yield
Neighbor       Apartments                        
Centro         0-Studio     $88,835    $363  4.9%
               1-Bedroom   $119,927    $484  4.8%
               2-Bedroom   $157,928    $592  4.5%
               3-Bedroom   $192,475    $702  4.4%
               4+Bedroom   $227,022  $1,053  5.6%
Cordón         0-Studio     $88,958    $387  5.2%
               1-Bedroom   $117,459    $506  5.2%
               2-Bedroom   $152,006    $617  4.9%
               3-Bedroom   $178,607    $920  6.2%
La Blanqueada  0-Studio     $89,692    $424  5.7%
               1-Bedroom   $116,373    $455  4.7%
               2-Bedroom   $148,452    $593  4.8%
               3-Bedroom   $158,520    $678  5.1%
Malvin         0-Studio    $118,446    $569  5.8%
               1-Bedroom   $154,163    $714  5.6%
               2-Bedroom   $217,151  $1,113  6.2%
               3-Bedroom   $320,791  $1,331  5.0%
Pocitos        0-Studio    $113,511    $448  4.7%
               1-Bedroom   $157,928    $629  4.8%
               2-Bedroom   $231,957    $702  3.6%
               3-Bedroom   $340,532  $2,228  7.9%
               4+Bedroom   $424,432  $2,475  7.0%
Pocitos Nuevo  0-Studio    $111,537    $460  4.9%
               1-Bedroom   $154,967    $678  5.3%
               2-Bedroom   $227,022    $762  4.0%
               3-Bedroom   $370,144  $2,970  9.6%
Punta Carretas 0-Studio    $123,626    $484  4.7%
               1-Bedroom   $183,591    $726  4.7%
               2-Bedroom   $296,255  $1,307  5.3%
               3-Bedroom   $513,266  $2,698  6.3%
               4+Bedroom   $681,065  $3,465  6.1%
Tres Cruces    0-Studio     $91,796    $365  4.8%
               1-Bedroom   $120,321    $508  5.1%
               2-Bedroom   $152,993    $629  4.9%
               3-Bedroom   $191,586    $847  5.3%",5.759138826324186,"                                 Price  Rent Yield
Neighbor          Apartments                      
City Center       1-Bedroom   $118,618  $587  5.9%
                  3-Bedroom   $260,961  $985  4.5%
Outside of Center 1-Bedroom    $94,382  $490  6.2%
                  3-Bedroom   $207,640  $965  5.6%","Montevideo, Uruguay",-34.9058916,-56.1913095
Uzbekistan,Tashkent,,,10.803054448519791,"                                 Price    Rent  Yield
Neighbor          Apartments                         
City Center       1-Bedroom    $62,182    $598  11.5%
                  3-Bedroom   $136,800  $1,033   9.1%
Outside of Center 1-Bedroom    $32,690    $349  12.8%
                  3-Bedroom    $71,917    $603  10.1%","Tashkent, Uzbekistan",41.3123363,69.2787079
Venezuela,Caracas,,,8.803437409582028,"                                 Price  Rent  Yield
Neighbor          Apartments                       
City Center       1-Bedroom    $36,642  $322  10.6%
                  3-Bedroom    $80,611  $812  12.1%
Outside of Center 1-Bedroom    $61,428  $361   7.1%
                  3-Bedroom   $135,143  $600   5.3%","Caracas, Venezuela",10.5060934,-66.9146008
Vietnam,Da Nang,3.5285469247733396,"                                       Price  Rent Yield
Neighbor                Apartments                      
Da Nang (all locations) 0-Studio     $64,557  $340  6.3%
                        1-Bedroom   $177,957  $425  2.9%
                        2-Bedroom   $187,726  $552  3.5%",,,"Da Nang, Vietnam",16.068,108.212
Vietnam,Hanoi,3.498022359907634,"                              Price    Rent  Yield
Neighbor     Apartments                           
Ba Đình      0-Studio      $194,709    $488   3.0%
             1-Bedroom     $262,434    $765   3.5%
             2-Bedroom     $486,773  $1,062   2.6%
             3-Bedroom     $698,414  $2,928   5.0%
             4+Bedroom   $1,058,203  $5,096   5.8%
Bắc Từ Liêm  0-Studio      $110,053    $340   3.7%
             1-Bedroom     $122,751    $488   4.8%
             2-Bedroom     $196,826    $658   4.0%
             3-Bedroom     $334,392  $1,062   3.8%
             4+Bedroom     $419,048  $1,911   5.5%
Cầu Giấy     0-Studio       $76,191    $340   5.4%
             1-Bedroom     $139,683    $595   5.1%
             2-Bedroom     $207,408    $765   4.4%
             3-Bedroom     $371,641  $1,062   3.4%
Gia Lâm      0-Studio       $55,027    $251   5.5%
             1-Bedroom      $79,577    $297   4.5%
             2-Bedroom     $110,053    $425   4.6%
Hai Bà Trưng 0-Studio       $93,122    $467   6.0%
             1-Bedroom     $169,312    $637   4.5%
             2-Bedroom     $245,503    $722   3.5%
             3-Bedroom     $372,487  $1,126   3.6%
             4+Bedroom     $518,519  $1,487   3.4%
Hoàng Ma     0-Studio       $48,677    $265   6.5%
             1-Bedroom     $100,741    $382   4.6%
             2-Bedroom     $149,757    $467   3.7%
Hà Đông      0-Studio       $67,725    $425   7.5%
             1-Bedroom      $99,471    $467   5.6%
             2-Bedroom     $139,683    $499   4.3%
             3-Bedroom     $188,360    $552   3.5%
             4+Bedroom     $329,948  $1,104   4.0%
Long Biên    0-Studio      $105,820    $350   4.0%
             1-Bedroom     $107,556    $425   4.7%
             2-Bedroom     $166,984    $552   4.0%
             3-Bedroom     $296,297    $849   3.4%
Nam Từ Liêm  0-Studio       $63,492    $340   6.4%
             1-Bedroom     $122,751    $531   5.2%
             2-Bedroom     $173,545    $722   5.0%
             3-Bedroom     $292,064  $1,423   5.8%
             4+Bedroom     $761,906  $3,185   5.0%
Thanh Xuân   0-Studio       $36,402    $348  11.5%
             1-Bedroom     $137,566    $595   5.2%
             2-Bedroom     $210,159    $765   4.4%
             3-Bedroom     $380,953    $765   2.4%
Tây Hồ       0-Studio      $114,286    $462   4.9%
             1-Bedroom     $150,265    $637   5.1%
             2-Bedroom     $256,085  $1,062   5.0%
             3-Bedroom     $495,239  $1,274   3.1%
             4+Bedroom     $825,398  $1,911   2.8%
Đống Đa      0-Studio       $45,503    $319   8.4%
             1-Bedroom     $152,381    $680   5.4%
             2-Bedroom     $270,900    $765   3.4%
             3-Bedroom     $431,747    $956   2.7%",3.8505081892996604,"                                 Price  Rent Yield
Neighbor          Apartments                      
City Center       1-Bedroom   $126,230  $393  3.7%
                  3-Bedroom   $277,707  $977  4.2%
Outside of Center 1-Bedroom    $71,071  $219  3.7%
                  3-Bedroom   $156,356  $517  4.0%","Hanoi, Vietnam",21.0294498,105.8544441
Vietnam,Ho Chi Minh City,2.7991173362390422,"                             Price    Rent Yield
Neighbor    Apartments                          
Binh Chanh  0-Studio       $75,600    $255  4.0%
            1-Bedroom      $95,562    $277  3.5%
            2-Bedroom     $135,910    $319  2.8%
Bình Thạnh  0-Studio      $135,910    $638  5.6%
            1-Bedroom     $182,629    $723  4.8%
            2-Bedroom     $348,270  $1,106  3.8%
            3-Bedroom     $749,629  $1,953  3.1%
            4+Bedroom     $934,382  $4,468  5.7%
Distrcit 10 0-Studio      $152,899    $595  4.7%
            1-Bedroom     $246,337    $766  3.7%
            2-Bedroom     $361,011    $936  3.1%
            3-Bedroom     $590,359  $1,362  2.8%
Distrcit 12 0-Studio       $65,831    $255  4.6%
            1-Bedroom      $91,739    $298  3.9%
            2-Bedroom     $124,230    $319  3.1%
District 12 0-Studio       $65,831    $255  4.6%
            1-Bedroom      $92,164    $298  3.9%
            2-Bedroom     $124,230    $319  3.1%
District 2  0-Studio      $131,663    $553  5.0%
            1-Bedroom     $216,607    $723  4.0%
            2-Bedroom     $365,258  $1,489  4.9%
            3-Bedroom   $1,061,798  $2,979  3.4%
            4+Bedroom   $1,569,337  $3,128  2.4%
District 4  0-Studio      $131,663    $553  5.0%
            1-Bedroom     $199,618    $766  4.6%
            2-Bedroom     $293,056  $1,064  4.4%
District 6  0-Studio      $101,933    $362  4.3%
            1-Bedroom     $135,910    $426  3.8%
            2-Bedroom     $163,517    $533  3.9%
            3-Bedroom     $348,270    $574  2.0%
District 7  0-Studio       $82,820    $298  4.3%
            1-Bedroom     $135,910    $532  4.7%
            2-Bedroom     $242,090    $851  4.2%
            3-Bedroom     $305,798  $1,277  5.0%
            4+Bedroom   $1,061,798  $3,064  3.5%
District 8  0-Studio       $76,449    $298  4.7%
            1-Bedroom      $98,535    $383  4.7%
            2-Bedroom     $126,991    $457  4.3%
District 9  0-Studio       $84,944    $234  3.3%
            1-Bedroom      $99,809    $298  3.6%
            2-Bedroom     $145,466    $383  3.2%
Gò Vấp      0-Studio      $125,929    $234  2.2%
            1-Bedroom      $99,809    $362  4.4%
            2-Bedroom     $182,629    $426  2.8%
Nhà Bè      0-Studio       $73,052    $319  5.2%
            1-Bedroom     $104,056    $426  4.9%
            2-Bedroom     $139,095    $574  5.0%
            3-Bedroom     $193,247    $766  4.8%
            4+Bedroom     $244,213    $777  3.8%
Phú Nhuận   0-Studio      $101,933    $426  5.0%
            1-Bedroom     $199,618    $681  4.1%
            2-Bedroom     $237,843    $851  4.3%
Thủ Đức     0-Studio       $82,820    $255  3.7%
            1-Bedroom     $118,921    $340  3.4%
            2-Bedroom     $184,753    $404  2.6%
Tân Bình    0-Studio       $91,315    $383  5.0%
            1-Bedroom     $146,528    $553  4.5%
            2-Bedroom     $201,742    $596  3.5%
            3-Bedroom     $263,326    $681  3.1%
Tân Phú     0-Studio       $95,562    $298  3.7%
            1-Bedroom     $116,798    $426  4.4%
            2-Bedroom     $157,146    $511  3.9%",3.298918249957994,"                                 Price    Rent Yield
Neighbor          Apartments                        
City Center       1-Bedroom   $225,404    $519  2.8%
                  3-Bedroom   $495,889  $1,232  3.0%
Outside of Center 1-Bedroom   $101,746    $333  3.9%
                  3-Bedroom   $223,841    $674  3.6%","Ho Chi Minh City, Vietnam",10.7764772,106.701938
