Location,Country,City,Area,Bedrooms,AssumedSizeSqm,MonthlyRentUSD,PricePerSqmUSD,EstimatedPurchasePriceUSD,GrossRentalYieldPct,YieldIsPlausible
"Lagos, Nigeria",Nigeria,Lagos,City Centre,1,50,717.88,3222.72,161136.0,5.3461,True
"Lagos, Nigeria",Nigeria,Lagos,Outside of Centre,1,50,420.82,1619.99,80999.5,6.2344,True
"Lagos, Nigeria",Nigeria,Lagos,City Centre,3,110,2821.03,3222.72,354499.2,9.5493,True
"Lagos, Nigeria",Nigeria,Lagos,Outside of Centre,3,110,1514.26,1619.99,178198.9,10.1971,True
"Colombo, Sri Lanka",Sri Lanka,Colombo,City Centre,1,50,608.4,3693.69,184684.5,3.9531,True
"Colombo, Sri Lanka",Sri Lanka,Colombo,Outside of Centre,1,50,271.65,1183.13,59156.5,5.5105,True
"Colombo, Sri Lanka",Sri Lanka,Colombo,City Centre,3,110,1498.81,3693.69,406305.9,4.4266,True
"Colombo, Sri Lanka",Sri Lanka,Colombo,Outside of Centre,3,110,431.69,1183.13,130144.3,3.9804,True
"Bangkok, Thailand",Thailand,Bangkok,City Centre,1,50,686.82,6121.14,306057.0,2.6929,True
"Bangkok, Thailand",Thailand,Bangkok,Outside of Centre,1,50,351.99,3183.91,159195.5,2.6533,True
"Bangkok, Thailand",Thailand,Bangkok,City Centre,3,110,2030.69,6121.14,673325.4,3.6191,True
"Bangkok, Thailand",Thailand,Bangkok,Outside of Centre,3,110,753.85,3183.91,350230.1,2.5829,True
"Hanoi, Vietnam",Vietnam,Hanoi,City Centre,1,50,404.88,4619.65,230982.5,2.1034,True
"Hanoi, Vietnam",Vietnam,Hanoi,Outside of Centre,1,50,282.4,2807.08,140354.0,2.4145,True
"Hanoi, Vietnam",Vietnam,Hanoi,City Centre,3,110,866.88,4619.65,508161.5,2.0471,True
"Hanoi, Vietnam",Vietnam,Hanoi,Outside of Centre,3,110,537.06,2807.08,308778.8,2.0872,True
"Hong Kong, Hong Kong (China)",Hong Kong,Hong Kong,City Centre,1,50,2247.93,29582.86,1479143.0,1.8237,True
"Hong Kong, Hong Kong (China)",Hong Kong,Hong Kong,Outside of Centre,1,50,1681.67,17869.71,893485.5,2.2586,True
"Hong Kong, Hong Kong (China)",Hong Kong,Hong Kong,City Centre,3,110,5142.15,29582.86,3254114.6,1.8962,True
"Hong Kong, Hong Kong (China)",Hong Kong,Hong Kong,Outside of Centre,3,110,3375.49,17869.71,1965668.1,2.0607,True
"Manila, Philippines",Philippines,Manila,City Centre,1,50,540.78,4397.87,219893.5,2.9511,True
"Manila, Philippines",Philippines,Manila,Outside of Centre,1,50,281.91,2515.35,125767.5,2.6898,True
"Manila, Philippines",Philippines,Manila,City Centre,3,110,1910.27,4397.87,483765.7,4.7385,True
"Manila, Philippines",Philippines,Manila,Outside of Centre,3,110,667.26,2515.35,276688.5,2.8939,True
"Kathmandu, Nepal",Nepal,Kathmandu,City Centre,1,50,221.51,2299.67,114983.5,2.3117,True
"Kathmandu, Nepal",Nepal,Kathmandu,Outside of Centre,1,50,102.1,1327.62,66381.0,1.8457,True
"Kathmandu, Nepal",Nepal,Kathmandu,City Centre,3,110,431.77,2299.67,252963.7,2.0482,True
"Kathmandu, Nepal",Nepal,Kathmandu,Outside of Centre,3,110,198.54,1327.62,146038.2,1.6314,True
"Phnom Penh, Cambodia",Cambodia,Phnom Penh,City Centre,1,50,630.0,2906.46,145323.0,5.2022,True
"Phnom Penh, Cambodia",Cambodia,Phnom Penh,Outside of Centre,1,50,360.69,1509.5,75475.0,5.7347,True
"Phnom Penh, Cambodia",Cambodia,Phnom Penh,City Centre,3,110,1144.48,2906.46,319710.6,4.2957,True
"Phnom Penh, Cambodia",Cambodia,Phnom Penh,Outside of Centre,3,110,806.58,1509.5,166045.0,5.8291,True
"Ho Chi Minh City, Vietnam",Vietnam,Ho Chi Minh City,City Centre,1,50,585.96,4767.71,238385.5,2.9496,True
"Ho Chi Minh City, Vietnam",Vietnam,Ho Chi Minh City,Outside of Centre,1,50,302.32,1878.66,93933.0,3.8622,True
"Ho Chi Minh City, Vietnam",Vietnam,Ho Chi Minh City,City Centre,3,110,1255.97,4767.71,524448.1,2.8738,True
"Ho Chi Minh City, Vietnam",Vietnam,Ho Chi Minh City,Outside of Centre,3,110,720.17,1878.66,206652.6,4.1819,True
"San Salvador, El Salvador",El Salvador,San Salvador,City Centre,1,50,898.99,2778.06,138903.0,7.7665,True
"San Salvador, El Salvador",El Salvador,San Salvador,Outside of Centre,1,50,770.0,1824.25,91212.5,10.1302,True
"San Salvador, El Salvador",El Salvador,San Salvador,City Centre,3,110,1810.0,2778.06,305586.6,7.1076,True
"San Salvador, El Salvador",El Salvador,San Salvador,Outside of Centre,3,110,1360.0,1824.25,200667.5,8.1329,True
"Algiers, Algeria",Algeria,Algiers,City Centre,1,50,166.99,2554.79,127739.5,1.5687,True
"Algiers, Algeria",Algeria,Algiers,Outside of Centre,1,50,132.23,1373.25,68662.5,2.311,True
"Algiers, Algeria",Algeria,Algiers,City Centre,3,110,448.16,2554.79,281026.9,1.9137,True
"Algiers, Algeria",Algeria,Algiers,Outside of Centre,3,110,244.77,1373.25,151057.5,1.9445,True
"Taipei, Taiwan",Taiwan,Taipei,City Centre,1,50,889.07,12423.46,621173.0,1.7175,True
"Taipei, Taiwan",Taiwan,Taipei,Outside of Centre,1,50,484.86,7690.76,384538.0,1.5131,True
"Taipei, Taiwan",Taiwan,Taipei,City Centre,3,110,1560.36,12423.46,1366580.6,1.3702,True
"Taipei, Taiwan",Taiwan,Taipei,Outside of Centre,3,110,960.34,7690.76,845983.6,1.3622,True
"Seoul, South Korea",South Korea,Seoul,City Centre,1,50,869.88,28472.67,1423633.5,0.7332,False
"Seoul, South Korea",South Korea,Seoul,Outside of Centre,1,50,608.36,11494.5,574725.0,1.2702,True
"Seoul, South Korea",South Korea,Seoul,City Centre,3,110,2431.52,28472.67,3131993.7,0.9316,False
"Seoul, South Korea",South Korea,Seoul,Outside of Centre,3,110,1260.22,11494.5,1264395.0,1.196,True
"Shenzhen, China",China,Shenzhen,City Centre,1,50,765.15,13402.44,670122.0,1.3702,True
"Shenzhen, China",China,Shenzhen,Outside of Centre,1,50,474.28,6372.64,318632.0,1.7862,True
"Shenzhen, China",China,Shenzhen,City Centre,3,110,1832.82,13402.44,1474268.4,1.4918,True
"Shenzhen, China",China,Shenzhen,Outside of Centre,3,110,853.57,6372.64,700990.4,1.4612,True
"Xiamen, China",China,Xiamen,City Centre,1,50,348.63,8519.89,425994.5,0.9821,False
"Xiamen, China",China,Xiamen,Outside of Centre,1,50,265.1,4735.34,236767.0,1.3436,True
"Xiamen, China",China,Xiamen,City Centre,3,110,825.27,8519.89,937187.9,1.0567,True
"Xiamen, China",China,Xiamen,Outside of Centre,3,110,546.99,4735.34,520887.4,1.2601,True
"Shanghai, China",China,Shanghai,City Centre,1,50,982.22,13625.43,681271.5,1.7301,True
"Shanghai, China",China,Shanghai,Outside of Centre,1,50,555.98,6082.43,304121.5,2.1938,True
"Shanghai, China",China,Shanghai,City Centre,3,110,2449.11,13625.43,1498797.3,1.9609,True
"Shanghai, China",China,Shanghai,Outside of Centre,3,110,1203.1,6082.43,669067.3,2.1578,True
"Beijing, China",China,Beijing,City Centre,1,50,950.26,12509.36,625468.0,1.8231,True
"Beijing, China",China,Beijing,Outside of Centre,1,50,526.6,6277.0,313850.0,2.0134,True
"Beijing, China",China,Beijing,City Centre,3,110,2334.19,12509.36,1376029.6,2.0356,True
"Beijing, China",China,Beijing,Outside of Centre,3,110,1125.65,6277.0,690470.0,1.9563,True
"Mumbai, India",India,Mumbai,City Centre,1,50,632.17,6048.71,302435.5,2.5083,True
"Mumbai, India",India,Mumbai,Outside of Centre,1,50,360.27,2445.61,122280.5,3.5355,True
"Mumbai, India",India,Mumbai,City Centre,3,110,1909.34,6048.71,665358.1,3.4436,True
"Mumbai, India",India,Mumbai,Outside of Centre,3,110,843.06,2445.61,269017.1,3.7606,True
"Baghdad, Iraq",Iraq,Baghdad,City Centre,1,50,575.06,4669.0,233450.0,2.956,True
"Baghdad, Iraq",Iraq,Baghdad,Outside of Centre,1,50,351.66,1584.03,79201.5,5.3281,True
"Baghdad, Iraq",Iraq,Baghdad,City Centre,3,110,946.19,4669.0,513590.0,2.2108,True
"Baghdad, Iraq",Iraq,Baghdad,Outside of Centre,3,110,680.9,1584.03,174243.3,4.6893,True
"Jakarta, Indonesia",Indonesia,Jakarta,City Centre,1,50,366.69,3011.6,150580.0,2.9222,True
"Jakarta, Indonesia",Indonesia,Jakarta,Outside of Centre,1,50,197.8,1452.22,72611.0,3.2689,True
"Jakarta, Indonesia",Indonesia,Jakarta,City Centre,3,110,1156.52,3011.6,331276.0,4.1893,True
"Jakarta, Indonesia",Indonesia,Jakarta,Outside of Centre,3,110,564.66,1452.22,159744.2,4.2417,True
"Dhaka, Bangladesh",Bangladesh,Dhaka,City Centre,1,50,153.14,1633.84,81692.0,2.2495,True
"Dhaka, Bangladesh",Bangladesh,Dhaka,Outside of Centre,1,50,73.89,756.68,37834.0,2.3436,True
"Dhaka, Bangladesh",Bangladesh,Dhaka,City Centre,3,110,435.51,1633.84,179722.4,2.9079,True
"Dhaka, Bangladesh",Bangladesh,Dhaka,Outside of Centre,3,110,217.25,756.68,83234.8,3.1321,True
"Guangzhou, China",China,Guangzhou,City Centre,1,50,538.58,8672.08,433604.0,1.4905,True
"Guangzhou, China",China,Guangzhou,Outside of Centre,1,50,279.02,3409.38,170469.0,1.9641,True
"Guangzhou, China",China,Guangzhou,City Centre,3,110,1307.5,8672.08,953928.8,1.6448,True
"Guangzhou, China",China,Guangzhou,Outside of Centre,3,110,472.86,3409.38,375031.8,1.513,True
"Rawalpindi, Pakistan",Pakistan,Rawalpindi,City Centre,1,50,200.32,1155.66,57783.0,4.1601,True
"Rawalpindi, Pakistan",Pakistan,Rawalpindi,Outside of Centre,1,50,82.85,515.62,25781.0,3.8563,True
"Rawalpindi, Pakistan",Pakistan,Rawalpindi,City Centre,3,110,434.25,1155.66,127122.6,4.0992,True
"Rawalpindi, Pakistan",Pakistan,Rawalpindi,Outside of Centre,3,110,225.56,515.62,56718.2,4.7722,True
"Singapore, Singapore",Singapore,Singapore,City Centre,1,50,2989.78,23153.32,1157666.0,3.0991,True
"Singapore, Singapore",Singapore,Singapore,Outside of Centre,1,50,2163.74,16785.1,839255.0,3.0938,True
"Singapore, Singapore",Singapore,Singapore,City Centre,3,110,5769.36,23153.32,2546865.2,2.7183,True
"Singapore, Singapore",Singapore,Singapore,Outside of Centre,3,110,3910.32,16785.1,1846361.0,2.5414,True
"Tehran, Iran",Iran,Tehran,City Centre,1,50,421.88,1274.44,63722.0,7.9448,True
"Tehran, Iran",Iran,Tehran,Outside of Centre,1,50,251.67,725.37,36268.5,8.3269,True
"Tehran, Iran",Iran,Tehran,City Centre,3,110,978.46,1274.44,140188.4,8.3755,True
"Tehran, Iran",Iran,Tehran,Outside of Centre,3,110,622.5,725.37,79790.7,9.362,True
"Medellin, Colombia",Colombia,Medellin,City Centre,1,50,1037.0,3984.13,199206.5,6.2468,True
"Medellin, Colombia",Colombia,Medellin,Outside of Centre,1,50,640.42,1647.9,82395.0,9.3271,True
"Medellin, Colombia",Colombia,Medellin,City Centre,3,110,1858.12,3984.13,438254.3,5.0878,True
"Medellin, Colombia",Colombia,Medellin,Outside of Centre,3,110,1009.26,1647.9,181269.0,6.6813,True
"Pattaya, Thailand",Thailand,Pattaya,City Centre,1,50,584.14,2552.15,127607.5,5.4932,True
"Pattaya, Thailand",Thailand,Pattaya,Outside of Centre,1,50,383.57,1467.86,73393.0,6.2715,True
"Pattaya, Thailand",Thailand,Pattaya,City Centre,3,110,1496.86,2552.15,280736.5,6.3983,True
"Pattaya, Thailand",Thailand,Pattaya,Outside of Centre,3,110,764.89,1467.86,161464.6,5.6846,True
"Moscow, Russia",Russia,Moscow,City Centre,1,50,1454.04,10149.17,507458.5,3.4384,True
"Moscow, Russia",Russia,Moscow,Outside of Centre,1,50,786.41,4646.07,232303.5,4.0623,True
"Moscow, Russia",Russia,Moscow,City Centre,3,110,2973.39,10149.17,1116408.7,3.196,True
"Moscow, Russia",Russia,Moscow,Outside of Centre,3,110,1484.6,4646.07,511067.7,3.4859,True
"Rio de Janeiro, Brazil",Brazil,Rio de Janeiro,City Centre,1,50,836.27,3886.86,194343.0,5.1637,True
"Rio de Janeiro, Brazil",Brazil,Rio de Janeiro,Outside of Centre,1,50,511.2,1488.17,74408.5,8.2442,True
"Rio de Janeiro, Brazil",Brazil,Rio de Janeiro,City Centre,3,110,1279.38,3886.86,427554.6,3.5908,True
"Rio de Janeiro, Brazil",Brazil,Rio de Janeiro,Outside of Centre,3,110,713.75,1488.17,163698.7,5.2322,True
"Karachi, Pakistan",Pakistan,Karachi,City Centre,1,50,109.35,1024.45,51222.5,2.5618,True
"Karachi, Pakistan",Pakistan,Karachi,Outside of Centre,1,50,71.79,474.22,23711.0,3.6333,True
"Karachi, Pakistan",Pakistan,Karachi,City Centre,3,110,322.4,1024.45,112689.5,3.4332,True
"Karachi, Pakistan",Pakistan,Karachi,Outside of Centre,3,110,182.69,474.22,52164.2,4.2027,True
"Beirut, Lebanon",Lebanon,Beirut,City Centre,1,50,943.8,3975.56,198778.0,5.6976,True
"Beirut, Lebanon",Lebanon,Beirut,Outside of Centre,1,50,496.22,1834.56,91728.0,6.4916,True
"Beirut, Lebanon",Lebanon,Beirut,City Centre,3,110,2212.73,3975.56,437311.6,6.0718,True
"Beirut, Lebanon",Lebanon,Beirut,Outside of Centre,3,110,1071.2,1834.56,201801.6,6.3698,True
"Fortaleza, Brazil",Brazil,Fortaleza,City Centre,1,50,422.42,2638.72,131936.0,3.842,True
"Fortaleza, Brazil",Brazil,Fortaleza,Outside of Centre,1,50,229.73,1145.66,57283.0,4.8125,True
"Fortaleza, Brazil",Brazil,Fortaleza,City Centre,3,110,546.79,2638.72,290259.2,2.2606,True
"Fortaleza, Brazil",Brazil,Fortaleza,Outside of Centre,3,110,345.12,1145.66,126022.6,3.2863,True
"Tel Aviv-Yafo, Israel",Israel,Tel Aviv-Yafo,City Centre,1,50,2223.24,20418.2,1020910.0,2.6132,True
"Tel Aviv-Yafo, Israel",Israel,Tel Aviv-Yafo,Outside of Centre,1,50,1648.78,13446.13,672306.5,2.9429,True
"Tel Aviv-Yafo, Israel",Israel,Tel Aviv-Yafo,City Centre,3,110,3704.6,20418.2,2246002.0,1.9793,True
"Tel Aviv-Yafo, Israel",Israel,Tel Aviv-Yafo,Outside of Centre,3,110,2737.75,13446.13,1479074.3,2.2212,True
"Jerusalem, Israel",Israel,Jerusalem,City Centre,1,50,1893.69,20318.6,1015930.0,2.2368,True
"Jerusalem, Israel",Israel,Jerusalem,Outside of Centre,1,50,1300.24,9130.09,456504.5,3.4179,True
"Jerusalem, Israel",Israel,Jerusalem,City Centre,3,110,3818.04,20318.6,2235046.0,2.0499,True
"Jerusalem, Israel",Israel,Jerusalem,Outside of Centre,3,110,1919.22,9130.09,1004309.9,2.2932,True
"Split, Croatia",Croatia,Split,City Centre,1,50,1024.96,7347.62,367381.0,3.3479,True
"Split, Croatia",Croatia,Split,Outside of Centre,1,50,755.25,5076.12,253806.0,3.5708,True
"Split, Croatia",Croatia,Split,City Centre,3,110,2021.0,7347.62,808238.2,3.0006,True
"Split, Croatia",Croatia,Split,Outside of Centre,3,110,1354.75,5076.12,558373.2,2.9115,True
"Lisbon, Portugal",Portugal,Lisbon,City Centre,1,50,1620.49,7838.63,391931.5,4.9616,True
"Lisbon, Portugal",Portugal,Lisbon,Outside of Centre,1,50,1218.54,4479.2,223960.0,6.5291,True
"Lisbon, Portugal",Portugal,Lisbon,City Centre,3,110,2884.3,7838.63,862249.3,4.0141,True
"Lisbon, Portugal",Portugal,Lisbon,Outside of Centre,3,110,2018.02,4479.2,492712.0,4.9149,True
"Tirana, Albania",Albania,Tirana,City Centre,1,50,847.91,4453.47,222673.5,4.5694,True
"Tirana, Albania",Albania,Tirana,Outside of Centre,1,50,492.06,2201.76,110088.0,5.3636,True
"Tirana, Albania",Albania,Tirana,City Centre,3,110,1571.33,4453.47,489881.7,3.8491,True
"Tirana, Albania",Albania,Tirana,Outside of Centre,3,110,923.84,2201.76,242193.6,4.5774,True
"Hangzhou, China",China,Hangzhou,City Centre,1,50,619.9,7726.69,386334.5,1.9255,True
"Hangzhou, China",China,Hangzhou,Outside of Centre,1,50,387.78,3700.73,185036.5,2.5148,True
"Hangzhou, China",China,Hangzhou,City Centre,3,110,1187.19,7726.69,849935.9,1.6762,True
"Hangzhou, China",China,Hangzhou,Outside of Centre,3,110,655.69,3700.73,407080.3,1.9329,True
"Yerevan, Armenia",Armenia,Yerevan,City Centre,1,50,902.56,3469.53,173476.5,6.2433,True
"Yerevan, Armenia",Armenia,Yerevan,Outside of Centre,1,50,649.13,1547.87,77393.5,10.0649,True
"Yerevan, Armenia",Armenia,Yerevan,City Centre,3,110,1520.58,3469.53,381648.3,4.7811,True
"Yerevan, Armenia",Armenia,Yerevan,Outside of Centre,3,110,897.04,1547.87,170265.7,6.3222,True
"Santos, Brazil",Brazil,Santos,City Centre,1,50,528.95,2398.37,119918.5,5.2931,True
"Santos, Brazil",Brazil,Santos,Outside of Centre,1,50,412.38,1736.07,86803.5,5.7009,True
"Santos, Brazil",Brazil,Santos,City Centre,3,110,962.39,2398.37,263820.7,4.3775,True
"Santos, Brazil",Brazil,Santos,Outside of Centre,3,110,684.93,1736.07,190967.7,4.304,True
"Lahore, Pakistan",Pakistan,Lahore,City Centre,1,50,162.16,796.22,39811.0,4.8879,True
"Lahore, Pakistan",Pakistan,Lahore,Outside of Centre,1,50,83.57,595.66,29783.0,3.3672,True
"Lahore, Pakistan",Pakistan,Lahore,City Centre,3,110,340.11,796.22,87584.2,4.6599,True
"Lahore, Pakistan",Pakistan,Lahore,Outside of Centre,3,110,199.95,595.66,65522.6,3.6619,True
"Milan, Italy",Italy,Milan,City Centre,1,50,1738.66,10751.25,537562.5,3.8812,True
"Milan, Italy",Italy,Milan,Outside of Centre,1,50,1188.36,5034.49,251724.5,5.6651,True
"Milan, Italy",Italy,Milan,City Centre,3,110,3534.41,10751.25,1182637.5,3.5863,True
"Milan, Italy",Italy,Milan,Outside of Centre,3,110,2057.97,5034.49,553793.9,4.4594,True
"Belgrade, Serbia",Serbia,Belgrade,City Centre,1,50,841.57,5512.45,275622.5,3.664,True
"Belgrade, Serbia",Serbia,Belgrade,Outside of Centre,1,50,576.32,3195.04,159752.0,4.3291,True
"Belgrade, Serbia",Serbia,Belgrade,City Centre,3,110,1539.76,5512.45,606369.5,3.0472,True
"Belgrade, Serbia",Serbia,Belgrade,Outside of Centre,3,110,981.99,3195.04,351454.4,3.3529,True
"Recife, Brazil",Brazil,Recife,City Centre,1,50,506.66,1951.55,97577.5,6.2309,True
"Recife, Brazil",Brazil,Recife,Outside of Centre,1,50,256.39,1047.76,52388.0,5.8729,True
"Recife, Brazil",Brazil,Recife,City Centre,3,110,876.19,1951.55,214670.5,4.8979,True
"Recife, Brazil",Brazil,Recife,Outside of Centre,3,110,612.01,1047.76,115253.6,6.3721,True
"Prague, Czech Republic",Czech Republic,Prague,City Centre,1,50,1141.69,9748.82,487441.0,2.8107,True
"Prague, Czech Republic",Czech Republic,Prague,Outside of Centre,1,50,981.36,7180.84,359042.0,3.2799,True
"Prague, Czech Republic",Czech Republic,Prague,City Centre,3,110,2243.02,9748.82,1072370.2,2.51,True
"Prague, Czech Republic",Czech Republic,Prague,Outside of Centre,3,110,1581.63,7180.84,789892.4,2.4028,True
"Paris, France",France,Paris,City Centre,1,50,1594.69,14574.25,728712.5,2.626,True
"Paris, France",France,Paris,Outside of Centre,1,50,1179.08,9943.66,497183.0,2.8458,True
"Paris, France",France,Paris,City Centre,3,110,3377.84,14574.25,1603167.5,2.5284,True
"Paris, France",France,Paris,Outside of Centre,3,110,2190.93,9943.66,1093802.6,2.4036,True
"Cairo, Egypt",Egypt,Cairo,City Centre,1,50,221.7,828.2,41410.0,6.4245,True
"Cairo, Egypt",Egypt,Cairo,Outside of Centre,1,50,198.25,531.64,26582.0,8.9497,True
"Cairo, Egypt",Egypt,Cairo,City Centre,3,110,537.36,828.2,91102.0,7.0781,True
"Cairo, Egypt",Egypt,Cairo,Outside of Centre,3,110,344.02,531.64,58480.4,7.0592,True
"Islamabad, Pakistan",Pakistan,Islamabad,City Centre,1,50,272.39,1653.55,82677.5,3.9535,True
"Islamabad, Pakistan",Pakistan,Islamabad,Outside of Centre,1,50,139.47,829.27,41463.5,4.0364,True
"Islamabad, Pakistan",Pakistan,Islamabad,City Centre,3,110,590.05,1653.55,181890.5,3.8928,True
"Islamabad, Pakistan",Pakistan,Islamabad,Outside of Centre,3,110,276.33,829.27,91219.7,3.6351,True
"Baku, Azerbaijan",Azerbaijan,Baku,City Centre,1,50,541.8,2244.08,112204.0,5.7944,True
"Baku, Azerbaijan",Azerbaijan,Baku,Outside of Centre,1,50,322.06,1329.93,66496.5,5.8119,True
"Baku, Azerbaijan",Azerbaijan,Baku,City Centre,3,110,1029.41,2244.08,246848.8,5.0042,True
"Baku, Azerbaijan",Azerbaijan,Baku,Outside of Centre,3,110,531.67,1329.93,146292.3,4.3612,True
"Guadalajara, Mexico",Mexico,Guadalajara,City Centre,1,50,886.31,3242.15,162107.5,6.5609,True
"Guadalajara, Mexico",Mexico,Guadalajara,Outside of Centre,1,50,513.04,2032.34,101617.0,6.0585,True
"Guadalajara, Mexico",Mexico,Guadalajara,City Centre,3,110,1718.62,3242.15,356636.5,5.7828,True
"Guadalajara, Mexico",Mexico,Guadalajara,Outside of Centre,3,110,1037.87,2032.34,223557.4,5.571,True
"Santiago, Chile",Chile,Santiago,City Centre,1,50,570.34,2696.19,134809.5,5.0769,True
"Santiago, Chile",Chile,Santiago,Outside of Centre,1,50,388.84,2631.91,131595.5,3.5458,True
"Santiago, Chile",Chile,Santiago,City Centre,3,110,1067.75,2696.19,296580.9,4.3202,True
"Santiago, Chile",Chile,Santiago,Outside of Centre,3,110,799.07,2631.91,289510.1,3.3121,True
"Tunis, Tunisia",Tunisia,Tunis,City Centre,1,50,376.74,1494.98,74749.0,6.0481,True
"Tunis, Tunisia",Tunisia,Tunis,Outside of Centre,1,50,247.91,771.93,38596.5,7.7077,True
"Tunis, Tunisia",Tunisia,Tunis,City Centre,3,110,597.33,1494.98,164447.8,4.3588,True
"Tunis, Tunisia",Tunisia,Tunis,Outside of Centre,3,110,401.99,771.93,84912.3,5.681,True
"Bogota, Colombia",Colombia,Bogota,City Centre,1,50,734.83,2879.16,143958.0,6.1254,True
"Bogota, Colombia",Colombia,Bogota,Outside of Centre,1,50,423.95,2185.6,109280.0,4.6554,True
"Bogota, Colombia",Colombia,Bogota,City Centre,3,110,1284.43,2879.16,316707.6,4.8667,True
"Bogota, Colombia",Colombia,Bogota,Outside of Centre,3,110,973.47,2185.6,240416.0,4.8589,True
"Curitiba, Brazil",Brazil,Curitiba,City Centre,1,50,494.5,2451.42,122571.0,4.8413,True
"Curitiba, Brazil",Brazil,Curitiba,Outside of Centre,1,50,286.67,1753.64,87682.0,3.9233,True
"Curitiba, Brazil",Brazil,Curitiba,City Centre,3,110,783.29,2451.42,269656.2,3.4857,True
"Curitiba, Brazil",Brazil,Curitiba,Outside of Centre,3,110,523.42,1753.64,192900.4,3.2561,True
"Brno, Czech Republic",Czech Republic,Brno,City Centre,1,50,999.76,6525.84,326292.0,3.6768,True
"Brno, Czech Republic",Czech Republic,Brno,Outside of Centre,1,50,815.68,5463.44,273172.0,3.5831,True
"Brno, Czech Republic",Czech Republic,Brno,City Centre,3,110,1545.28,6525.84,717842.4,2.5832,True
"Brno, Czech Republic",Czech Republic,Brno,Outside of Centre,3,110,1231.09,5463.44,600978.4,2.4582,True
"Saint Petersburg, Russia",Russia,Saint Petersburg,City Centre,1,50,767.34,4364.49,218224.5,4.2195,True
"Saint Petersburg, Russia",Russia,Saint Petersburg,Outside of Centre,1,50,451.7,2756.96,137848.0,3.9322,True
"Saint Petersburg, Russia",Russia,Saint Petersburg,City Centre,3,110,1604.19,4364.49,480093.9,4.0097,True
"Saint Petersburg, Russia",Russia,Saint Petersburg,Outside of Centre,3,110,925.75,2756.96,303265.6,3.6631,True
"Cluj-Napoca, Romania",Romania,Cluj-Napoca,City Centre,1,50,649.96,4761.73,238086.5,3.2759,True
"Cluj-Napoca, Romania",Romania,Cluj-Napoca,Outside of Centre,1,50,536.71,3470.21,173510.5,3.7119,True
"Cluj-Napoca, Romania",Romania,Cluj-Napoca,City Centre,3,110,1177.53,4761.73,523790.3,2.6977,True
"Cluj-Napoca, Romania",Romania,Cluj-Napoca,Outside of Centre,3,110,842.28,3470.21,381723.1,2.6478,True
"Bratislava, Slovakia",Slovakia,Bratislava,City Centre,1,50,1105.11,6456.6,322830.0,4.1078,True
"Bratislava, Slovakia",Slovakia,Bratislava,Outside of Centre,1,50,826.49,4109.51,205475.5,4.8268,True
"Bratislava, Slovakia",Slovakia,Bratislava,City Centre,3,110,1849.54,6456.6,710226.0,3.125,True
"Bratislava, Slovakia",Slovakia,Bratislava,Outside of Centre,3,110,1325.31,4109.51,452046.1,3.5182,True
"Monterrey, Mexico",Mexico,Monterrey,City Centre,1,50,1015.81,4343.33,217166.5,5.6131,True
"Monterrey, Mexico",Mexico,Monterrey,Outside of Centre,1,50,709.63,2575.49,128774.5,6.6128,True
"Monterrey, Mexico",Mexico,Monterrey,City Centre,3,110,1944.01,4343.33,477766.3,4.8827,True
"Monterrey, Mexico",Mexico,Monterrey,Outside of Centre,3,110,1349.04,2575.49,283303.9,5.7142,True
"Delhi, India",India,Delhi,City Centre,1,50,273.35,2636.64,131832.0,2.4882,True
"Delhi, India",India,Delhi,Outside of Centre,1,50,155.33,985.18,49259.0,3.784,True
"Delhi, India",India,Delhi,City Centre,3,110,709.34,2636.64,290030.4,2.9349,True
"Delhi, India",India,Delhi,Outside of Centre,3,110,383.81,985.18,108369.8,4.25,True
"Rome, Italy",Italy,Rome,City Centre,1,50,1206.68,8528.63,426431.5,3.3957,True
"Rome, Italy",Italy,Rome,Outside of Centre,1,50,873.73,3245.53,162276.5,6.461,True
"Rome, Italy",Italy,Rome,City Centre,3,110,2569.07,8528.63,938149.3,3.2861,True
"Rome, Italy",Italy,Rome,Outside of Centre,3,110,1736.07,3245.53,357008.3,5.8354,True
"Bishkek, Kyrgyzstan",Kyrgyzstan,Bishkek,City Centre,1,50,591.59,1778.75,88937.5,7.9821,True
"Bishkek, Kyrgyzstan",Kyrgyzstan,Bishkek,Outside of Centre,1,50,408.13,1204.45,60222.5,8.1324,True
"Bishkek, Kyrgyzstan",Kyrgyzstan,Bishkek,City Centre,3,110,1079.47,1778.75,195662.5,6.6204,True
"Bishkek, Kyrgyzstan",Kyrgyzstan,Bishkek,Outside of Centre,3,110,704.97,1204.45,132489.5,6.3851,True
"Merida, Mexico",Mexico,Merida,City Centre,1,50,672.65,2364.74,118237.0,6.8268,True
"Merida, Mexico",Mexico,Merida,Outside of Centre,1,50,477.43,1305.74,65287.0,8.7753,True
"Merida, Mexico",Mexico,Merida,City Centre,3,110,1317.14,2364.74,260121.4,6.0763,True
"Merida, Mexico",Mexico,Merida,Outside of Centre,3,110,1021.56,1305.74,143631.4,8.5348,True
"Heraklion, Greece",Greece,Heraklion,City Centre,1,50,643.73,3901.17,195058.5,3.9602,True
"Heraklion, Greece",Greece,Heraklion,Outside of Centre,1,50,499.35,2831.68,141584.0,4.2323,True
"Heraklion, Greece",Greece,Heraklion,City Centre,3,110,1134.67,3901.17,429128.7,3.173,True
"Heraklion, Greece",Greece,Heraklion,Outside of Centre,3,110,1003.93,2831.68,311484.8,3.8677,True
"Vienna, Austria",Austria,Vienna,City Centre,1,50,1333.2,14603.71,730185.5,2.191,True
"Vienna, Austria",Austria,Vienna,Outside of Centre,1,50,963.4,6164.12,308206.0,3.751,True
"Vienna, Austria",Austria,Vienna,City Centre,3,110,2540.52,14603.71,1606408.1,1.8978,True
"Vienna, Austria",Austria,Vienna,Outside of Centre,3,110,1625.4,6164.12,678053.2,2.8766,True
"Budapest, Hungary",Hungary,Budapest,City Centre,1,50,852.3,5884.17,294208.5,3.4763,True
"Budapest, Hungary",Hungary,Budapest,Outside of Centre,1,50,657.01,4054.29,202714.5,3.8893,True
"Budapest, Hungary",Hungary,Budapest,City Centre,3,110,1663.6,5884.17,647258.7,3.0843,True
"Budapest, Hungary",Hungary,Budapest,Outside of Centre,3,110,1247.7,4054.29,445971.9,3.3573,True
"Pristina, Kosovo (Disputed Territory)",Kosovo,Pristina,City Centre,1,50,395.98,2628.59,131429.5,3.6154,True
"Pristina, Kosovo (Disputed Territory)",Kosovo,Pristina,Outside of Centre,1,50,287.74,1478.54,73927.0,4.6707,True
"Pristina, Kosovo (Disputed Territory)",Kosovo,Pristina,City Centre,3,110,672.14,2628.59,289144.9,2.7895,True
"Pristina, Kosovo (Disputed Territory)",Kosovo,Pristina,Outside of Centre,3,110,506.28,1478.54,162639.4,3.7355,True
"Tbilisi, Georgia",Georgia,Tbilisi,City Centre,1,50,672.81,2408.89,120444.5,6.7033,True
"Tbilisi, Georgia",Georgia,Tbilisi,Outside of Centre,1,50,447.95,1426.04,71302.0,7.5389,True
"Tbilisi, Georgia",Georgia,Tbilisi,City Centre,3,110,1305.43,2408.89,264977.9,5.9119,True
"Tbilisi, Georgia",Georgia,Tbilisi,Outside of Centre,3,110,909.33,1426.04,156864.4,6.9563,True
"Lima, Peru",Peru,Lima,City Centre,1,50,764.8,2450.44,122522.0,7.4906,True
"Lima, Peru",Peru,Lima,Outside of Centre,1,50,342.31,1385.44,69272.0,5.9298,True
"Lima, Peru",Peru,Lima,City Centre,3,110,1248.07,2450.44,269548.4,5.5563,True
"Lima, Peru",Peru,Lima,Outside of Centre,3,110,653.96,1385.44,152398.4,5.1493,True
"Thessaloniki, Greece",Greece,Thessaloniki,City Centre,1,50,625.88,3893.28,194664.0,3.8582,True
"Thessaloniki, Greece",Greece,Thessaloniki,Outside of Centre,1,50,489.35,2917.32,145866.0,4.0257,True
"Thessaloniki, Greece",Greece,Thessaloniki,City Centre,3,110,1081.06,3893.28,428260.8,3.0292,True
"Thessaloniki, Greece",Greece,Thessaloniki,Outside of Centre,3,110,842.76,2917.32,320905.2,3.1514,True
"Ljubljana, Slovenia",Slovenia,Ljubljana,City Centre,1,50,1122.78,6617.46,330873.0,4.0721,True
"Ljubljana, Slovenia",Slovenia,Ljubljana,Outside of Centre,1,50,911.07,4980.5,249025.0,4.3903,True
"Ljubljana, Slovenia",Slovenia,Ljubljana,City Centre,3,110,2112.34,6617.46,727920.6,3.4823,True
"Ljubljana, Slovenia",Slovenia,Ljubljana,Outside of Centre,3,110,1478.01,4980.5,547855.0,3.2374,True
"Nizhny Novgorod, Russia",Russia,Nizhny Novgorod,City Centre,1,50,581.23,3297.62,164881.0,4.2302,True
"Nizhny Novgorod, Russia",Russia,Nizhny Novgorod,Outside of Centre,1,50,410.08,2052.11,102605.5,4.796,True
"Nizhny Novgorod, Russia",Russia,Nizhny Novgorod,City Centre,3,110,873.04,3297.62,362738.2,2.8882,True
"Nizhny Novgorod, Russia",Russia,Nizhny Novgorod,Outside of Centre,3,110,604.96,2052.11,225732.1,3.216,True
"Nanjing, China",China,Nanjing,City Centre,1,50,548.52,5048.32,252416.0,2.6077,True
"Nanjing, China",China,Nanjing,Outside of Centre,1,50,296.47,3145.56,157278.0,2.262,True
"Nanjing, China",China,Nanjing,City Centre,3,110,1139.02,5048.32,555315.2,2.4613,True
"Nanjing, China",China,Nanjing,Outside of Centre,3,110,562.87,3145.56,346011.6,1.9521,True
"Mexico City, Mexico",Mexico,Mexico City,City Centre,1,50,1106.15,3875.24,193762.0,6.8506,True
"Mexico City, Mexico",Mexico,Mexico City,Outside of Centre,1,50,700.96,2081.51,104075.5,8.0821,True
"Mexico City, Mexico",Mexico,Mexico City,City Centre,3,110,2468.38,3875.24,426276.4,6.9487,True
"Mexico City, Mexico",Mexico,Mexico City,Outside of Centre,3,110,1278.75,2081.51,228966.1,6.7019,True
"Gurgaon, India",India,Gurgaon,City Centre,1,50,316.35,2907.85,145392.5,2.611,True
"Gurgaon, India",India,Gurgaon,Outside of Centre,1,50,171.49,1646.34,82317.0,2.4999,True
"Gurgaon, India",India,Gurgaon,City Centre,3,110,874.43,2907.85,319863.5,3.2805,True
"Gurgaon, India",India,Gurgaon,Outside of Centre,3,110,467.14,1646.34,181097.4,3.0954,True
"Santo Domingo, Dominican Republic",Dominican Republic,Santo Domingo,City Centre,1,50,728.39,2232.79,111639.5,7.8294,True
"Santo Domingo, Dominican Republic",Dominican Republic,Santo Domingo,Outside of Centre,1,50,354.06,1185.76,59288.0,7.1662,True
"Santo Domingo, Dominican Republic",Dominican Republic,Santo Domingo,City Centre,3,110,1457.09,2232.79,245606.9,7.1191,True
"Santo Domingo, Dominican Republic",Dominican Republic,Santo Domingo,Outside of Centre,3,110,631.87,1185.76,130433.6,5.8133,True
"Athens, Greece",Greece,Athens,City Centre,1,50,745.81,3928.64,196432.0,4.5561,True
"Athens, Greece",Greece,Athens,Outside of Centre,1,50,657.64,3340.01,167000.5,4.7255,True
"Athens, Greece",Greece,Athens,City Centre,3,110,1332.34,3928.64,432150.4,3.6997,True
"Athens, Greece",Greece,Athens,Outside of Centre,3,110,1157.71,3340.01,367401.1,3.7813,True
"London, United Kingdom",United Kingdom,London,City Centre,1,50,2866.76,18767.58,938379.0,3.666,True
"London, United Kingdom",United Kingdom,London,Outside of Centre,1,50,2287.9,7997.02,399851.0,6.8663,True
"London, United Kingdom",United Kingdom,London,City Centre,3,110,5333.18,18767.58,2064433.8,3.1,True
"London, United Kingdom",United Kingdom,London,Outside of Centre,3,110,3716.18,7997.02,879672.2,5.0694,True
"Sao Paulo, Brazil",Brazil,Sao Paulo,City Centre,1,50,658.17,2757.5,137875.0,5.7284,True
"Sao Paulo, Brazil",Brazil,Sao Paulo,Outside of Centre,1,50,426.33,2073.8,103690.0,4.9339,True
"Sao Paulo, Brazil",Brazil,Sao Paulo,City Centre,3,110,1403.37,2757.5,303325.0,5.5519,True
"Sao Paulo, Brazil",Brazil,Sao Paulo,Outside of Centre,3,110,949.49,2073.8,228118.0,4.9947,True
"Belo Horizonte, Brazil",Brazil,Belo Horizonte,City Centre,1,50,572.37,2286.22,114311.0,6.0086,True
"Belo Horizonte, Brazil",Brazil,Belo Horizonte,Outside of Centre,1,50,292.68,1087.86,54393.0,6.457,True
"Belo Horizonte, Brazil",Brazil,Belo Horizonte,City Centre,3,110,864.87,2286.22,251484.2,4.1269,True
"Belo Horizonte, Brazil",Brazil,Belo Horizonte,Outside of Centre,3,110,586.25,1087.86,119664.6,5.8789,True
"Sarajevo, Bosnia And Herzegovina",Bosnia and Herzegovina,Sarajevo,City Centre,1,50,464.95,3371.81,168590.5,3.3094,True
"Sarajevo, Bosnia And Herzegovina",Bosnia and Herzegovina,Sarajevo,Outside of Centre,1,50,317.44,2413.13,120656.5,3.1571,True
"Sarajevo, Bosnia And Herzegovina",Bosnia and Herzegovina,Sarajevo,City Centre,3,110,1058.25,3371.81,370899.1,3.4238,True
"Sarajevo, Bosnia And Herzegovina",Bosnia and Herzegovina,Sarajevo,Outside of Centre,3,110,600.69,2413.13,265444.3,2.7156,True
"Porto, Portugal",Portugal,Porto,City Centre,1,50,1316.88,5239.33,261966.5,6.0323,True
"Porto, Portugal",Portugal,Porto,Outside of Centre,1,50,972.57,3929.69,196484.5,5.9398,True
"Porto, Portugal",Portugal,Porto,City Centre,3,110,2299.42,5239.33,576326.3,4.7877,True
"Porto, Portugal",Portugal,Porto,Outside of Centre,3,110,1672.75,3929.69,432265.9,4.6437,True
"Porto Alegre, Brazil",Brazil,Porto Alegre,City Centre,1,50,470.34,1655.99,82799.5,6.8166,True
"Porto Alegre, Brazil",Brazil,Porto Alegre,Outside of Centre,1,50,274.58,1269.19,63459.5,5.1922,True
"Porto Alegre, Brazil",Brazil,Porto Alegre,City Centre,3,110,787.21,1655.99,182158.9,5.1859,True
"Porto Alegre, Brazil",Brazil,Porto Alegre,Outside of Centre,3,110,452.93,1269.19,139610.9,3.8931,True
"Campinas, Brazil",Brazil,Campinas,City Centre,1,50,424.9,2089.66,104483.0,4.88,True
"Campinas, Brazil",Brazil,Campinas,Outside of Centre,1,50,290.38,1223.26,61163.0,5.6972,True
"Campinas, Brazil",Brazil,Campinas,City Centre,3,110,946.22,2089.66,229862.6,4.9398,True
"Campinas, Brazil",Brazil,Campinas,Outside of Centre,3,110,668.26,1223.26,134558.6,5.9596,True
"Rijeka, Croatia",Croatia,Rijeka,City Centre,1,50,709.06,4216.24,210812.0,4.0362,True
"Rijeka, Croatia",Croatia,Rijeka,Outside of Centre,1,50,544.93,4013.53,200676.5,3.2586,True
"Rijeka, Croatia",Croatia,Rijeka,City Centre,3,110,1210.32,4216.24,463786.4,3.1316,True
"Rijeka, Croatia",Croatia,Rijeka,Outside of Centre,3,110,892.51,4013.53,441488.3,2.4259,True
"Banja Luka, Bosnia And Herzegovina",Bosnia and Herzegovina,Banja Luka,City Centre,1,50,470.94,2935.97,146798.5,3.8497,True
"Banja Luka, Bosnia And Herzegovina",Bosnia and Herzegovina,Banja Luka,Outside of Centre,1,50,315.55,1917.0,95850.0,3.9505,True
"Banja Luka, Bosnia And Herzegovina",Bosnia and Herzegovina,Banja Luka,City Centre,3,110,710.5,2935.97,322956.7,2.64,True
"Banja Luka, Bosnia And Herzegovina",Bosnia and Herzegovina,Banja Luka,Outside of Centre,3,110,494.06,1917.0,210870.0,2.8116,True
"Barcelona, Spain",Spain,Barcelona,City Centre,1,50,1671.43,7487.47,374373.5,5.3575,True
"Barcelona, Spain",Spain,Barcelona,Outside of Centre,1,50,1304.91,5186.93,259346.5,6.0378,True
"Barcelona, Spain",Spain,Barcelona,City Centre,3,110,2582.24,7487.47,823621.7,3.7623,True
"Barcelona, Spain",Spain,Barcelona,Outside of Centre,3,110,1903.01,5186.93,570562.3,4.0024,True
"Munich, Germany",Germany,Munich,City Centre,1,50,1742.79,13446.3,672315.0,3.1107,True
"Munich, Germany",Germany,Munich,Outside of Centre,1,50,1296.82,9107.05,455352.5,3.4175,True
"Munich, Germany",Germany,Munich,City Centre,3,110,3124.58,13446.3,1479093.0,2.535,True
"Munich, Germany",Germany,Munich,Outside of Centre,3,110,2354.41,9107.05,1001775.5,2.8203,True
"Kaohsiung, Taiwan",Taiwan,Kaohsiung,City Centre,1,50,408.65,4601.28,230064.0,2.1315,True
"Kaohsiung, Taiwan",Taiwan,Kaohsiung,Outside of Centre,1,50,281.67,3176.12,158806.0,2.1284,True
"Kaohsiung, Taiwan",Taiwan,Kaohsiung,City Centre,3,110,984.69,4601.28,506140.8,2.3346,True
"Kaohsiung, Taiwan",Taiwan,Kaohsiung,Outside of Centre,3,110,680.74,3176.12,349373.2,2.3382,True
"Madrid, Spain",Spain,Madrid,City Centre,1,50,1531.33,8974.42,448721.0,4.0952,True
"Madrid, Spain",Spain,Madrid,Outside of Centre,1,50,1190.83,4195.94,209797.0,6.8113,True
"Madrid, Spain",Spain,Madrid,City Centre,3,110,2817.28,8974.42,987186.2,3.4246,True
"Madrid, Spain",Spain,Madrid,Outside of Centre,3,110,1866.34,4195.94,461553.4,4.8523,True
"Zurich, Switzerland",Switzerland,Zurich,City Centre,1,50,3062.21,27282.63,1364131.5,2.6938,True
"Zurich, Switzerland",Switzerland,Zurich,Outside of Centre,1,50,2426.45,16252.35,812617.5,3.5832,True
"Zurich, Switzerland",Switzerland,Zurich,City Centre,3,110,6192.92,27282.63,3001089.3,2.4763,True
"Zurich, Switzerland",Switzerland,Zurich,Outside of Centre,3,110,4154.28,16252.35,1787758.5,2.7885,True
"Geneva, Switzerland",Switzerland,Geneva,City Centre,1,50,2811.74,22193.42,1109671.0,3.0406,True
"Geneva, Switzerland",Switzerland,Geneva,Outside of Centre,1,50,2130.23,15957.09,797854.5,3.2039,True
"Geneva, Switzerland",Switzerland,Geneva,City Centre,3,110,4804.1,22193.42,2441276.2,2.3614,True
"Geneva, Switzerland",Switzerland,Geneva,Outside of Centre,3,110,3704.4,15957.09,1755279.9,2.5325,True
"Sydney, Australia",Australia,Sydney,City Centre,1,50,2600.98,13471.88,673594.0,4.6336,True
"Sydney, Australia",Australia,Sydney,Outside of Centre,1,50,1804.81,8392.07,419603.5,5.1615,True
"Sydney, Australia",Australia,Sydney,City Centre,3,110,5073.87,13471.88,1481906.8,4.1087,True
"Sydney, Australia",Australia,Sydney,Outside of Centre,3,110,3100.16,8392.07,923127.7,4.03,True
"Chisinau, Moldova",Moldova,Chisinau,City Centre,1,50,690.63,2696.19,134809.5,6.1476,True
"Chisinau, Moldova",Moldova,Chisinau,Outside of Centre,1,50,442.56,1952.49,97624.5,5.4399,True
"Chisinau, Moldova",Moldova,Chisinau,City Centre,3,110,1248.93,2696.19,296580.9,5.0533,True
"Chisinau, Moldova",Moldova,Chisinau,Outside of Centre,3,110,814.29,1952.49,214773.9,4.5497,True
"Novi Sad, Serbia",Serbia,Novi Sad,City Centre,1,50,501.51,3628.23,181411.5,3.3174,True
"Novi Sad, Serbia",Serbia,Novi Sad,Outside of Centre,1,50,409.72,2697.63,134881.5,3.6452,True
"Novi Sad, Serbia",Serbia,Novi Sad,City Centre,3,110,993.34,3628.23,399105.3,2.9867,True
"Novi Sad, Serbia",Serbia,Novi Sad,Outside of Centre,3,110,784.94,2697.63,296739.3,3.1743,True
"Panama City, Panama",Panama,Panama,City Centre,1,50,1315.0,3125.83,156291.5,10.0965,True
"Panama City, Panama",Panama,Panama,Outside of Centre,1,50,912.89,1697.58,84879.0,12.9062,True
"Panama City, Panama",Panama,Panama,City Centre,3,110,2116.88,3125.83,343841.3,7.3879,True
"Panama City, Panama",Panama,Panama,Outside of Centre,3,110,1464.17,1697.58,186733.8,9.4091,True
"Casablanca, Morocco",Morocco,Casablanca,City Centre,1,50,612.15,2268.73,113436.5,6.4757,True
"Casablanca, Morocco",Morocco,Casablanca,Outside of Centre,1,50,357.06,1285.91,64295.5,6.6641,True
"Casablanca, Morocco",Morocco,Casablanca,City Centre,3,110,1103.66,2268.73,249560.3,5.3069,True
"Casablanca, Morocco",Morocco,Casablanca,Outside of Centre,3,110,643.06,1285.91,141450.1,5.4554,True
"Coimbatore, India",India,Coimbatore,City Centre,1,50,151.86,1359.36,67968.0,2.6811,True
"Coimbatore, India",India,Coimbatore,Outside of Centre,1,50,89.49,618.9,30945.0,3.4703,True
"Coimbatore, India",India,Coimbatore,City Centre,3,110,331.59,1359.36,149529.6,2.6611,True
"Coimbatore, India",India,Coimbatore,Outside of Centre,3,110,185.07,618.9,68079.0,3.2622,True
"Palma de Mallorca, Spain",Spain,Palma de Mallorca,City Centre,1,50,1524.31,6815.26,340763.0,5.3679,True
"Palma de Mallorca, Spain",Spain,Palma de Mallorca,Outside of Centre,1,50,1090.57,3817.5,190875.0,6.8562,True
"Palma de Mallorca, Spain",Spain,Palma de Mallorca,City Centre,3,110,2362.11,6815.26,749678.6,3.781,True
"Palma de Mallorca, Spain",Spain,Palma de Mallorca,Outside of Centre,3,110,1845.45,3817.5,419925.0,5.2737,True
"Odessa (Odesa), Ukraine",Ukraine,Odessa (Odesa),City Centre,1,50,346.03,1597.25,79862.5,5.1994,True
"Odessa (Odesa), Ukraine",Ukraine,Odessa (Odesa),Outside of Centre,1,50,186.79,888.67,44433.5,5.0446,True
"Odessa (Odesa), Ukraine",Ukraine,Odessa (Odesa),City Centre,3,110,606.75,1597.25,175697.5,4.1441,True
"Odessa (Odesa), Ukraine",Ukraine,Odessa (Odesa),Outside of Centre,3,110,375.86,888.67,97753.7,4.614,True
"Skopje, North Macedonia",North Macedonia,Skopje,City Centre,1,50,429.78,2726.14,136307.0,3.7836,True
"Skopje, North Macedonia",North Macedonia,Skopje,Outside of Centre,1,50,334.94,1852.25,92612.5,4.3399,True
"Skopje, North Macedonia",North Macedonia,Skopje,City Centre,3,110,741.53,2726.14,299875.4,2.9674,True
"Skopje, North Macedonia",North Macedonia,Skopje,Outside of Centre,3,110,513.05,1852.25,203747.5,3.0217,True
"Patna, India",India,Patna,City Centre,1,50,106.55,1267.93,63396.5,2.0168,True
"Patna, India",India,Patna,Outside of Centre,1,50,62.07,502.97,25148.5,2.9618,True
"Patna, India",India,Patna,City Centre,3,110,246.43,1267.93,139472.3,2.1202,True
"Patna, India",India,Patna,Outside of Centre,3,110,130.96,502.97,55326.7,2.8404,True
"Batumi, Ajara, Georgia",Georgia,"Batumi, Ajara",City Centre,1,50,496.95,1745.84,87292.0,6.8316,True
"Batumi, Ajara, Georgia",Georgia,"Batumi, Ajara",Outside of Centre,1,50,353.99,1214.28,60714.0,6.9965,True
"Batumi, Ajara, Georgia",Georgia,"Batumi, Ajara",City Centre,3,110,915.21,1745.84,192042.4,5.7188,True
"Batumi, Ajara, Georgia",Georgia,"Batumi, Ajara",Outside of Centre,3,110,688.29,1214.28,133570.8,6.1836,True
"Stockholm, Sweden",Sweden,Stockholm,City Centre,1,50,1723.43,11695.79,584789.5,3.5365,True
"Stockholm, Sweden",Sweden,Stockholm,Outside of Centre,1,50,1078.29,6734.59,336729.5,3.8427,True
"Stockholm, Sweden",Sweden,Stockholm,City Centre,3,110,3181.44,11695.79,1286536.9,2.9674,True
"Stockholm, Sweden",Sweden,Stockholm,Outside of Centre,3,110,1859.03,6734.59,740804.9,3.0114,True
"Florence, Italy",Italy,Florence,City Centre,1,50,1542.48,6405.1,320255.0,5.7797,True
"Florence, Italy",Italy,Florence,Outside of Centre,1,50,1021.65,3943.03,197151.5,6.2185,True
"Florence, Italy",Italy,Florence,City Centre,3,110,2806.31,6405.1,704561.0,4.7797,True
"Florence, Italy",Italy,Florence,Outside of Centre,3,110,1831.46,3943.03,433733.3,5.0671,True
"Brasilia, Brazil",Brazil,Brasilia,City Centre,1,50,484.21,2473.46,123673.0,4.6983,True
"Brasilia, Brazil",Brazil,Brasilia,Outside of Centre,1,50,262.91,1723.24,86162.0,3.6616,True
"Brasilia, Brazil",Brazil,Brasilia,City Centre,3,110,1129.62,2473.46,272080.6,4.9821,True
"Brasilia, Brazil",Brazil,Brasilia,Outside of Centre,3,110,565.84,1723.24,189556.4,3.5821,True
"Brasov, Romania",Romania,Brasov,City Centre,1,50,701.53,3193.3,159665.0,5.2725,True
"Brasov, Romania",Romania,Brasov,Outside of Centre,1,50,479.65,2456.37,122818.5,4.6864,True
"Brasov, Romania",Romania,Brasov,City Centre,3,110,1325.19,3193.3,351263.0,4.5272,True
"Brasov, Romania",Romania,Brasov,Outside of Centre,3,110,1072.12,2456.37,270200.7,4.7614,True
"Bern, Switzerland",Switzerland,Bern,City Centre,1,50,1886.14,18816.2,940810.0,2.4058,True
"Bern, Switzerland",Switzerland,Bern,Outside of Centre,1,50,1427.15,15009.25,750462.5,2.282,True
"Bern, Switzerland",Switzerland,Bern,City Centre,3,110,3553.09,18816.2,2069782.0,2.06,True
"Bern, Switzerland",Switzerland,Bern,Outside of Centre,3,110,2522.97,15009.25,1651017.5,1.8338,True
"Craiova, Romania",Romania,Craiova,City Centre,1,50,521.75,2698.44,134922.0,4.6405,True
"Craiova, Romania",Romania,Craiova,Outside of Centre,1,50,399.42,2029.7,101485.0,4.7229,True
"Craiova, Romania",Romania,Craiova,City Centre,3,110,906.98,2698.44,296828.4,3.6667,True
"Craiova, Romania",Romania,Craiova,Outside of Centre,3,110,620.64,2029.7,223267.0,3.3358,True
"New York, NY, United States",United States,"New York, NY",City Centre,1,50,4437.81,18759.46,937973.0,5.6775,True
"New York, NY, United States",United States,"New York, NY",Outside of Centre,1,50,3033.33,6523.13,326156.5,11.1603,True
"New York, NY, United States",United States,"New York, NY",City Centre,3,110,9242.19,18759.46,2063540.6,5.3746,True
"New York, NY, United States",United States,"New York, NY",Outside of Centre,3,110,5461.43,6523.13,717544.3,9.1335,True
"Bolzano-Bozen, Italy",Italy,Bolzano-Bozen,City Centre,1,50,972.53,7415.42,370771.0,3.1476,True
"Bolzano-Bozen, Italy",Italy,Bolzano-Bozen,Outside of Centre,1,50,877.48,4904.48,245224.0,4.2939,True
"Bolzano-Bozen, Italy",Italy,Bolzano-Bozen,City Centre,3,110,1683.53,7415.42,815696.2,2.4767,True
"Bolzano-Bozen, Italy",Italy,Bolzano-Bozen,Outside of Centre,3,110,1548.58,4904.48,539492.8,3.4445,True
"Ulaanbaatar, Mongolia",Mongolia,Ulaanbaatar,City Centre,1,50,581.83,1930.56,96528.0,7.2331,True
"Ulaanbaatar, Mongolia",Mongolia,Ulaanbaatar,Outside of Centre,1,50,444.5,957.9,47895.0,11.1369,True
"Ulaanbaatar, Mongolia",Mongolia,Ulaanbaatar,City Centre,3,110,1665.47,1930.56,212361.6,9.4111,True
"Ulaanbaatar, Mongolia",Mongolia,Ulaanbaatar,Outside of Centre,3,110,1001.46,957.9,105369.0,11.4052,True
"Sliema, Malta",Malta,Sliema,City Centre,1,50,1785.79,5485.75,274287.5,7.8128,True
"Sliema, Malta",Malta,Sliema,Outside of Centre,1,50,1240.76,3615.72,180786.0,8.2358,True
"Sliema, Malta",Malta,Sliema,City Centre,3,110,2976.31,5485.75,603432.5,5.9188,True
"Sliema, Malta",Malta,Sliema,Outside of Centre,3,110,2429.51,3615.72,397729.2,7.3301,True
"Krakow (Cracow), Poland",Poland,Krakow,City Centre,1,50,940.26,5726.49,286324.5,3.9407,True
"Krakow (Cracow), Poland",Poland,Krakow,Outside of Centre,1,50,760.04,3657.82,182891.0,4.9868,True
"Krakow (Cracow), Poland",Poland,Krakow,City Centre,3,110,1493.36,5726.49,629913.9,2.8449,True
"Krakow (Cracow), Poland",Poland,Krakow,Outside of Centre,3,110,1156.09,3657.82,402360.2,3.4479,True
"Nis, Serbia",Serbia,Nis,City Centre,1,50,393.55,2583.82,129191.0,3.6555,True
"Nis, Serbia",Serbia,Nis,Outside of Centre,1,50,285.04,1881.62,94081.0,3.6357,True
"Nis, Serbia",Serbia,Nis,City Centre,3,110,598.24,2583.82,284220.2,2.5258,True
"Nis, Serbia",Serbia,Nis,Outside of Centre,3,110,415.88,1881.62,206978.2,2.4112,True
"Buenos Aires, Argentina",Argentina,Buenos Aires,City Centre,1,50,749.39,2672.67,133633.5,6.7294,True
"Buenos Aires, Argentina",Argentina,Buenos Aires,Outside of Centre,1,50,542.94,1871.33,93566.5,6.9633,True
"Buenos Aires, Argentina",Argentina,Buenos Aires,City Centre,3,110,1575.25,2672.67,293993.7,6.4297,True
"Buenos Aires, Argentina",Argentina,Buenos Aires,Outside of Centre,3,110,1281.7,1871.33,205846.3,7.4718,True
"Vilnius, Lithuania",Lithuania,Vilnius,City Centre,1,50,842.88,6128.24,306412.0,3.301,True
"Vilnius, Lithuania",Lithuania,Vilnius,Outside of Centre,1,50,627.99,3387.36,169368.0,4.4494,True
"Vilnius, Lithuania",Lithuania,Vilnius,City Centre,3,110,1433.49,6128.24,674106.4,2.5518,True
"Vilnius, Lithuania",Lithuania,Vilnius,Outside of Centre,3,110,1026.59,3387.36,372609.6,3.3062,True
"Bhubaneswar, India",India,Bhubaneswar,City Centre,1,50,147.22,1214.65,60732.5,2.9089,True
"Bhubaneswar, India",India,Bhubaneswar,Outside of Centre,1,50,86.84,522.36,26118.0,3.9899,True
"Bhubaneswar, India",India,Bhubaneswar,City Centre,3,110,315.1,1214.65,133611.5,2.83,True
"Bhubaneswar, India",India,Bhubaneswar,Outside of Centre,3,110,190.99,522.36,57459.6,3.9887,True
"Plzen, Czech Republic",Czech Republic,Plzen,City Centre,1,50,744.19,5103.87,255193.5,3.4994,True
"Plzen, Czech Republic",Czech Republic,Plzen,Outside of Centre,1,50,710.79,4160.44,208022.0,4.1003,True
"Plzen, Czech Republic",Czech Republic,Plzen,City Centre,3,110,955.14,5103.87,561425.7,2.0415,True
"Plzen, Czech Republic",Czech Republic,Plzen,Outside of Centre,3,110,939.62,4160.44,457648.4,2.4638,True
"Almaty, Kazakhstan",Kazakhstan,Almaty,City Centre,1,50,813.14,2552.19,127609.5,7.6465,True
"Almaty, Kazakhstan",Kazakhstan,Almaty,Outside of Centre,1,50,507.77,1519.64,75982.0,8.0193,True
"Almaty, Kazakhstan",Kazakhstan,Almaty,City Centre,3,110,1484.43,2552.19,280740.9,6.3451,True
"Almaty, Kazakhstan",Kazakhstan,Almaty,Outside of Centre,3,110,926.24,1519.64,167160.4,6.6492,True
"Warsaw, Poland",Poland,Warsaw,City Centre,1,50,1228.23,6200.33,310016.5,4.7542,True
"Warsaw, Poland",Poland,Warsaw,Outside of Centre,1,50,982.93,3933.16,196658.0,5.9978,True
"Warsaw, Poland",Poland,Warsaw,City Centre,3,110,2163.97,6200.33,682036.3,3.8074,True
"Warsaw, Poland",Poland,Warsaw,Outside of Centre,3,110,1590.89,3933.16,432647.6,4.4125,True
"Lausanne, Switzerland",Switzerland,Lausanne,City Centre,1,50,2287.69,18406.86,920343.0,2.9828,True
"Lausanne, Switzerland",Switzerland,Lausanne,Outside of Centre,1,50,1806.61,14009.91,700495.5,3.0949,True
"Lausanne, Switzerland",Switzerland,Lausanne,City Centre,3,110,4304.24,18406.86,2024754.6,2.551,True
"Lausanne, Switzerland",Switzerland,Lausanne,Outside of Centre,3,110,3242.77,14009.91,1541090.1,2.525,True
"Constanta, Romania",Romania,Constanta,City Centre,1,50,616.35,2540.25,127012.5,5.8232,True
"Constanta, Romania",Romania,Constanta,Outside of Centre,1,50,487.8,2051.9,102595.0,5.7055,True
"Constanta, Romania",Romania,Constanta,City Centre,3,110,1081.88,2540.25,279427.5,4.6461,True
"Constanta, Romania",Romania,Constanta,Outside of Centre,3,110,757.95,2051.9,225709.0,4.0297,True
"Qingdao, Shandong, China",China,"Qingdao, Shandong",City Centre,1,50,350.49,3570.67,178533.5,2.3558,True
"Qingdao, Shandong, China",China,"Qingdao, Shandong",Outside of Centre,1,50,197.62,2142.4,107120.0,2.2138,True
"Qingdao, Shandong, China",China,"Qingdao, Shandong",City Centre,3,110,754.01,3570.67,392773.7,2.3036,True
"Qingdao, Shandong, China",China,"Qingdao, Shandong",Outside of Centre,3,110,419.26,2142.4,235664.0,2.1349,True
"Nairobi, Kenya",Kenya,Nairobi,City Centre,1,50,429.78,1321.19,66059.5,7.8071,True
"Nairobi, Kenya",Kenya,Nairobi,Outside of Centre,1,50,217.33,900.47,45023.5,5.7924,True
"Nairobi, Kenya",Kenya,Nairobi,City Centre,3,110,1134.96,1321.19,145330.9,9.3714,True
"Nairobi, Kenya",Kenya,Nairobi,Outside of Centre,3,110,503.87,900.47,99051.7,6.1043,True
"Adelaide, Australia",Australia,Adelaide,City Centre,1,50,1748.23,10222.25,511112.5,4.1045,True
"Adelaide, Australia",Australia,Adelaide,Outside of Centre,1,50,1326.75,7012.81,350640.5,4.5405,True
"Adelaide, Australia",Australia,Adelaide,City Centre,3,110,2482.09,10222.25,1124447.5,2.6489,True
"Adelaide, Australia",Australia,Adelaide,Outside of Centre,3,110,1840.31,7012.81,771409.1,2.8628,True
"Podgorica, Montenegro",Montenegro,Podgorica,City Centre,1,50,656.31,3125.19,156259.5,5.0402,True
"Podgorica, Montenegro",Montenegro,Podgorica,Outside of Centre,1,50,506.25,2336.43,116821.5,5.2002,True
"Podgorica, Montenegro",Montenegro,Podgorica,City Centre,3,110,1321.86,3125.19,343770.9,4.6142,True
"Podgorica, Montenegro",Montenegro,Podgorica,Outside of Centre,3,110,988.28,2336.43,257007.3,4.6144,True
"Wroclaw, Poland",Poland,Wroclaw,City Centre,1,50,865.07,4683.17,234158.5,4.4333,True
"Wroclaw, Poland",Poland,Wroclaw,Outside of Centre,1,50,692.69,3423.64,171182.0,4.8558,True
"Wroclaw, Poland",Poland,Wroclaw,City Centre,3,110,1430.41,4683.17,515148.7,3.332,True
"Wroclaw, Poland",Poland,Wroclaw,Outside of Centre,3,110,1129.22,3423.64,376600.4,3.5981,True
"Basel, Switzerland",Switzerland,Basel,City Centre,1,50,2065.9,18241.09,912054.5,2.7181,True
"Basel, Switzerland",Switzerland,Basel,Outside of Centre,1,50,1498.58,14454.09,722704.5,2.4883,True
"Basel, Switzerland",Switzerland,Basel,City Centre,3,110,3597.92,18241.09,2006519.9,2.1517,True
"Basel, Switzerland",Switzerland,Basel,Outside of Centre,3,110,2885.7,14454.09,1589949.9,2.178,True
"Valencia, Spain",Spain,Valencia,City Centre,1,50,1430.06,5622.31,281115.5,6.1045,True
"Valencia, Spain",Spain,Valencia,Outside of Centre,1,50,1057.73,3283.77,164188.5,7.7306,True
"Valencia, Spain",Spain,Valencia,City Centre,3,110,2322.68,5622.31,618454.1,4.5067,True
"Valencia, Spain",Spain,Valencia,Outside of Centre,3,110,1686.76,3283.77,361214.7,5.6036,True
"Kiev (Kyiv), Ukraine",Ukraine,Kiev (Kyiv),City Centre,1,50,627.53,2619.28,130964.0,5.7499,True
"Kiev (Kyiv), Ukraine",Ukraine,Kiev (Kyiv),Outside of Centre,1,50,348.83,1126.11,56305.5,7.4344,True
"Kiev (Kyiv), Ukraine",Ukraine,Kiev (Kyiv),City Centre,3,110,1331.17,2619.28,288120.8,5.5442,True
"Kiev (Kyiv), Ukraine",Ukraine,Kiev (Kyiv),Outside of Centre,3,110,646.19,1126.11,123872.1,6.2599,True
"Kosice, Slovakia",Slovakia,Kosice,City Centre,1,50,938.57,4038.19,201909.5,5.5782,True
"Kosice, Slovakia",Slovakia,Kosice,Outside of Centre,1,50,726.05,2858.32,142916.0,6.0963,True
"Kosice, Slovakia",Slovakia,Kosice,City Centre,3,110,1753.82,4038.19,444200.9,4.7379,True
"Kosice, Slovakia",Slovakia,Kosice,Outside of Centre,3,110,1233.15,2858.32,314415.2,4.7065,True
"Florianopolis, Brazil",Brazil,Florianopolis,City Centre,1,50,666.08,2831.14,141557.0,5.6465,True
"Florianopolis, Brazil",Brazil,Florianopolis,Outside of Centre,1,50,488.13,1620.35,81017.5,7.23,True
"Florianopolis, Brazil",Brazil,Florianopolis,City Centre,3,110,1327.8,2831.14,311425.4,5.1163,True
"Florianopolis, Brazil",Brazil,Florianopolis,Outside of Centre,3,110,1033.95,1620.35,178238.5,6.9611,True
"Dushanbe, Tajikistan",Tajikistan,Dushanbe,City Centre,1,50,627.28,1295.35,64767.5,11.6221,True
"Dushanbe, Tajikistan",Tajikistan,Dushanbe,Outside of Centre,1,50,352.34,703.89,35194.5,12.0135,True
"Dushanbe, Tajikistan",Tajikistan,Dushanbe,City Centre,3,110,880.15,1295.35,142488.5,7.4124,True
"Dushanbe, Tajikistan",Tajikistan,Dushanbe,Outside of Centre,3,110,557.95,703.89,77427.9,8.6473,True
"Montevideo, Uruguay",Uruguay,Montevideo,City Centre,1,50,737.29,3461.35,173067.5,5.1122,True
"Montevideo, Uruguay",Uruguay,Montevideo,Outside of Centre,1,50,584.54,1890.38,94519.0,7.4212,True
"Montevideo, Uruguay",Uruguay,Montevideo,City Centre,3,110,1177.68,3461.35,380748.5,3.7117,True
"Montevideo, Uruguay",Uruguay,Montevideo,Outside of Centre,3,110,962.46,1890.38,207941.8,5.5542,True
"Chittagong, Bangladesh",Bangladesh,Chittagong,City Centre,1,50,126.48,797.33,39866.5,3.8071,True
"Chittagong, Bangladesh",Bangladesh,Chittagong,Outside of Centre,1,50,61.2,469.37,23468.5,3.1293,True
"Chittagong, Bangladesh",Bangladesh,Chittagong,City Centre,3,110,260.22,797.33,87706.3,3.5603,True
"Chittagong, Bangladesh",Bangladesh,Chittagong,Outside of Centre,3,110,165.15,469.37,51630.7,3.8384,True
"Debrecen, Hungary",Hungary,Debrecen,City Centre,1,50,631.07,3045.92,152296.0,4.9724,True
"Debrecen, Hungary",Hungary,Debrecen,Outside of Centre,1,50,478.98,2674.62,133731.0,4.298,True
"Debrecen, Hungary",Hungary,Debrecen,City Centre,3,110,1213.81,3045.92,335051.2,4.3473,True
"Debrecen, Hungary",Hungary,Debrecen,Outside of Centre,3,110,951.85,2674.62,294208.2,3.8824,True
"Kolkata, India",India,Kolkata,City Centre,1,50,149.36,1204.87,60243.5,2.9751,True
"Kolkata, India",India,Kolkata,Outside of Centre,1,50,92.74,611.94,30597.0,3.6372,True
"Kolkata, India",India,Kolkata,City Centre,3,110,393.05,1204.87,132535.7,3.5587,True
"Kolkata, India",India,Kolkata,Outside of Centre,3,110,197.73,611.94,67313.4,3.5249,True
"Nice, France",France,Nice,City Centre,1,50,1135.3,7454.98,372749.0,3.6549,True
"Nice, France",France,Nice,Outside of Centre,1,50,862.57,4227.36,211368.0,4.8971,True
"Nice, France",France,Nice,City Centre,3,110,2040.69,7454.98,820047.8,2.9862,True
"Nice, France",France,Nice,Outside of Centre,3,110,1748.23,4227.36,465009.6,4.5115,True
"Copenhagen, Denmark",Denmark,Copenhagen,City Centre,1,50,1999.11,11916.97,595848.5,4.0261,True
"Copenhagen, Denmark",Denmark,Copenhagen,Outside of Centre,1,50,1458.68,8591.21,429560.5,4.0749,True
"Copenhagen, Denmark",Denmark,Copenhagen,City Centre,3,110,3326.81,11916.97,1310866.7,3.0454,True
"Copenhagen, Denmark",Denmark,Copenhagen,Outside of Centre,3,110,2345.67,8591.21,945033.1,2.9785,True
"Zagreb, Croatia",Croatia,Zagreb,City Centre,1,50,884.9,5190.52,259526.0,4.0916,True
"Zagreb, Croatia",Croatia,Zagreb,Outside of Centre,1,50,672.24,3521.47,176073.5,4.5815,True
"Zagreb, Croatia",Croatia,Zagreb,City Centre,3,110,1484.35,5190.52,570957.2,3.1197,True
"Zagreb, Croatia",Croatia,Zagreb,Outside of Centre,3,110,1060.56,3521.47,387361.7,3.2855,True
"Rabat, Morocco",Morocco,Rabat,City Centre,1,50,504.22,2042.94,102147.0,5.9235,True
"Rabat, Morocco",Morocco,Rabat,Outside of Centre,1,50,276.42,1191.52,59576.0,5.5677,True
"Rabat, Morocco",Morocco,Rabat,City Centre,3,110,1060.01,2042.94,224723.4,5.6603,True
"Rabat, Morocco",Morocco,Rabat,Outside of Centre,3,110,709.15,1191.52,131067.2,6.4927,True
"Minsk, Belarus",Belarus,Minsk,City Centre,1,50,565.25,2535.36,126768.0,5.3507,True
"Minsk, Belarus",Belarus,Minsk,Outside of Centre,1,50,379.56,1659.95,82997.5,5.4878,True
"Minsk, Belarus",Belarus,Minsk,City Centre,3,110,993.41,2535.36,278889.6,4.2744,True
"Minsk, Belarus",Belarus,Minsk,Outside of Centre,3,110,705.69,1659.95,182594.5,4.6378,True
"Gdansk, Poland",Poland,Gdansk,City Centre,1,50,1034.13,5474.99,273749.5,4.5332,True
"Gdansk, Poland",Poland,Gdansk,Outside of Centre,1,50,773.14,3131.25,156562.5,5.9259,True
"Gdansk, Poland",Poland,Gdansk,City Centre,3,110,1678.86,5474.99,602248.9,3.3452,True
"Gdansk, Poland",Poland,Gdansk,Outside of Centre,3,110,1118.54,3131.25,344437.5,3.8969,True
"Sofia, Bulgaria",Bulgaria,Sofia,City Centre,1,50,788.45,4465.84,223292.0,4.2372,True
"Sofia, Bulgaria",Bulgaria,Sofia,Outside of Centre,1,50,597.19,3257.57,162878.5,4.3998,True
"Sofia, Bulgaria",Bulgaria,Sofia,City Centre,3,110,1556.63,4465.84,491242.4,3.8025,True
"Sofia, Bulgaria",Bulgaria,Sofia,Outside of Centre,3,110,1052.14,3257.57,358332.7,3.5235,True
"Chengdu, China",China,Chengdu,City Centre,1,50,485.91,3772.4,188620.0,3.0914,True
"Chengdu, China",China,Chengdu,Outside of Centre,1,50,259.51,1944.4,97220.0,3.2032,True
"Chengdu, China",China,Chengdu,City Centre,3,110,851.78,3772.4,414964.0,2.4632,True
"Chengdu, China",China,Chengdu,Outside of Centre,3,110,554.55,1944.4,213884.0,3.1113,True
"Sao Jose dos Campos, Brazil",Brazil,Sao Jose dos Campos,City Centre,1,50,482.66,2055.17,102758.5,5.6364,True
"Sao Jose dos Campos, Brazil",Brazil,Sao Jose dos Campos,Outside of Centre,1,50,348.06,1448.89,72444.5,5.7654,True
"Sao Jose dos Campos, Brazil",Brazil,Sao Jose dos Campos,City Centre,3,110,954.55,2055.17,226068.7,5.0669,True
"Sao Jose dos Campos, Brazil",Brazil,Sao Jose dos Campos,Outside of Centre,3,110,643.69,1448.89,159377.9,4.8465,True
"Brighton, United Kingdom",United Kingdom,Brighton,City Centre,1,50,1881.46,8550.77,427538.5,5.2808,True
"Brighton, United Kingdom",United Kingdom,Brighton,Outside of Centre,1,50,1483.15,6225.23,311261.5,5.718,True
"Brighton, United Kingdom",United Kingdom,Brighton,City Centre,3,110,2846.58,8550.77,940584.7,3.6317,True
"Brighton, United Kingdom",United Kingdom,Brighton,Outside of Centre,3,110,2234.7,6225.23,684775.3,3.9161,True
"Tokyo, Japan",Japan,Tokyo,City Centre,1,50,1255.84,8727.49,436374.5,3.4535,True
"Tokyo, Japan",Japan,Tokyo,Outside of Centre,1,50,678.66,4200.9,210045.0,3.8772,True
"Tokyo, Japan",Japan,Tokyo,City Centre,3,110,2473.88,8727.49,960023.9,3.0923,True
"Tokyo, Japan",Japan,Tokyo,Outside of Centre,3,110,1368.71,4200.9,462099.0,3.5543,True
"Burgas, Bulgaria",Bulgaria,Burgas,City Centre,1,50,524.85,2568.99,128449.5,4.9032,True
"Burgas, Bulgaria",Bulgaria,Burgas,Outside of Centre,1,50,422.06,1883.41,94170.5,5.3782,True
"Burgas, Bulgaria",Bulgaria,Burgas,City Centre,3,110,821.35,2568.99,282588.9,3.4878,True
"Burgas, Bulgaria",Bulgaria,Burgas,Outside of Centre,3,110,638.31,1883.41,207175.1,3.6972,True
"Helsinki, Finland",Finland,Helsinki,City Centre,1,50,1250.54,9814.27,490713.5,3.0581,True
"Helsinki, Finland",Finland,Helsinki,Outside of Centre,1,50,921.82,4394.72,219736.0,5.0342,True
"Helsinki, Finland",Finland,Helsinki,City Centre,3,110,2379.24,9814.27,1079569.7,2.6447,True
"Helsinki, Finland",Finland,Helsinki,Outside of Centre,3,110,1765.0,4394.72,483419.2,4.3813,True
"Bucharest, Romania",Romania,Bucharest,City Centre,1,50,697.9,3897.52,194876.0,4.2975,True
"Bucharest, Romania",Romania,Bucharest,Outside of Centre,1,50,464.75,2263.79,113189.5,4.9271,True
"Bucharest, Romania",Romania,Bucharest,City Centre,3,110,1114.61,3897.52,428727.2,3.1198,True
"Bucharest, Romania",Romania,Bucharest,Outside of Centre,3,110,738.63,2263.79,249016.9,3.5594,True
"Varna, Bulgaria",Bulgaria,Varna,City Centre,1,50,632.22,3244.65,162232.5,4.6764,True
"Varna, Bulgaria",Bulgaria,Varna,Outside of Centre,1,50,477.69,2159.06,107953.0,5.31,True
"Varna, Bulgaria",Bulgaria,Varna,City Centre,3,110,1342.06,3244.65,356911.5,4.5122,True
"Varna, Bulgaria",Bulgaria,Varna,Outside of Centre,3,110,923.42,2159.06,237496.6,4.6658,True
"Canberra, Australia",Australia,Canberra,City Centre,1,50,1837.87,11378.0,568900.0,3.8767,True
"Canberra, Australia",Australia,Canberra,Outside of Centre,1,50,1547.44,7511.64,375582.0,4.9441,True
"Canberra, Australia",Australia,Canberra,City Centre,3,110,3281.11,11378.0,1251580.0,3.1459,True
"Canberra, Australia",Australia,Canberra,Outside of Centre,3,110,2057.78,7511.64,826280.4,2.9885,True
"Heidelberg, Germany",Germany,Heidelberg,City Centre,1,50,1331.63,8208.75,410437.5,3.8933,True
"Heidelberg, Germany",Germany,Heidelberg,Outside of Centre,1,50,998.83,5126.25,256312.5,4.6763,True
"Heidelberg, Germany",Germany,Heidelberg,City Centre,3,110,2820.26,8208.75,902962.5,3.748,True
"Heidelberg, Germany",Germany,Heidelberg,Outside of Centre,3,110,1901.11,5126.25,563887.5,4.0457,True
"Auckland, New Zealand",New Zealand,Auckland,City Centre,1,50,1289.94,7469.54,373477.0,4.1446,True
"Auckland, New Zealand",New Zealand,Auckland,Outside of Centre,1,50,1216.16,5502.1,275105.0,5.3049,True
"Auckland, New Zealand",New Zealand,Auckland,City Centre,3,110,2254.68,7469.54,821649.4,3.2929,True
"Auckland, New Zealand",New Zealand,Auckland,Outside of Centre,3,110,1747.34,5502.1,605231.0,3.4645,True
"Iasi, Romania",Romania,Iasi,City Centre,1,50,550.96,2953.33,147666.5,4.4773,True
"Iasi, Romania",Romania,Iasi,Outside of Centre,1,50,435.81,1940.32,97016.0,5.3906,True
"Iasi, Romania",Romania,Iasi,City Centre,3,110,900.66,2953.33,324866.3,3.3269,True
"Iasi, Romania",Romania,Iasi,Outside of Centre,3,110,685.97,1940.32,213435.2,3.8567,True
"Oradea, Romania",Romania,Oradea,City Centre,1,50,409.57,1998.55,99927.5,4.9184,True
"Oradea, Romania",Romania,Oradea,Outside of Centre,1,50,318.38,1923.04,96152.0,3.9735,True
"Oradea, Romania",Romania,Oradea,City Centre,3,110,555.29,1998.55,219840.5,3.0311,True
"Oradea, Romania",Romania,Oradea,Outside of Centre,3,110,406.13,1923.04,211534.4,2.3039,True
"Malaga, Spain",Spain,Malaga,City Centre,1,50,1522.99,5060.59,253029.5,7.2228,True
"Malaga, Spain",Spain,Malaga,Outside of Centre,1,50,1109.84,2953.0,147650.0,9.02,True
"Malaga, Spain",Spain,Malaga,City Centre,3,110,2541.66,5060.59,556664.9,5.479,True
"Malaga, Spain",Spain,Malaga,Outside of Centre,3,110,1672.75,2953.0,324830.0,6.1795,True
"Asuncion, Paraguay",Paraguay,Asuncion,City Centre,1,50,611.96,1746.67,87333.5,8.4086,True
"Asuncion, Paraguay",Paraguay,Asuncion,Outside of Centre,1,50,370.03,1228.89,61444.5,7.2266,True
"Asuncion, Paraguay",Paraguay,Asuncion,City Centre,3,110,1028.94,1746.67,192133.7,6.4264,True
"Asuncion, Paraguay",Paraguay,Asuncion,Outside of Centre,3,110,625.33,1228.89,135177.9,5.5512,True
"Wuhan, China",China,Wuhan,City Centre,1,50,346.76,3123.75,156187.5,2.6642,True
"Wuhan, China",China,Wuhan,Outside of Centre,1,50,207.15,1524.59,76229.5,3.2609,True
"Wuhan, China",China,Wuhan,City Centre,3,110,648.78,3123.75,343612.5,2.2657,True
"Wuhan, China",China,Wuhan,Outside of Centre,3,110,359.6,1524.59,167704.9,2.5731,True
"Chennai, India",India,Chennai,City Centre,1,50,178.33,1959.2,97960.0,2.1845,True
"Chennai, India",India,Chennai,Outside of Centre,1,50,101.51,787.36,39368.0,3.0942,True
"Chennai, India",India,Chennai,City Centre,3,110,496.33,1959.2,215512.0,2.7636,True
"Chennai, India",India,Chennai,Outside of Centre,3,110,304.52,787.36,86609.6,4.2192,True
"Bologna, Italy",Italy,Bologna,City Centre,1,50,1159.02,5178.86,258943.0,5.3712,True
"Bologna, Italy",Italy,Bologna,Outside of Centre,1,50,889.91,3779.22,188961.0,5.6514,True
"Bologna, Italy",Italy,Bologna,City Centre,3,110,2129.99,5178.86,569674.6,4.4868,True
"Bologna, Italy",Italy,Bologna,Outside of Centre,3,110,1609.95,3779.22,415714.2,4.6473,True
"Berlin, Germany",Germany,Berlin,City Centre,1,50,1502.79,8823.81,441190.5,4.0875,True
"Berlin, Germany",Germany,Berlin,Outside of Centre,1,50,1136.33,5619.32,280966.0,4.8532,True
"Berlin, Germany",Germany,Berlin,City Centre,3,110,2680.65,8823.81,970619.1,3.3142,True
"Berlin, Germany",Germany,Berlin,Outside of Centre,3,110,2110.06,5619.32,618125.2,4.0964,True
"Gold Coast, Australia",Australia,Gold Coast,City Centre,1,50,2434.98,10354.17,517708.5,5.6441,True
"Gold Coast, Australia",Australia,Gold Coast,Outside of Centre,1,50,1480.47,7019.83,350991.5,5.0616,True
"Gold Coast, Australia",Australia,Gold Coast,City Centre,3,110,2860.98,10354.17,1138958.7,3.0143,True
"Gold Coast, Australia",Australia,Gold Coast,Outside of Centre,3,110,2529.85,7019.83,772181.3,3.9315,True
"Quito, Ecuador",Ecuador,Quito,City Centre,1,50,482.78,1758.6,87930.0,6.5886,True
"Quito, Ecuador",Ecuador,Quito,Outside of Centre,1,50,313.44,709.76,35488.0,10.5987,True
"Quito, Ecuador",Ecuador,Quito,City Centre,3,110,949.89,1758.6,193446.0,5.8924,True
"Quito, Ecuador",Ecuador,Quito,Outside of Centre,3,110,546.8,709.76,78073.6,8.4044,True
"Luxembourg, Luxembourg",Luxembourg,Luxembourg,City Centre,1,50,2266.73,12810.79,640539.5,4.2465,True
"Luxembourg, Luxembourg",Luxembourg,Luxembourg,Outside of Centre,1,50,2028.85,8515.42,425771.0,5.7181,True
"Luxembourg, Luxembourg",Luxembourg,Luxembourg,City Centre,3,110,3670.91,12810.79,1409186.9,3.126,True
"Luxembourg, Luxembourg",Luxembourg,Luxembourg,Outside of Centre,3,110,3107.35,8515.42,936696.2,3.9808,True
"Bordeaux, France",France,Bordeaux,City Centre,1,50,945.45,7106.05,355302.5,3.1932,True
"Bordeaux, France",France,Bordeaux,Outside of Centre,1,50,768.31,4785.8,239290.0,3.8529,True
"Bordeaux, France",France,Bordeaux,City Centre,3,110,1774.69,7106.05,781665.5,2.7245,True
"Bordeaux, France",France,Bordeaux,Outside of Centre,3,110,1405.85,4785.8,526438.0,3.2046,True
"Oslo, Norway",Norway,Oslo,City Centre,1,50,2029.12,11781.52,589076.0,4.1335,True
"Oslo, Norway",Norway,Oslo,Outside of Centre,1,50,1531.63,6872.67,343633.5,5.3486,True
"Oslo, Norway",Norway,Oslo,City Centre,3,110,2977.74,11781.52,1295967.2,2.7572,True
"Oslo, Norway",Norway,Oslo,Outside of Centre,3,110,2350.19,6872.67,755993.7,3.7305,True
"Hamburg, Germany",Germany,Hamburg,City Centre,1,50,1333.71,9717.48,485874.0,3.294,True
"Hamburg, Germany",Germany,Hamburg,Outside of Centre,1,50,959.03,5125.77,256288.5,4.4904,True
"Hamburg, Germany",Germany,Hamburg,City Centre,3,110,2314.82,9717.48,1068922.8,2.5987,True
"Hamburg, Germany",Germany,Hamburg,Outside of Centre,3,110,1707.67,5125.77,563834.7,3.6344,True
"Vancouver, Canada",Canada,Vancouver,City Centre,1,50,1779.45,8239.45,411972.5,5.1832,True
"Vancouver, Canada",Canada,Vancouver,Outside of Centre,1,50,1530.0,6480.98,324049.0,5.6658,True
"Vancouver, Canada",Canada,Vancouver,City Centre,3,110,3144.83,8239.45,906339.5,4.1638,True
"Vancouver, Canada",Canada,Vancouver,Outside of Centre,3,110,2448.55,6480.98,712907.8,4.1215,True
"Mississauga, Canada",Canada,Mississauga,City Centre,1,50,1700.38,7322.21,366110.5,5.5733,True
"Mississauga, Canada",Canada,Mississauga,Outside of Centre,1,50,1465.58,5549.42,277471.0,6.3383,True
"Mississauga, Canada",Canada,Mississauga,City Centre,3,110,2486.41,7322.21,805443.1,3.7044,True
"Mississauga, Canada",Canada,Mississauga,Outside of Centre,3,110,2106.14,5549.42,610436.2,4.1403,True
"Guildford, United Kingdom",United Kingdom,Guildford,City Centre,1,50,1903.81,7513.9,375695.0,6.0809,True
"Guildford, United Kingdom",United Kingdom,Guildford,Outside of Centre,1,50,1607.61,6987.86,349393.0,5.5214,True
"Guildford, United Kingdom",United Kingdom,Guildford,City Centre,3,110,2921.95,7513.9,826529.0,4.2422,True
"Guildford, United Kingdom",United Kingdom,Guildford,Outside of Centre,3,110,2434.22,6987.86,768664.6,3.8002,True
"Chongqing, China",China,Chongqing,City Centre,1,50,418.6,2705.41,135270.5,3.7134,True
"Chongqing, China",China,Chongqing,Outside of Centre,1,50,199.4,1714.79,85739.5,2.7908,True
"Chongqing, China",China,Chongqing,City Centre,3,110,875.98,2705.41,297595.1,3.5322,True
"Chongqing, China",China,Chongqing,Outside of Centre,3,110,414.35,1714.79,188626.9,2.636,True
"Toronto, Canada",Canada,Toronto,City Centre,1,50,1606.18,8077.06,403853.0,4.7726,True
"Toronto, Canada",Canada,Toronto,Outside of Centre,1,50,1440.84,6747.88,337394.0,5.1246,True
"Toronto, Canada",Canada,Toronto,City Centre,3,110,2700.76,8077.06,888476.6,3.6477,True
"Toronto, Canada",Canada,Toronto,Outside of Centre,3,110,2155.41,6747.88,742266.8,3.4846,True
"Bilbao, Spain",Spain,Bilbao,City Centre,1,50,1284.53,5881.72,294086.0,5.2414,True
"Bilbao, Spain",Spain,Bilbao,Outside of Centre,1,50,1063.02,3740.9,187045.0,6.8199,True
"Bilbao, Spain",Spain,Bilbao,City Centre,3,110,2477.72,5881.72,646989.2,4.5955,True
"Bilbao, Spain",Spain,Bilbao,Outside of Centre,3,110,1743.16,3740.9,411499.0,5.0833,True
"Lugano, Switzerland",Switzerland,Lugano,City Centre,1,50,1712.88,16069.29,803464.5,2.5582,True
"Lugano, Switzerland",Switzerland,Lugano,Outside of Centre,1,50,1285.37,10718.04,535902.0,2.8782,True
"Lugano, Switzerland",Switzerland,Lugano,City Centre,3,110,3501.75,16069.29,1767621.9,2.3773,True
"Lugano, Switzerland",Switzerland,Lugano,Outside of Centre,3,110,2593.89,10718.04,1178984.4,2.6401,True
"Honolulu, HI, United States",United States,"Honolulu, HI",City Centre,1,50,2913.33,8845.41,442270.5,7.9047,True
"Honolulu, HI, United States",United States,"Honolulu, HI",Outside of Centre,1,50,1943.33,7204.09,360204.5,6.4741,True
"Honolulu, HI, United States",United States,"Honolulu, HI",City Centre,3,110,5032.5,8845.41,972995.1,6.2066,True
"Honolulu, HI, United States",United States,"Honolulu, HI",Outside of Centre,3,110,3636.25,7204.09,792449.9,5.5063,True
"Queretaro (Santiago de Querétaro), Mexico",Mexico,Queretaro (Santiago de Querétaro),City Centre,1,50,895.67,2343.47,117173.5,9.1728,True
"Queretaro (Santiago de Querétaro), Mexico",Mexico,Queretaro (Santiago de Querétaro),Outside of Centre,1,50,587.4,1314.12,65706.0,10.7278,True
"Queretaro (Santiago de Querétaro), Mexico",Mexico,Queretaro (Santiago de Querétaro),City Centre,3,110,1561.12,2343.47,257781.7,7.2672,True
"Queretaro (Santiago de Querétaro), Mexico",Mexico,Queretaro (Santiago de Querétaro),Outside of Centre,3,110,880.56,1314.12,144553.2,7.3099,True
"Jinan, China",China,Jinan,City Centre,1,50,250.87,2471.3,123565.0,2.4363,True
"Jinan, China",China,Jinan,Outside of Centre,1,50,146.28,1318.83,65941.5,2.662,True
"Jinan, China",China,Jinan,City Centre,3,110,604.04,2471.3,271843.0,2.6664,True
"Jinan, China",China,Jinan,Outside of Centre,3,110,362.7,1318.83,145071.3,3.0002,True
"Dublin, Ireland",Ireland,Dublin,City Centre,1,50,2490.02,9248.7,462435.0,6.4615,True
"Dublin, Ireland",Ireland,Dublin,Outside of Centre,1,50,2241.45,5824.67,291233.5,9.2357,True
"Dublin, Ireland",Ireland,Dublin,City Centre,3,110,4493.35,9248.7,1017357.0,5.3,True
"Dublin, Ireland",Ireland,Dublin,Outside of Centre,3,110,3485.23,5824.67,640713.7,6.5275,True
"San Jose, Costa Rica",Costa Rica,San Jose,City Centre,1,50,947.9,2281.02,114051.0,9.9734,True
"San Jose, Costa Rica",Costa Rica,San Jose,Outside of Centre,1,50,766.88,1815.83,90791.5,10.1359,True
"San Jose, Costa Rica",Costa Rica,San Jose,City Centre,3,110,1887.82,2281.02,250912.2,9.0286,True
"San Jose, Costa Rica",Costa Rica,San Jose,Outside of Centre,3,110,1304.31,1815.83,199741.3,7.836,True
"Puebla, Mexico",Mexico,Puebla,City Centre,1,50,669.77,1717.38,85869.0,9.3599,True
"Puebla, Mexico",Mexico,Puebla,Outside of Centre,1,50,375.74,960.19,48009.5,9.3916,True
"Puebla, Mexico",Mexico,Puebla,City Centre,3,110,931.64,1717.38,188911.8,5.9179,True
"Puebla, Mexico",Mexico,Puebla,Outside of Centre,3,110,703.79,960.19,105620.9,7.996,True
"Rimini, Italy",Italy,Rimini,City Centre,1,50,827.35,4090.9,204545.0,4.8538,True
"Rimini, Italy",Italy,Rimini,Outside of Centre,1,50,661.79,2376.53,118826.5,6.6833,True
"Rimini, Italy",Italy,Rimini,City Centre,3,110,1067.59,4090.9,449999.0,2.8469,True
"Rimini, Italy",Italy,Rimini,Outside of Centre,3,110,917.56,2376.53,261418.3,4.2119,True
"Istanbul, Turkey",Turkey,Istanbul,City Centre,1,50,975.31,2992.96,149648.0,7.8208,True
"Istanbul, Turkey",Turkey,Istanbul,Outside of Centre,1,50,644.69,1686.27,84313.5,9.1756,True
"Istanbul, Turkey",Turkey,Istanbul,City Centre,3,110,1921.81,2992.96,329225.6,7.0048,True
"Istanbul, Turkey",Turkey,Istanbul,Outside of Centre,3,110,1144.8,1686.27,185489.7,7.4061,True
"Naples, Italy",Italy,Naples,City Centre,1,50,1004.79,4876.7,243835.0,4.9449,True
"Naples, Italy",Italy,Naples,Outside of Centre,1,50,691.41,2205.66,110283.0,7.5233,True
"Naples, Italy",Italy,Naples,City Centre,3,110,1888.43,4876.7,536437.0,4.2244,True
"Naples, Italy",Italy,Naples,Outside of Centre,3,110,1133.5,2205.66,242622.6,5.6062,True
"Cuenca, Ecuador",Ecuador,Cuenca,City Centre,1,50,500.0,1228.86,61443.0,9.7651,True
"Cuenca, Ecuador",Ecuador,Cuenca,Outside of Centre,1,50,383.11,842.4,42120.0,10.9148,True
"Cuenca, Ecuador",Ecuador,Cuenca,City Centre,3,110,690.0,1228.86,135174.6,6.1254,True
"Cuenca, Ecuador",Ecuador,Cuenca,Outside of Centre,3,110,582.22,842.4,92664.0,7.5398,True
"Antalya, Turkey",Turkey,Antalya,City Centre,1,50,582.3,2115.86,105793.0,6.605,True
"Antalya, Turkey",Turkey,Antalya,Outside of Centre,1,50,470.8,1399.98,69999.0,8.071,True
"Antalya, Turkey",Turkey,Antalya,City Centre,3,110,962.35,2115.86,232744.6,4.9617,True
"Antalya, Turkey",Turkey,Antalya,Outside of Centre,3,110,712.32,1399.98,153997.8,5.5506,True
"Timisoara, Romania",Romania,Timisoara,City Centre,1,50,552.48,2577.3,128865.0,5.1447,True
"Timisoara, Romania",Romania,Timisoara,Outside of Centre,1,50,368.37,1900.51,95025.5,4.6518,True
"Timisoara, Romania",Romania,Timisoara,City Centre,3,110,843.81,2577.3,283503.0,3.5716,True
"Timisoara, Romania",Romania,Timisoara,Outside of Centre,3,110,624.64,1900.51,209056.1,3.5855,True
"Cologne, Germany",Germany,Cologne,City Centre,1,50,1198.46,7869.62,393481.0,3.6549,True
"Cologne, Germany",Germany,Cologne,Outside of Centre,1,50,888.9,5275.15,263757.5,4.0442,True
"Cologne, Germany",Germany,Cologne,City Centre,3,110,2397.79,7869.62,865658.2,3.3239,True
"Cologne, Germany",Germany,Cologne,Outside of Centre,3,110,1632.78,5275.15,580266.5,3.3766,True
"Dnipro, Ukraine",Ukraine,Dnipro,City Centre,1,50,415.94,1195.32,59766.0,8.3514,True
"Dnipro, Ukraine",Ukraine,Dnipro,Outside of Centre,1,50,279.64,768.26,38413.0,8.7358,True
"Dnipro, Ukraine",Ukraine,Dnipro,City Centre,3,110,805.95,1195.32,131485.2,7.3555,True
"Dnipro, Ukraine",Ukraine,Dnipro,Outside of Centre,3,110,504.6,768.26,84508.6,7.1652,True
"Kuala Lumpur, Malaysia",Malaysia,Kuala Lumpur,City Centre,1,50,605.04,4067.32,203366.0,3.5702,True
"Kuala Lumpur, Malaysia",Malaysia,Kuala Lumpur,Outside of Centre,1,50,367.78,1509.95,75497.5,5.8457,True
"Kuala Lumpur, Malaysia",Malaysia,Kuala Lumpur,City Centre,3,110,1181.23,4067.32,447405.2,3.1682,True
"Kuala Lumpur, Malaysia",Malaysia,Kuala Lumpur,Outside of Centre,3,110,625.23,1509.95,166094.5,4.5172,True
"Xi'an, China",China,Xi'an,City Centre,1,50,314.32,2386.31,119315.5,3.1612,True
"Xi'an, China",China,Xi'an,Outside of Centre,1,50,176.49,1621.95,81097.5,2.6115,True
"Xi'an, China",China,Xi'an,City Centre,3,110,871.0,2386.31,262494.1,3.9818,True
"Xi'an, China",China,Xi'an,Outside of Centre,3,110,348.5,1621.95,178414.5,2.344,True
"Kuwait City, Kuwait",Kuwait,Kuwait City,City Centre,1,50,929.03,5293.6,264680.0,4.212,True
"Kuwait City, Kuwait",Kuwait,Kuwait City,Outside of Centre,1,50,638.51,2378.15,118907.5,6.4438,True
"Kuwait City, Kuwait",Kuwait,Kuwait City,City Centre,3,110,1998.56,5293.6,582296.0,4.1186,True
"Kuwait City, Kuwait",Kuwait,Kuwait City,Outside of Centre,3,110,1341.94,2378.15,261596.5,6.1558,True
"Oxford, United Kingdom",United Kingdom,Oxford,City Centre,1,50,2274.6,8017.59,400879.5,6.8088,True
"Oxford, United Kingdom",United Kingdom,Oxford,Outside of Centre,1,50,1692.65,6820.79,341039.5,5.9558,True
"Oxford, United Kingdom",United Kingdom,Oxford,City Centre,3,110,3272.23,8017.59,881934.9,4.4523,True
"Oxford, United Kingdom",United Kingdom,Oxford,Outside of Centre,3,110,2580.54,6820.79,750286.9,4.1273,True
"Seville (Sevilla), Spain",Spain,Seville,City Centre,1,50,949.33,4579.04,228952.0,4.9757,True
"Seville (Sevilla), Spain",Spain,Seville,Outside of Centre,1,50,685.27,1997.59,99879.5,8.2332,True
"Seville (Sevilla), Spain",Spain,Seville,City Centre,3,110,1538.33,4579.04,503694.4,3.6649,True
"Seville (Sevilla), Spain",Spain,Seville,Outside of Centre,3,110,1102.99,1997.59,219734.9,6.0236,True
"Paphos, Cyprus",Cyprus,Paphos,City Centre,1,50,1120.4,4441.63,222081.5,6.054,True
"Paphos, Cyprus",Cyprus,Paphos,Outside of Centre,1,50,999.08,2545.25,127262.5,9.4207,True
"Paphos, Cyprus",Cyprus,Paphos,City Centre,3,110,2126.61,4441.63,488579.3,5.2232,True
"Paphos, Cyprus",Cyprus,Paphos,Outside of Centre,3,110,1908.45,2545.25,279977.5,8.1797,True
"Pisa, Italy",Italy,Pisa,City Centre,1,50,1055.79,3530.95,176547.5,7.1762,True
"Pisa, Italy",Italy,Pisa,Outside of Centre,1,50,806.31,2889.89,144494.5,6.6963,True
"Pisa, Italy",Italy,Pisa,City Centre,3,110,1718.38,3530.95,388404.5,5.309,True
"Pisa, Italy",Italy,Pisa,Outside of Centre,3,110,1322.21,2889.89,317887.9,4.9912,True
"Limassol, Cyprus",Cyprus,Limassol,City Centre,1,50,1690.75,5653.89,282694.5,7.177,True
"Limassol, Cyprus",Cyprus,Limassol,Outside of Centre,1,50,1420.73,4192.71,209635.5,8.1326,True
"Limassol, Cyprus",Cyprus,Limassol,City Centre,3,110,2715.36,5653.89,621927.9,5.2392,True
"Limassol, Cyprus",Cyprus,Limassol,Outside of Centre,3,110,2149.04,4192.71,461198.1,5.5916,True
"Amsterdam, Netherlands",Netherlands,Amsterdam,City Centre,1,50,2634.94,10561.8,528090.0,5.9875,True
"Amsterdam, Netherlands",Netherlands,Amsterdam,Outside of Centre,1,50,1951.45,6904.31,345215.5,6.7834,True
"Amsterdam, Netherlands",Netherlands,Amsterdam,City Centre,3,110,3987.31,10561.8,1161798.0,4.1184,True
"Amsterdam, Netherlands",Netherlands,Amsterdam,Outside of Centre,3,110,2975.83,6904.31,759474.1,4.7019,True
"Wellington, New Zealand",New Zealand,Wellington,City Centre,1,50,1236.2,6741.94,337097.0,4.4006,True
"Wellington, New Zealand",New Zealand,Wellington,Outside of Centre,1,50,1161.16,3631.79,181589.5,7.6733,True
"Wellington, New Zealand",New Zealand,Wellington,City Centre,3,110,2178.82,6741.94,741613.4,3.5255,True
"Wellington, New Zealand",New Zealand,Wellington,Outside of Centre,3,110,1717.42,3631.79,399496.9,5.1587,True
"Dusseldorf, Germany",Germany,Dusseldorf,City Centre,1,50,1096.13,9198.81,459940.5,2.8598,True
"Dusseldorf, Germany",Germany,Dusseldorf,Outside of Centre,1,50,903.69,4878.37,243918.5,4.4459,True
"Dusseldorf, Germany",Germany,Dusseldorf,City Centre,3,110,2412.33,9198.81,1011869.1,2.8608,True
"Dusseldorf, Germany",Germany,Dusseldorf,Outside of Centre,3,110,1694.44,4878.37,536620.7,3.7891,True
"Tallinn, Estonia",Estonia,Tallinn,City Centre,1,50,828.17,4903.55,245177.5,4.0534,True
"Tallinn, Estonia",Estonia,Tallinn,Outside of Centre,1,50,585.89,3267.0,163350.0,4.3041,True
"Tallinn, Estonia",Estonia,Tallinn,City Centre,3,110,1524.31,4903.55,539390.5,3.3912,True
"Tallinn, Estonia",Estonia,Tallinn,Outside of Centre,3,110,979.34,3267.0,359370.0,3.2702,True
"Kaunas, Lithuania",Lithuania,Kaunas,City Centre,1,50,656.41,3742.98,187149.0,4.2089,True
"Kaunas, Lithuania",Lithuania,Kaunas,Outside of Centre,1,50,467.63,2443.12,122156.0,4.5938,True
"Kaunas, Lithuania",Lithuania,Kaunas,City Centre,3,110,965.21,3742.98,411727.8,2.8131,True
"Kaunas, Lithuania",Lithuania,Kaunas,Outside of Centre,3,110,664.3,2443.12,268743.2,2.9663,True
"Los Angeles, CA, United States",United States,"Los Angeles, CA",City Centre,1,50,2589.45,7420.13,371006.5,8.3754,True
"Los Angeles, CA, United States",United States,"Los Angeles, CA",Outside of Centre,1,50,2375.0,7018.32,350916.0,8.1216,True
"Los Angeles, CA, United States",United States,"Los Angeles, CA",City Centre,3,110,5206.58,7420.13,816214.3,7.6547,True
"Los Angeles, CA, United States",United States,"Los Angeles, CA",Outside of Centre,3,110,4160.82,7018.32,772015.2,6.4675,True
"Poznan, Poland",Poland,Poznan,City Centre,1,50,802.71,3619.41,180970.5,5.3227,True
"Poznan, Poland",Poland,Poznan,Outside of Centre,1,50,611.21,2607.75,130387.5,5.6252,True
"Poznan, Poland",Poland,Poznan,City Centre,3,110,1260.9,3619.41,398135.1,3.8004,True
"Poznan, Poland",Poland,Poznan,Outside of Centre,3,110,861.0,2607.75,286852.5,3.6019,True
"Marseille, France",France,Marseille,City Centre,1,50,895.63,5190.91,259545.5,4.1409,True
"Marseille, France",France,Marseille,Outside of Centre,1,50,651.08,3649.05,182452.5,4.2822,True
"Marseille, France",France,Marseille,City Centre,3,110,1582.04,5190.91,571000.1,3.3248,True
"Marseille, France",France,Marseille,Outside of Centre,3,110,1348.19,3649.05,401395.5,4.0305,True
"Szczecin, Poland",Poland,Szczecin,City Centre,1,50,632.85,3369.71,168485.5,4.5073,True
"Szczecin, Poland",Poland,Szczecin,Outside of Centre,1,50,502.35,2434.9,121745.0,4.9515,True
"Szczecin, Poland",Poland,Szczecin,City Centre,3,110,1176.7,3369.71,370668.1,3.8094,True
"Szczecin, Poland",Poland,Szczecin,Outside of Centre,3,110,843.93,2434.9,267839.0,3.7811,True
"Haifa, Israel",Israel,Haifa,City Centre,1,50,1071.26,9627.69,481384.5,2.6704,True
"Haifa, Israel",Israel,Haifa,Outside of Centre,1,50,816.73,6255.5,312775.0,3.1335,True
"Haifa, Israel",Israel,Haifa,City Centre,3,110,1670.81,9627.69,1059045.9,1.8932,True
"Haifa, Israel",Israel,Haifa,Outside of Centre,3,110,1184.84,6255.5,688105.0,2.0663,True
"Turin, Italy",Italy,Turin,City Centre,1,50,880.82,4790.82,239541.0,4.4125,True
"Turin, Italy",Italy,Turin,Outside of Centre,1,50,591.72,2249.18,112459.0,6.314,True
"Turin, Italy",Italy,Turin,City Centre,3,110,1537.93,4790.82,526990.2,3.502,True
"Turin, Italy",Italy,Turin,Outside of Centre,3,110,1005.14,2249.18,247409.8,4.8752,True
"Penang, Malaysia",Malaysia,Penang,City Centre,1,50,403.95,2200.02,110001.0,4.4067,True
"Penang, Malaysia",Malaysia,Penang,Outside of Centre,1,50,230.17,1070.79,53539.5,5.1589,True
"Penang, Malaysia",Malaysia,Penang,City Centre,3,110,576.74,2200.02,242002.2,2.8598,True
"Penang, Malaysia",Malaysia,Penang,Outside of Centre,3,110,416.21,1070.79,117786.9,4.2403,True
"Tashkent, Uzbekistan",Uzbekistan,Tashkent,City Centre,1,50,603.59,1651.21,82560.5,8.7731,True
"Tashkent, Uzbekistan",Uzbekistan,Tashkent,Outside of Centre,1,50,376.84,950.97,47548.5,9.5105,True
"Tashkent, Uzbekistan",Uzbekistan,Tashkent,City Centre,3,110,1194.8,1651.21,181633.1,7.8937,True
"Tashkent, Uzbekistan",Uzbekistan,Tashkent,Outside of Centre,3,110,730.59,950.97,104606.7,8.381,True
"Brisbane, Australia",Australia,Brisbane,City Centre,1,50,1994.16,8370.76,418538.0,5.7175,True
"Brisbane, Australia",Australia,Brisbane,Outside of Centre,1,50,1407.03,6189.31,309465.5,5.456,True
"Brisbane, Australia",Australia,Brisbane,City Centre,3,110,3447.28,8370.76,920783.6,4.4926,True
"Brisbane, Australia",Australia,Brisbane,Outside of Centre,3,110,2404.33,6189.31,680824.1,4.2378,True
"Riga, Latvia",Latvia,Riga,City Centre,1,50,590.64,3124.5,156225.0,4.5368,True
"Riga, Latvia",Latvia,Riga,Outside of Centre,1,50,392.61,2196.84,109842.0,4.2892,True
"Riga, Latvia",Latvia,Riga,City Centre,3,110,1173.21,3124.5,343695.0,4.0962,True
"Riga, Latvia",Latvia,Riga,Outside of Centre,3,110,735.98,2196.84,241652.4,3.6547,True
"Espoo, Finland",Finland,Espoo,City Centre,1,50,1090.43,7066.64,353332.0,3.7034,True
"Espoo, Finland",Finland,Espoo,Outside of Centre,1,50,920.15,4384.54,219227.0,5.0367,True
"Espoo, Finland",Finland,Espoo,City Centre,3,110,2225.1,7066.64,777330.4,3.435,True
"Espoo, Finland",Finland,Espoo,Outside of Centre,3,110,1726.03,4384.54,482299.4,4.2945,True
"Lyon, France",France,Lyon,City Centre,1,50,873.59,6552.24,327612.0,3.1998,True
"Lyon, France",France,Lyon,Outside of Centre,1,50,685.77,4053.29,202664.5,4.0605,True
"Lyon, France",France,Lyon,City Centre,3,110,1838.31,6552.24,720746.4,3.0607,True
"Lyon, France",France,Lyon,Outside of Centre,3,110,1285.17,4053.29,445861.9,3.4589,True
"Waterloo, Canada",Canada,Waterloo,City Centre,1,50,1417.68,5237.11,261855.5,6.4968,True
"Waterloo, Canada",Canada,Waterloo,Outside of Centre,1,50,1159.22,4927.43,246371.5,5.6462,True
"Waterloo, Canada",Canada,Waterloo,City Centre,3,110,2165.85,5237.11,576082.1,4.5115,True
"Waterloo, Canada",Canada,Waterloo,Outside of Centre,3,110,1848.84,4927.43,542017.3,4.0932,True
"Amman, Jordan",Jordan,Amman,City Centre,1,50,463.25,1615.59,80779.5,6.8817,True
"Amman, Jordan",Jordan,Amman,Outside of Centre,1,50,244.77,1019.28,50964.0,5.7634,True
"Amman, Jordan",Jordan,Amman,City Centre,3,110,764.2,1615.59,177714.9,5.1602,True
"Amman, Jordan",Jordan,Amman,Outside of Centre,3,110,420.78,1019.28,112120.8,4.5035,True
"Lodz, Poland",Poland,Lodz,City Centre,1,50,615.03,3225.72,161286.0,4.5759,True
"Lodz, Poland",Poland,Lodz,Outside of Centre,1,50,473.61,2436.64,121832.0,4.6649,True
"Lodz, Poland",Poland,Lodz,City Centre,3,110,1103.18,3225.72,354829.2,3.7309,True
"Lodz, Poland",Poland,Lodz,Outside of Centre,3,110,844.42,2436.64,268030.4,3.7806,True
"Braga, Portugal",Portugal,Braga,City Centre,1,50,934.76,2540.57,127028.5,8.8304,True
"Braga, Portugal",Portugal,Braga,Outside of Centre,1,50,754.28,1912.39,95619.5,9.466,True
"Braga, Portugal",Portugal,Braga,City Centre,3,110,1428.53,2540.57,279462.7,6.134,True
"Braga, Portugal",Portugal,Braga,Outside of Centre,3,110,1094.79,1912.39,210362.9,6.2452,True
"Cambridge, United Kingdom",United Kingdom,Cambridge,City Centre,1,50,2085.61,9073.64,453682.0,5.5165,True
"Cambridge, United Kingdom",United Kingdom,Cambridge,Outside of Centre,1,50,1755.83,5837.73,291886.5,7.2185,True
"Cambridge, United Kingdom",United Kingdom,Cambridge,City Centre,3,110,3201.29,9073.64,998100.4,3.8489,True
"Cambridge, United Kingdom",United Kingdom,Cambridge,Outside of Centre,3,110,2650.38,5837.73,642150.3,4.9528,True
"Boston, MA, United States",United States,"Boston, MA",City Centre,1,50,3356.75,13709.79,685489.5,5.8762,True
"Boston, MA, United States",United States,"Boston, MA",Outside of Centre,1,50,2612.14,6471.82,323591.0,9.6868,True
"Boston, MA, United States",United States,"Boston, MA",City Centre,3,110,5959.8,13709.79,1508076.9,4.7423,True
"Boston, MA, United States",United States,"Boston, MA",Outside of Centre,3,110,3914.45,6471.82,711900.2,6.5983,True
"Plovdiv, Bulgaria",Bulgaria,Plovdiv,City Centre,1,50,544.05,2306.9,115345.0,5.6601,True
"Plovdiv, Bulgaria",Bulgaria,Plovdiv,Outside of Centre,1,50,391.18,1577.78,78889.0,5.9503,True
"Plovdiv, Bulgaria",Bulgaria,Plovdiv,City Centre,3,110,898.03,2306.9,253759.0,4.2467,True
"Plovdiv, Bulgaria",Bulgaria,Plovdiv,Outside of Centre,3,110,670.0,1577.78,173555.8,4.6325,True
"Patras, Greece",Greece,Patras,City Centre,1,50,497.07,2084.21,104210.5,5.7238,True
"Patras, Greece",Greece,Patras,Outside of Centre,1,50,421.07,1790.58,89529.0,5.6438,True
"Patras, Greece",Greece,Patras,City Centre,3,110,801.55,2084.21,229263.1,4.1954,True
"Patras, Greece",Greece,Patras,Outside of Centre,3,110,711.49,1790.58,196963.8,4.3347,True
"Perth, Australia",Australia,Perth,City Centre,1,50,1942.59,8446.1,422305.0,5.52,True
"Perth, Australia",Australia,Perth,Outside of Centre,1,50,1662.83,5956.99,297849.5,6.6993,True
"Perth, Australia",Australia,Perth,City Centre,3,110,2816.61,8446.1,929071.0,3.638,True
"Perth, Australia",Australia,Perth,Outside of Centre,3,110,2199.41,5956.99,655268.9,4.0278,True
"Jaipur, India",India,Jaipur,City Centre,1,50,204.8,830.81,41540.5,5.9162,True
"Jaipur, India",India,Jaipur,Outside of Centre,1,50,89.96,446.62,22331.0,4.8342,True
"Jaipur, India",India,Jaipur,City Centre,3,110,407.52,830.81,91389.1,5.351,True
"Jaipur, India",India,Jaipur,Outside of Centre,3,110,225.18,446.62,49128.2,5.5002,True
"Toulouse, France",France,Toulouse,City Centre,1,50,899.83,6525.63,326281.5,3.3094,True
"Toulouse, France",France,Toulouse,Outside of Centre,1,50,671.38,3349.35,167467.5,4.8108,True
"Toulouse, France",France,Toulouse,City Centre,3,110,1465.32,6525.63,717819.3,2.4496,True
"Toulouse, France",France,Toulouse,Outside of Centre,3,110,1093.9,3349.35,368428.5,3.5629,True
"Bangalore, India",India,Bangalore,City Centre,1,50,314.56,1851.16,92558.0,4.0782,True
"Bangalore, India",India,Bangalore,Outside of Centre,1,50,181.6,1015.23,50761.5,4.293,True
"Bangalore, India",India,Bangalore,City Centre,3,110,809.81,1851.16,203627.6,4.7723,True
"Bangalore, India",India,Bangalore,Outside of Centre,3,110,492.19,1015.23,111675.3,5.2888,True
"Alicante, Spain",Spain,Alicante,City Centre,1,50,1014.38,4285.13,214256.5,5.6813,True
"Alicante, Spain",Spain,Alicante,Outside of Centre,1,50,844.59,2073.69,103684.5,9.7749,True
"Alicante, Spain",Spain,Alicante,City Centre,3,110,1757.11,4285.13,471364.3,4.4733,True
"Alicante, Spain",Spain,Alicante,Outside of Centre,3,110,1558.57,2073.69,228105.9,8.1992,True
"Karlsruhe, Germany",Germany,Karlsruhe,City Centre,1,50,985.81,6703.18,335159.0,3.5296,True
"Karlsruhe, Germany",Germany,Karlsruhe,Outside of Centre,1,50,863.49,3860.81,193040.5,5.3677,True
"Karlsruhe, Germany",Germany,Karlsruhe,City Centre,3,110,1914.43,6703.18,737349.8,3.1156,True
"Karlsruhe, Germany",Germany,Karlsruhe,Outside of Centre,3,110,1349.23,3860.81,424689.1,3.8124,True
"Haarlem, Netherlands",Netherlands,Haarlem,City Centre,1,50,1991.41,7795.65,389782.5,6.1308,True
"Haarlem, Netherlands",Netherlands,Haarlem,Outside of Centre,1,50,1725.4,5862.52,293126.0,7.0634,True
"Haarlem, Netherlands",Netherlands,Haarlem,City Centre,3,110,2950.14,7795.65,857521.5,4.1284,True
"Haarlem, Netherlands",Netherlands,Haarlem,Outside of Centre,3,110,2361.0,5862.52,644877.2,4.3934,True
"Padova, Italy",Italy,Padova,City Centre,1,50,1114.17,4070.9,203545.0,6.5686,True
"Padova, Italy",Italy,Padova,Outside of Centre,1,50,830.47,2265.87,113293.5,8.7963,True
"Padova, Italy",Italy,Padova,City Centre,3,110,1812.62,4070.9,447799.0,4.8574,True
"Padova, Italy",Italy,Padova,Outside of Centre,3,110,1301.66,2265.87,249245.7,6.2669,True
"Edinburgh, United Kingdom",United Kingdom,Edinburgh,City Centre,1,50,1602.35,6615.43,330771.5,5.8131,True
"Edinburgh, United Kingdom",United Kingdom,Edinburgh,Outside of Centre,1,50,1192.72,4629.35,231467.5,6.1834,True
"Edinburgh, United Kingdom",United Kingdom,Edinburgh,City Centre,3,110,2778.02,6615.43,727697.3,4.5811,True
"Edinburgh, United Kingdom",United Kingdom,Edinburgh,Outside of Centre,3,110,2128.28,4629.35,509228.5,5.0153,True
"Melbourne, Australia",Australia,Melbourne,City Centre,1,50,1725.16,7240.99,362049.5,5.718,True
"Melbourne, Australia",Australia,Melbourne,Outside of Centre,1,50,1419.8,6742.65,337132.5,5.0537,True
"Melbourne, Australia",Australia,Melbourne,City Centre,3,110,3440.76,7240.99,796508.9,5.1838,True
"Melbourne, Australia",Australia,Melbourne,Outside of Centre,3,110,2524.01,6742.65,741691.5,4.0837,True
"Linz, Austria",Austria,Linz,City Centre,1,50,832.19,5600.56,280028.0,3.5662,True
"Linz, Austria",Austria,Linz,Outside of Centre,1,50,732.66,3577.85,178892.5,4.9146,True
"Linz, Austria",Austria,Linz,City Centre,3,110,1569.98,5600.56,616061.6,3.0581,True
"Linz, Austria",Austria,Linz,Outside of Centre,3,110,1444.39,3577.85,393563.5,4.404,True
"Bristol, United Kingdom",United Kingdom,Bristol,City Centre,1,50,1925.13,6857.8,342890.0,6.7373,True
"Bristol, United Kingdom",United Kingdom,Bristol,Outside of Centre,1,50,1458.76,5226.12,261306.0,6.6991,True
"Bristol, United Kingdom",United Kingdom,Bristol,City Centre,3,110,3115.57,6857.8,754358.0,4.9561,True
"Bristol, United Kingdom",United Kingdom,Bristol,Outside of Centre,3,110,2307.12,5226.12,574873.2,4.8159,True
"Montpellier, France",France,Montpellier,City Centre,1,50,907.01,5117.03,255851.5,4.2541,True
"Montpellier, France",France,Montpellier,Outside of Centre,1,50,746.51,3703.74,185187.0,4.8373,True
"Montpellier, France",France,Montpellier,City Centre,3,110,1528.98,5117.03,562873.3,3.2597,True
"Montpellier, France",France,Montpellier,Outside of Centre,3,110,1196.36,3703.74,407411.4,3.5238,True
"Cagliari, Italy",Italy,Cagliari,City Centre,1,50,871.58,3295.04,164752.0,6.3483,True
"Cagliari, Italy",Italy,Cagliari,Outside of Centre,1,50,650.7,2385.17,119258.5,6.5475,True
"Cagliari, Italy",Italy,Cagliari,City Centre,3,110,1389.2,3295.04,362454.4,4.5993,True
"Cagliari, Italy",Italy,Cagliari,Outside of Centre,3,110,1046.66,2385.17,262368.7,4.7871,True
"Surat, India",India,Surat,City Centre,1,50,219.17,656.9,32845.0,8.0074,True
"Surat, India",India,Surat,Outside of Centre,1,50,499.3,311.51,15575.5,38.4681,False
"Surat, India",India,Surat,City Centre,3,110,378.52,656.9,72259.0,6.2861,True
"Surat, India",India,Surat,Outside of Centre,3,110,201.67,311.51,34266.1,7.0625,True
"Astana (Nur-Sultan), Kazakhstan",Kazakhstan,Astana,City Centre,1,50,566.57,1554.56,77728.0,8.747,True
"Astana (Nur-Sultan), Kazakhstan",Kazakhstan,Astana,Outside of Centre,1,50,393.77,1138.44,56922.0,8.3013,True
"Astana (Nur-Sultan), Kazakhstan",Kazakhstan,Astana,City Centre,3,110,1144.53,1554.56,171001.6,8.0317,True
"Astana (Nur-Sultan), Kazakhstan",Kazakhstan,Astana,Outside of Centre,3,110,774.21,1138.44,125228.4,7.4189,True
"Dubai, United Arab Emirates",United Arab Emirates,Dubai,City Centre,1,50,2396.19,7018.93,350946.5,8.1934,True
"Dubai, United Arab Emirates",United Arab Emirates,Dubai,Outside of Centre,1,50,1499.48,3973.32,198666.0,9.0573,True
"Dubai, United Arab Emirates",United Arab Emirates,Dubai,City Centre,3,110,4513.8,7018.93,772082.3,7.0155,True
"Dubai, United Arab Emirates",United Arab Emirates,Dubai,Outside of Centre,3,110,2954.39,3973.32,437065.2,8.1115,True
"Nuremberg, Germany",Germany,Nuremberg,City Centre,1,50,914.46,7241.0,362050.0,3.0309,True
"Nuremberg, Germany",Germany,Nuremberg,Outside of Centre,1,50,652.2,3793.17,189658.5,4.1266,True
"Nuremberg, Germany",Germany,Nuremberg,City Centre,3,110,1760.52,7241.0,796510.0,2.6524,True
"Nuremberg, Germany",Germany,Nuremberg,Outside of Centre,3,110,1406.96,3793.17,417248.7,4.0464,True
"Harare, Zimbabwe",Zimbabwe,Harare,City Centre,1,50,405.56,926.21,46310.5,10.5089,True
"Harare, Zimbabwe",Zimbabwe,Harare,Outside of Centre,1,50,316.6,391.32,19566.0,19.4174,True
"Harare, Zimbabwe",Zimbabwe,Harare,City Centre,3,110,838.89,926.21,101883.1,9.8806,True
"Harare, Zimbabwe",Zimbabwe,Harare,Outside of Centre,3,110,748.89,391.32,43045.2,20.8773,True
"Reykjavik, Iceland",Iceland,Reykjavik,City Centre,1,50,2508.96,8064.89,403244.5,7.4663,True
"Reykjavik, Iceland",Iceland,Reykjavik,Outside of Centre,1,50,2051.54,6379.14,318957.0,7.7184,True
"Reykjavik, Iceland",Iceland,Reykjavik,City Centre,3,110,3468.81,8064.89,887137.9,4.6921,True
"Reykjavik, Iceland",Iceland,Reykjavik,Outside of Centre,3,110,2747.3,6379.14,701705.4,4.6982,True
"Kharkiv, Ukraine",Ukraine,Kharkiv,City Centre,1,50,241.84,1062.18,53109.0,5.4644,True
"Kharkiv, Ukraine",Ukraine,Kharkiv,Outside of Centre,1,50,145.19,574.43,28721.5,6.0661,True
"Kharkiv, Ukraine",Ukraine,Kharkiv,City Centre,3,110,512.49,1062.18,116839.8,5.2635,True
"Kharkiv, Ukraine",Ukraine,Kharkiv,Outside of Centre,3,110,208.36,574.43,63187.3,3.957,True
"Bari, Italy",Italy,Bari,City Centre,1,50,913.45,3833.92,191696.0,5.7181,True
"Bari, Italy",Italy,Bari,Outside of Centre,1,50,653.97,2075.8,103790.0,7.5611,True
"Bari, Italy",Italy,Bari,City Centre,3,110,1639.31,3833.92,421731.2,4.6645,True
"Bari, Italy",Italy,Bari,Outside of Centre,3,110,1129.08,2075.8,228338.0,5.9337,True
"Groningen, Netherlands",Netherlands,Groningen,City Centre,1,50,1353.61,5396.41,269820.5,6.02,True
"Groningen, Netherlands",Netherlands,Groningen,Outside of Centre,1,50,935.94,3974.9,198745.0,5.6511,True
"Groningen, Netherlands",Netherlands,Groningen,City Centre,3,110,1936.92,5396.41,593605.1,3.9156,True
"Groningen, Netherlands",Netherlands,Groningen,Outside of Centre,3,110,1432.97,3974.9,437239.0,3.9328,True
"Trieste, Italy",Italy,Trieste,City Centre,1,50,830.66,3749.47,187473.5,5.317,True
"Trieste, Italy",Italy,Trieste,Outside of Centre,1,50,671.76,2189.35,109467.5,7.3639,True
"Trieste, Italy",Italy,Trieste,City Centre,3,110,1388.11,3749.47,412441.7,4.0387,True
"Trieste, Italy",Italy,Trieste,Outside of Centre,3,110,1037.52,2189.35,240828.5,5.1698,True
"Larnaca, Cyprus",Cyprus,Larnaca,City Centre,1,50,934.25,3800.7,190035.0,5.8994,True
"Larnaca, Cyprus",Cyprus,Larnaca,Outside of Centre,1,50,696.5,2031.93,101596.5,8.2267,True
"Larnaca, Cyprus",Cyprus,Larnaca,City Centre,3,110,1684.16,3800.7,418077.0,4.834,True
"Larnaca, Cyprus",Cyprus,Larnaca,Outside of Centre,3,110,1249.64,2031.93,223512.3,6.7091,True
"Maribor, Slovenia",Slovenia,Maribor,City Centre,1,50,572.33,3240.38,162019.0,4.239,True
"Maribor, Slovenia",Slovenia,Maribor,Outside of Centre,1,50,481.52,2446.94,122347.0,4.7228,True
"Maribor, Slovenia",Slovenia,Maribor,City Centre,3,110,1041.9,3240.38,356441.8,3.5077,True
"Maribor, Slovenia",Slovenia,Maribor,Outside of Centre,3,110,748.37,2446.94,269163.4,3.3364,True
"Victoria, Canada",Canada,Victoria,City Centre,1,50,1543.44,5230.79,261539.5,7.0816,True
"Victoria, Canada",Canada,Victoria,Outside of Centre,1,50,1315.02,4413.54,220677.0,7.1508,True
"Victoria, Canada",Canada,Victoria,City Centre,3,110,2733.86,5230.79,575386.9,5.7016,True
"Victoria, Canada",Canada,Victoria,Outside of Centre,3,110,2330.48,4413.54,485489.4,5.7603,True
"San Diego, CA, United States",United States,"San Diego, CA",City Centre,1,50,3344.71,8093.34,404667.0,9.9184,True
"San Diego, CA, United States",United States,"San Diego, CA",Outside of Centre,1,50,2382.86,6580.44,329022.0,8.6907,True
"San Diego, CA, United States",United States,"San Diego, CA",City Centre,3,110,5455.33,8093.34,890267.4,7.3533,True
"San Diego, CA, United States",United States,"San Diego, CA",Outside of Centre,3,110,4419.67,6580.44,723848.4,7.327,True
"Christchurch, New Zealand",New Zealand,Christchurch,City Centre,1,50,1219.04,5145.42,257271.0,5.686,True
"Christchurch, New Zealand",New Zealand,Christchurch,Outside of Centre,1,50,986.0,2773.33,138666.5,8.5327,True
"Christchurch, New Zealand",New Zealand,Christchurch,City Centre,3,110,1584.43,5145.42,565996.2,3.3592,True
"Christchurch, New Zealand",New Zealand,Christchurch,Outside of Centre,3,110,1493.95,2773.33,305066.3,5.8766,True
"San Francisco, CA, United States",United States,"San Francisco, CA",City Centre,1,50,3816.32,10205.43,510271.5,8.9748,True
"San Francisco, CA, United States",United States,"San Francisco, CA",Outside of Centre,1,50,2647.76,8999.92,449996.0,7.0608,True
"San Francisco, CA, United States",United States,"San Francisco, CA",City Centre,3,110,5976.67,10205.43,1122597.3,6.3888,True
"San Francisco, CA, United States",United States,"San Francisco, CA",Outside of Centre,3,110,4849.23,8999.92,989991.2,5.8779,True
"Frankfurt, Germany",Germany,Frankfurt,City Centre,1,50,1326.85,8105.64,405282.0,3.9287,True
"Frankfurt, Germany",Germany,Frankfurt,Outside of Centre,1,50,1141.7,4339.88,216994.0,6.3137,True
"Frankfurt, Germany",Germany,Frankfurt,City Centre,3,110,2772.05,8105.64,891620.4,3.7308,True
"Frankfurt, Germany",Germany,Frankfurt,Outside of Centre,3,110,1963.91,4339.88,477386.8,4.9367,True
"San Jose, CA, United States",United States,"San Jose, CA",City Centre,1,50,3085.56,8891.5,444575.0,8.3286,True
"San Jose, CA, United States",United States,"San Jose, CA",Outside of Centre,1,50,2630.0,9063.14,453157.0,6.9645,True
"San Jose, CA, United States",United States,"San Jose, CA",City Centre,3,110,4787.5,8891.5,978065.0,5.8738,True
"San Jose, CA, United States",United States,"San Jose, CA",Outside of Centre,3,110,4108.89,9063.14,996945.4,4.9458,True
"Graz, Austria",Austria,Graz,City Centre,1,50,823.47,6047.86,302393.0,3.2678,True
"Graz, Austria",Austria,Graz,Outside of Centre,1,50,697.87,3279.9,163995.0,5.1065,True
"Graz, Austria",Austria,Graz,City Centre,3,110,1453.52,6047.86,665264.6,2.6219,True
"Graz, Austria",Austria,Graz,Outside of Centre,3,110,1166.36,3279.9,360789.0,3.8794,True
"Eindhoven, Netherlands",Netherlands,Eindhoven,City Centre,1,50,1743.89,6548.51,327425.5,6.3913,True
"Eindhoven, Netherlands",Netherlands,Eindhoven,Outside of Centre,1,50,1475.57,4962.42,248121.0,7.1364,True
"Eindhoven, Netherlands",Netherlands,Eindhoven,City Centre,3,110,2719.58,6548.51,720336.1,4.5305,True
"Eindhoven, Netherlands",Netherlands,Eindhoven,Outside of Centre,3,110,2112.34,4962.42,545866.2,4.6436,True
"Tampere, Finland",Finland,Tampere,City Centre,1,50,983.38,4868.45,243422.5,4.8478,True
"Tampere, Finland",Finland,Tampere,Outside of Centre,1,50,768.72,3303.08,165154.0,5.5855,True
"Tampere, Finland",Finland,Tampere,City Centre,3,110,1811.76,4868.45,535529.5,4.0597,True
"Tampere, Finland",Finland,Tampere,Outside of Centre,3,110,1316.01,3303.08,363338.8,4.3464,True
"Brescia, Italy",Italy,Brescia,City Centre,1,50,949.98,3479.37,173968.5,6.5528,True
"Brescia, Italy",Italy,Brescia,Outside of Centre,1,50,770.02,2252.42,112621.0,8.2047,True
"Brescia, Italy",Italy,Brescia,City Centre,3,110,1931.41,3479.37,382730.7,6.0557,True
"Brescia, Italy",Italy,Brescia,Outside of Centre,3,110,1394.76,2252.42,247766.2,6.7552,True
"Nicosia, Cyprus",Cyprus,Nicosia,City Centre,1,50,822.29,3155.27,157763.5,6.2546,True
"Nicosia, Cyprus",Cyprus,Nicosia,Outside of Centre,1,50,710.46,2331.36,116568.0,7.3138,True
"Nicosia, Cyprus",Cyprus,Nicosia,City Centre,3,110,1741.89,3155.27,347079.7,6.0224,True
"Nicosia, Cyprus",Cyprus,Nicosia,Outside of Centre,3,110,1357.48,2331.36,256449.6,6.352,True
"Aarhus, Denmark",Denmark,Aarhus,City Centre,1,50,1312.9,7767.22,388361.0,4.0567,True
"Aarhus, Denmark",Denmark,Aarhus,Outside of Centre,1,50,992.14,5337.11,266855.5,4.4615,True
"Aarhus, Denmark",Denmark,Aarhus,City Centre,3,110,2308.09,7767.22,854394.2,3.2417,True
"Aarhus, Denmark",Denmark,Aarhus,Outside of Centre,3,110,1796.24,5337.11,587082.1,3.6715,True
"Klaipeda, Lithuania",Lithuania,Klaipeda,City Centre,1,50,593.74,2627.59,131379.5,5.4231,True
"Klaipeda, Lithuania",Lithuania,Klaipeda,Outside of Centre,1,50,377.56,1836.03,91801.5,4.9353,True
"Klaipeda, Lithuania",Lithuania,Klaipeda,City Centre,3,110,977.01,2627.59,289034.9,4.0563,True
"Klaipeda, Lithuania",Lithuania,Klaipeda,Outside of Centre,3,110,689.65,1836.03,201963.3,4.0977,True
"Montreal, Canada",Canada,Montreal,City Centre,1,50,1235.45,4905.33,245266.5,6.0446,True
"Montreal, Canada",Canada,Montreal,Outside of Centre,1,50,984.1,3687.14,184357.0,6.4056,True
"Montreal, Canada",Canada,Montreal,City Centre,3,110,2143.37,4905.33,539586.3,4.7667,True
"Montreal, Canada",Canada,Montreal,Outside of Centre,3,110,1620.16,3687.14,405585.4,4.7935,True
"Katowice, Poland",Poland,Katowice,City Centre,1,50,708.27,2963.45,148172.5,5.736,True
"Katowice, Poland",Poland,Katowice,Outside of Centre,1,50,525.23,1977.3,98865.0,6.3751,True
"Katowice, Poland",Poland,Katowice,City Centre,3,110,1023.93,2963.45,325979.5,3.7693,True
"Katowice, Poland",Poland,Katowice,Outside of Centre,3,110,851.09,1977.3,217503.0,4.6956,True
"Nottingham, United Kingdom",United Kingdom,Nottingham,City Centre,1,50,1193.36,4115.23,205761.5,6.9597,True
"Nottingham, United Kingdom",United Kingdom,Nottingham,Outside of Centre,1,50,974.02,4855.14,242757.0,4.8148,True
"Nottingham, United Kingdom",United Kingdom,Nottingham,City Centre,3,110,1960.35,4115.23,452675.3,5.1967,True
"Nottingham, United Kingdom",United Kingdom,Nottingham,Outside of Centre,3,110,1425.57,4855.14,534065.4,3.2031,True
"Bremen, Germany",Germany,Bremen,City Centre,1,50,895.4,5191.56,259578.0,4.1393,True
"Bremen, Germany",Germany,Bremen,Outside of Centre,1,50,635.47,4242.57,212128.5,3.5948,True
"Bremen, Germany",Germany,Bremen,City Centre,3,110,1644.2,5191.56,571071.6,3.455,True
"Bremen, Germany",Germany,Bremen,Outside of Centre,3,110,1208.03,4242.57,466682.7,3.1063,True
"Dallas, TX, United States",United States,"Dallas, TX",City Centre,1,50,1784.17,9410.0,470500.0,4.5505,True
"Dallas, TX, United States",United States,"Dallas, TX",Outside of Centre,1,50,1415.77,3181.49,159074.5,10.6801,True
"Dallas, TX, United States",United States,"Dallas, TX",City Centre,3,110,3769.0,9410.0,1035100.0,4.3694,True
"Dallas, TX, United States",United States,"Dallas, TX",Outside of Centre,3,110,2389.0,3181.49,349963.9,8.1917,True
"Strasbourg, France",France,Strasbourg,City Centre,1,50,1014.43,5386.95,269347.5,4.5195,True
"Strasbourg, France",France,Strasbourg,Outside of Centre,1,50,736.59,3079.4,153970.0,5.7408,True
"Strasbourg, France",France,Strasbourg,City Centre,3,110,1860.43,5386.95,592564.5,3.7675,True
"Strasbourg, France",France,Strasbourg,Outside of Centre,3,110,1171.78,3079.4,338734.0,4.1512,True
"Stuttgart, Germany",Germany,Stuttgart,City Centre,1,50,1276.85,6965.44,348272.0,4.3995,True
"Stuttgart, Germany",Germany,Stuttgart,Outside of Centre,1,50,837.63,4373.82,218691.0,4.5962,True
"Stuttgart, Germany",Germany,Stuttgart,City Centre,3,110,1934.32,6965.44,766198.4,3.0295,True
"Stuttgart, Germany",Germany,Stuttgart,Outside of Centre,3,110,1542.48,4373.82,481120.2,3.8472,True
"Utrecht, Netherlands",Netherlands,Utrecht,City Centre,1,50,1915.95,7184.6,359230.0,6.4002,True
"Utrecht, Netherlands",Netherlands,Utrecht,Outside of Centre,1,50,1515.49,4916.8,245840.0,7.3974,True
"Utrecht, Netherlands",Netherlands,Utrecht,City Centre,3,110,3283.33,7184.6,790306.0,4.9854,True
"Utrecht, Netherlands",Netherlands,Utrecht,Outside of Centre,3,110,2286.15,4916.8,540848.0,5.0724,True
"Villach, Austria",Austria,Villach,City Centre,1,50,833.33,4530.83,226541.5,4.4142,True
"Villach, Austria",Austria,Villach,Outside of Centre,1,50,738.37,3306.37,165318.5,5.3596,True
"Villach, Austria",Austria,Villach,City Centre,3,110,1266.07,4530.83,498391.3,3.0484,True
"Villach, Austria",Austria,Villach,Outside of Centre,3,110,1181.77,3306.37,363700.7,3.8992,True
"Modena, Italy",Italy,Modena,City Centre,1,50,862.7,3601.68,180084.0,5.7487,True
"Modena, Italy",Italy,Modena,Outside of Centre,1,50,673.95,2222.23,111111.5,7.2786,True
"Modena, Italy",Italy,Modena,City Centre,3,110,1726.98,3601.68,396184.8,5.2308,True
"Modena, Italy",Italy,Modena,Outside of Centre,3,110,1383.49,2222.23,244445.3,6.7917,True
"Gothenburg, Sweden",Sweden,Gothenburg,City Centre,1,50,1045.91,6277.67,313883.5,3.9986,True
"Gothenburg, Sweden",Sweden,Gothenburg,Outside of Centre,1,50,931.55,3504.75,175237.5,6.3791,True
"Gothenburg, Sweden",Sweden,Gothenburg,City Centre,3,110,1813.55,6277.67,690543.7,3.1515,True
"Gothenburg, Sweden",Sweden,Gothenburg,Outside of Centre,3,110,1409.16,3504.75,385522.5,4.3862,True
"Pune, India",India,Pune,City Centre,1,50,253.55,2192.77,109638.5,2.7751,True
"Pune, India",India,Pune,Outside of Centre,1,50,167.88,1000.89,50044.5,4.0255,True
"Pune, India",India,Pune,City Centre,3,110,649.24,2192.77,241204.7,3.23,True
"Pune, India",India,Pune,Outside of Centre,3,110,408.26,1000.89,110097.9,4.4498,True
"Bergen, Norway",Norway,Bergen,City Centre,1,50,1481.96,7779.32,388966.0,4.572,True
"Bergen, Norway",Norway,Bergen,Outside of Centre,1,50,1100.78,4865.34,243267.0,5.43,True
"Bergen, Norway",Norway,Bergen,City Centre,3,110,2347.51,7779.32,855725.2,3.292,True
"Bergen, Norway",Norway,Bergen,Outside of Centre,3,110,1717.41,4865.34,535187.4,3.8508,True
"Trondheim, Norway",Norway,Trondheim,City Centre,1,50,1475.77,6489.3,324465.0,5.458,True
"Trondheim, Norway",Norway,Trondheim,Outside of Centre,1,50,1196.91,5048.93,252446.5,5.6895,True
"Trondheim, Norway",Norway,Trondheim,City Centre,3,110,2215.63,6489.3,713823.0,3.7247,True
"Trondheim, Norway",Norway,Trondheim,Outside of Centre,3,110,1681.07,5048.93,555382.3,3.6322,True
"Abu Dhabi, United Arab Emirates",United Arab Emirates,Abu Dhabi,City Centre,1,50,1966.55,4964.68,248234.0,9.5066,True
"Abu Dhabi, United Arab Emirates",United Arab Emirates,Abu Dhabi,Outside of Centre,1,50,1380.3,2853.16,142658.0,11.6107,True
"Abu Dhabi, United Arab Emirates",United Arab Emirates,Abu Dhabi,City Centre,3,110,3941.11,4964.68,546114.8,8.66,True
"Abu Dhabi, United Arab Emirates",United Arab Emirates,Abu Dhabi,Outside of Centre,3,110,2736.84,2853.16,313847.6,10.4643,True
"Brussels, Belgium",Belgium,Brussels,City Centre,1,50,1380.87,5126.74,256337.0,6.4643,True
"Brussels, Belgium",Belgium,Brussels,Outside of Centre,1,50,1182.59,3939.59,196979.5,7.2043,True
"Brussels, Belgium",Belgium,Brussels,City Centre,3,110,2517.16,5126.74,563941.4,5.3562,True
"Brussels, Belgium",Belgium,Brussels,Outside of Centre,3,110,2053.41,3939.59,433354.9,5.6861,True
"Manchester, United Kingdom",United Kingdom,Manchester,City Centre,1,50,1802.87,4606.84,230342.0,9.3923,True
"Manchester, United Kingdom",United Kingdom,Manchester,Outside of Centre,1,50,1254.11,4433.92,221696.0,6.7883,True
"Manchester, United Kingdom",United Kingdom,Manchester,City Centre,3,110,3042.48,4606.84,506752.4,7.2047,True
"Manchester, United Kingdom",United Kingdom,Manchester,Outside of Centre,3,110,1986.4,4433.92,487731.2,4.8873,True
"Muscat, Oman",Oman,Muscat,City Centre,1,50,671.01,2840.65,142032.5,5.6692,True
"Muscat, Oman",Oman,Muscat,Outside of Centre,1,50,454.62,1621.31,81065.5,6.7297,True
"Muscat, Oman",Oman,Muscat,City Centre,3,110,1355.02,2840.65,312471.5,5.2038,True
"Muscat, Oman",Oman,Muscat,Outside of Centre,3,110,842.14,1621.31,178344.1,5.6664,True
"Ankara, Turkey",Turkey,Ankara,City Centre,1,50,737.63,1709.76,85488.0,10.3542,True
"Ankara, Turkey",Turkey,Ankara,Outside of Centre,1,50,546.23,1153.49,57674.5,11.3651,True
"Ankara, Turkey",Turkey,Ankara,City Centre,3,110,1157.46,1709.76,188073.6,7.3852,True
"Ankara, Turkey",Turkey,Ankara,Outside of Centre,3,110,873.08,1153.49,126883.9,8.2571,True
"Turku, Finland",Finland,Turku,City Centre,1,50,819.25,4304.61,215230.5,4.5677,True
"Turku, Finland",Finland,Turku,Outside of Centre,1,50,667.77,2854.52,142726.0,5.6144,True
"Turku, Finland",Finland,Turku,City Centre,3,110,1463.42,4304.61,473507.1,3.7087,True
"Turku, Finland",Finland,Turku,Outside of Centre,3,110,1162.36,2854.52,313997.2,4.4422,True
"Oakland, CA, United States",United States,"Oakland, CA",City Centre,1,50,2375.71,7890.25,394512.5,7.2263,True
"Oakland, CA, United States",United States,"Oakland, CA",Outside of Centre,1,50,2020.0,5835.88,291794.0,8.3072,True
"Oakland, CA, United States",United States,"Oakland, CA",City Centre,3,110,4312.0,7890.25,867927.5,5.9618,True
"Oakland, CA, United States",United States,"Oakland, CA",Outside of Centre,3,110,3800.0,5835.88,641946.8,7.1034,True
"The Hague (Den Haag), Netherlands",Netherlands,The Hague,City Centre,1,50,1669.89,6286.23,314311.5,6.3754,True
"The Hague (Den Haag), Netherlands",Netherlands,The Hague,Outside of Centre,1,50,1313.08,4570.99,228549.5,6.8943,True
"The Hague (Den Haag), Netherlands",Netherlands,The Hague,City Centre,3,110,2825.45,6286.23,691485.3,4.9033,True
"The Hague (Den Haag), Netherlands",Netherlands,The Hague,Outside of Centre,3,110,2322.02,4570.99,502808.9,5.5417,True
"Quebec City, Canada",Canada,Quebec City,City Centre,1,50,1002.84,5133.68,256684.0,4.6883,True
"Quebec City, Canada",Canada,Quebec City,Outside of Centre,1,50,772.18,2752.54,137627.0,6.7328,True
"Quebec City, Canada",Canada,Quebec City,City Centre,3,110,1542.94,5133.68,564704.8,3.2788,True
"Quebec City, Canada",Canada,Quebec City,Outside of Centre,3,110,1281.38,2752.54,302779.4,5.0785,True
"Lille, France",France,Lille,City Centre,1,50,937.42,4502.18,225109.0,4.9972,True
"Lille, France",France,Lille,Outside of Centre,1,50,733.69,3112.15,155607.5,5.658,True
"Lille, France",France,Lille,City Centre,3,110,1580.26,4502.18,495239.8,3.8291,True
"Lille, France",France,Lille,Outside of Centre,3,110,1171.49,3112.15,342336.5,4.1065,True
"Mannheim, Germany",Germany,Mannheim,City Centre,1,50,917.51,5709.49,285474.5,3.8568,True
"Mannheim, Germany",Germany,Mannheim,Outside of Centre,1,50,745.98,4042.0,202100.0,4.4294,True
"Mannheim, Germany",Germany,Mannheim,City Centre,3,110,1535.73,5709.49,628043.9,2.9343,True
"Mannheim, Germany",Germany,Mannheim,Outside of Centre,3,110,1362.94,4042.0,444620.0,3.6785,True
"Miami, FL, United States",United States,"Miami, FL",City Centre,1,50,2785.56,7146.75,357337.5,9.3544,True
"Miami, FL, United States",United States,"Miami, FL",Outside of Centre,1,50,2170.67,3640.93,182046.5,14.3085,True
"Miami, FL, United States",United States,"Miami, FL",City Centre,3,110,6060.83,7146.75,786142.5,9.2515,True
"Miami, FL, United States",United States,"Miami, FL",Outside of Centre,3,110,3969.17,3640.93,400502.3,11.8926,True
"Ahmedabad, India",India,Ahmedabad,City Centre,1,50,194.01,847.27,42363.5,5.4956,True
"Ahmedabad, India",India,Ahmedabad,Outside of Centre,1,50,117.35,548.06,27403.0,5.1389,True
"Ahmedabad, India",India,Ahmedabad,City Centre,3,110,447.54,847.27,93199.7,5.7623,True
"Ahmedabad, India",India,Ahmedabad,Outside of Centre,3,110,269.19,548.06,60286.6,5.3582,True
"Vigo, Spain",Spain,Vigo,City Centre,1,50,915.35,3081.14,154057.0,7.13,True
"Vigo, Spain",Spain,Vigo,Outside of Centre,1,50,694.6,1845.3,92265.0,9.034,True
"Vigo, Spain",Spain,Vigo,City Centre,3,110,1425.36,3081.14,338925.4,5.0466,True
"Vigo, Spain",Spain,Vigo,Outside of Centre,3,110,961.02,1845.3,202983.0,5.6814,True
"Bergamo, Italy",Italy,Bergamo,City Centre,1,50,744.05,3585.03,179251.5,4.981,True
"Bergamo, Italy",Italy,Bergamo,Outside of Centre,1,50,594.22,2576.3,128815.0,5.5356,True
"Bergamo, Italy",Italy,Bergamo,City Centre,3,110,1370.17,3585.03,394353.3,4.1694,True
"Bergamo, Italy",Italy,Bergamo,Outside of Centre,3,110,933.82,2576.3,283393.0,3.9542,True
"Oviedo, Spain",Spain,Oviedo,City Centre,1,50,952.27,2978.76,148938.0,7.6725,True
"Oviedo, Spain",Spain,Oviedo,Outside of Centre,1,50,693.5,1838.74,91937.0,9.0519,True
"Oviedo, Spain",Spain,Oviedo,City Centre,3,110,1537.63,2978.76,327663.6,5.6313,True
"Oviedo, Spain",Spain,Oviedo,Outside of Centre,3,110,1145.23,1838.74,202261.4,6.7946,True
"Dresden, Germany",Germany,Dresden,City Centre,1,50,779.4,5077.23,253861.5,3.6842,True
"Dresden, Germany",Germany,Dresden,Outside of Centre,1,50,505.59,2683.25,134162.5,4.5222,True
"Dresden, Germany",Germany,Dresden,City Centre,3,110,1616.8,5077.23,558495.3,3.4739,True
"Dresden, Germany",Germany,Dresden,Outside of Centre,3,110,1013.09,2683.25,295157.5,4.1188,True
"Antwerp, Belgium",Belgium,Antwerp,City Centre,1,50,1052.66,4517.65,225882.5,5.5923,True
"Antwerp, Belgium",Belgium,Antwerp,Outside of Centre,1,50,843.8,3120.15,156007.5,6.4905,True
"Antwerp, Belgium",Belgium,Antwerp,City Centre,3,110,1664.5,4517.65,496941.5,4.0194,True
"Antwerp, Belgium",Belgium,Antwerp,Outside of Centre,3,110,1370.17,3120.15,343216.5,4.7906,True
"Zaragoza (Saragossa), Spain",Spain,Zaragoza (Saragossa),City Centre,1,50,828.1,3229.03,161451.5,6.1549,True
"Zaragoza (Saragossa), Spain",Spain,Zaragoza (Saragossa),Outside of Centre,1,50,723.14,1959.82,97991.0,8.8556,True
"Zaragoza (Saragossa), Spain",Spain,Zaragoza (Saragossa),City Centre,3,110,1296.77,3229.03,355193.3,4.3811,True
"Zaragoza (Saragossa), Spain",Spain,Zaragoza (Saragossa),Outside of Centre,3,110,1037.14,1959.82,215580.2,5.7731,True
"Kitchener, Canada",Canada,Kitchener,City Centre,1,50,1343.75,3913.24,195662.0,8.2413,True
"Kitchener, Canada",Canada,Kitchener,Outside of Centre,1,50,1266.15,3508.7,175435.0,8.6606,True
"Kitchener, Canada",Canada,Kitchener,City Centre,3,110,1998.59,3913.24,430456.4,5.5715,True
"Kitchener, Canada",Canada,Kitchener,Outside of Centre,3,110,1727.47,3508.7,385957.0,5.371,True
"Fethiye, Turkey",Turkey,Fethiye,City Centre,1,50,734.58,2112.88,105644.0,8.344,True
"Fethiye, Turkey",Turkey,Fethiye,Outside of Centre,1,50,532.38,1309.19,65459.5,9.7596,True
"Fethiye, Turkey",Turkey,Fethiye,City Centre,3,110,1023.81,2112.88,232416.8,5.2861,True
"Fethiye, Turkey",Turkey,Fethiye,Outside of Centre,3,110,739.7,1309.19,144010.9,6.1637,True
"Cape Town, South Africa",South Africa,Cape Town,City Centre,1,50,1046.25,2422.46,121123.0,10.3655,True
"Cape Town, South Africa",South Africa,Cape Town,Outside of Centre,1,50,724.68,1548.65,77432.5,11.2306,True
"Cape Town, South Africa",South Africa,Cape Town,City Centre,3,110,1864.78,2422.46,266470.6,8.3977,True
"Cape Town, South Africa",South Africa,Cape Town,Outside of Centre,3,110,1366.27,1548.65,170351.5,9.6244,True
"Kiel, Germany",Germany,Kiel,City Centre,1,50,726.76,5351.96,267598.0,3.259,True
"Kiel, Germany",Germany,Kiel,Outside of Centre,1,50,648.97,2851.78,142589.0,5.4616,True
"Kiel, Germany",Germany,Kiel,City Centre,3,110,1510.99,5351.96,588715.6,3.0799,True
"Kiel, Germany",Germany,Kiel,Outside of Centre,3,110,1047.61,2851.78,313695.8,4.0075,True
"Vadodara, India",India,Vadodara,City Centre,1,50,145.54,761.25,38062.5,4.5885,True
"Vadodara, India",India,Vadodara,Outside of Centre,1,50,76.07,496.63,24831.5,3.6761,True
"Vadodara, India",India,Vadodara,City Centre,3,110,300.67,761.25,83737.5,4.3088,True
"Vadodara, India",India,Vadodara,Outside of Centre,3,110,205.59,496.63,54629.3,4.516,True
"Hanover, Germany",Germany,Hanover,City Centre,1,50,979.1,4272.37,213618.5,5.5001,True
"Hanover, Germany",Germany,Hanover,Outside of Centre,1,50,748.74,3273.84,163692.0,5.4889,True
"Hanover, Germany",Germany,Hanover,City Centre,3,110,1628.98,4272.37,469960.7,4.1594,True
"Hanover, Germany",Germany,Hanover,Outside of Centre,3,110,1272.4,3273.84,360122.4,4.2399,True
"London, Canada",Canada,London,City Centre,1,50,1273.89,3475.94,173797.0,8.7957,True
"London, Canada",Canada,London,Outside of Centre,1,50,1151.94,3628.73,181436.5,7.6188,True
"London, Canada",Canada,London,City Centre,3,110,2062.94,3475.94,382353.4,6.4745,True
"London, Canada",Canada,London,Outside of Centre,3,110,1691.08,3628.73,399160.3,5.0839,True
"Rotterdam, Netherlands",Netherlands,Rotterdam,City Centre,1,50,1914.43,6056.14,302807.0,7.5867,True
"Rotterdam, Netherlands",Netherlands,Rotterdam,Outside of Centre,1,50,1553.9,4053.67,202683.5,9.2,True
"Rotterdam, Netherlands",Netherlands,Rotterdam,City Centre,3,110,3184.37,6056.14,666175.4,5.7361,True
"Rotterdam, Netherlands",Netherlands,Rotterdam,Outside of Centre,3,110,2317.87,4053.67,445903.7,6.2378,True
"Boise, ID, United States",United States,"Boise, ID",City Centre,1,50,1615.3,7300.0,365000.0,5.3106,True
"Boise, ID, United States",United States,"Boise, ID",Outside of Centre,1,50,1281.33,3066.0,153300.0,10.03,True
"Boise, ID, United States",United States,"Boise, ID",City Centre,3,110,2441.11,7300.0,803000.0,3.648,True
"Boise, ID, United States",United States,"Boise, ID",Outside of Centre,3,110,1852.89,3066.0,337260.0,6.5927,True
"Ottawa, Canada",Canada,Ottawa,City Centre,1,50,1496.34,4347.48,217374.0,8.2605,True
"Ottawa, Canada",Canada,Ottawa,Outside of Centre,1,50,1235.4,4513.89,225694.5,6.5685,True
"Ottawa, Canada",Canada,Ottawa,City Centre,3,110,2271.12,4347.48,478222.8,5.6989,True
"Ottawa, Canada",Canada,Ottawa,Outside of Centre,3,110,1889.05,4513.89,496527.9,4.5654,True
"Reggio Nell'emilia, Italy",Italy,Reggio Nell'emilia,City Centre,1,50,700.91,2484.19,124209.5,6.7716,True
"Reggio Nell'emilia, Italy",Italy,Reggio Nell'emilia,Outside of Centre,1,50,586.7,2176.82,108841.0,6.4685,True
"Reggio Nell'emilia, Italy",Italy,Reggio Nell'emilia,City Centre,3,110,1071.4,2484.19,273260.9,4.705,True
"Reggio Nell'emilia, Italy",Italy,Reggio Nell'emilia,Outside of Centre,3,110,926.96,2176.82,239450.2,4.6454,True
"Riyadh, Saudi Arabia",Saudi Arabia,Riyadh,City Centre,1,50,1178.46,2963.24,148162.0,9.5446,True
"Riyadh, Saudi Arabia",Saudi Arabia,Riyadh,Outside of Centre,1,50,830.72,1934.8,96740.0,10.3046,True
"Riyadh, Saudi Arabia",Saudi Arabia,Riyadh,City Centre,3,110,2183.31,2963.24,325956.4,8.0378,True
"Riyadh, Saudi Arabia",Saudi Arabia,Riyadh,Outside of Centre,3,110,1233.25,1934.8,212828.0,6.9535,True
"Noida, India",India,Noida,City Centre,1,50,216.01,1479.39,73969.5,3.5043,True
"Noida, India",India,Noida,Outside of Centre,1,50,139.81,689.49,34474.5,4.8666,True
"Noida, India",India,Noida,City Centre,3,110,504.35,1479.39,162732.9,3.7191,True
"Noida, India",India,Noida,Outside of Centre,3,110,317.27,689.49,75843.9,5.0198,True
"Stara Zagora, Bulgaria",Bulgaria,Stara Zagora,City Centre,1,50,300.54,1487.83,74391.5,4.848,True
"Stara Zagora, Bulgaria",Bulgaria,Stara Zagora,Outside of Centre,1,50,257.7,1079.16,53958.0,5.7311,True
"Stara Zagora, Bulgaria",Bulgaria,Stara Zagora,City Centre,3,110,505.52,1487.83,163661.3,3.7066,True
"Stara Zagora, Bulgaria",Bulgaria,Stara Zagora,Outside of Centre,3,110,403.46,1079.16,118707.6,4.0785,True
"Kelowna, Canada",Canada,Kelowna,City Centre,1,50,1314.57,3918.15,195907.5,8.0522,True
"Kelowna, Canada",Canada,Kelowna,Outside of Centre,1,50,1183.47,3216.39,160819.5,8.8308,True
"Kelowna, Canada",Canada,Kelowna,City Centre,3,110,2260.08,3918.15,430996.5,6.2926,True
"Kelowna, Canada",Canada,Kelowna,Outside of Centre,3,110,1965.15,3216.39,353802.9,6.6652,True
"Leipzig, Germany",Germany,Leipzig,City Centre,1,50,797.4,5109.3,255465.0,3.7456,True
"Leipzig, Germany",Germany,Leipzig,Outside of Centre,1,50,597.55,2347.82,117391.0,6.1083,True
"Leipzig, Germany",Germany,Leipzig,City Centre,3,110,1848.59,5109.3,562023.0,3.947,True
"Leipzig, Germany",Germany,Leipzig,Outside of Centre,3,110,1207.43,2347.82,258260.2,5.6103,True
"Stavanger, Norway",Norway,Stavanger,City Centre,1,50,1690.74,6183.62,309181.0,6.5621,True
"Stavanger, Norway",Norway,Stavanger,Outside of Centre,1,50,1374.59,5356.72,267836.0,6.1586,True
"Stavanger, Norway",Norway,Stavanger,City Centre,3,110,2747.12,6183.62,680198.2,4.8464,True
"Stavanger, Norway",Norway,Stavanger,Outside of Centre,3,110,2041.54,5356.72,589239.2,4.1576,True
"Grenoble, France",France,Grenoble,City Centre,1,50,839.66,3943.75,197187.5,5.1098,True
"Grenoble, France",France,Grenoble,Outside of Centre,1,50,647.4,2570.7,128535.0,6.0441,True
"Grenoble, France",France,Grenoble,City Centre,3,110,1462.94,3943.75,433812.5,4.0467,True
"Grenoble, France",France,Grenoble,Outside of Centre,3,110,1039.37,2570.7,282777.0,4.4107,True
"Erlangen, Germany",Germany,Erlangen,City Centre,1,50,817.82,6298.64,314932.0,3.1162,True
"Erlangen, Germany",Germany,Erlangen,Outside of Centre,1,50,635.13,4053.41,202670.5,3.7606,True
"Erlangen, Germany",Germany,Erlangen,City Centre,3,110,1791.21,6298.64,692850.4,3.1023,True
"Erlangen, Germany",Germany,Erlangen,Outside of Centre,3,110,1387.3,4053.41,445875.1,3.7337,True
"Genoa, Italy",Italy,Genoa,City Centre,1,50,877.36,3671.2,183560.0,5.7356,True
"Genoa, Italy",Italy,Genoa,Outside of Centre,1,50,609.22,1170.71,58535.5,12.4892,True
"Genoa, Italy",Italy,Genoa,City Centre,3,110,1450.09,3671.2,403832.0,4.309,True
"Genoa, Italy",Italy,Genoa,Outside of Centre,3,110,944.27,1170.71,128778.1,8.799,True
"Malmo, Sweden",Sweden,Malmo,City Centre,1,50,1030.37,4091.8,204590.0,6.0435,True
"Malmo, Sweden",Sweden,Malmo,Outside of Centre,1,50,807.69,3208.62,160431.0,6.0414,True
"Malmo, Sweden",Sweden,Malmo,City Centre,3,110,1716.98,4091.8,450098.0,4.5776,True
"Malmo, Sweden",Sweden,Malmo,Outside of Centre,3,110,1363.08,3208.62,352948.2,4.6344,True
"Nanaimo, BC, Canada",Canada,"Nanaimo, BC",City Centre,1,50,1394.61,3819.71,190985.5,8.7626,True
"Nanaimo, BC, Canada",Canada,"Nanaimo, BC",Outside of Centre,1,50,1147.39,3437.74,171887.0,8.0103,True
"Nanaimo, BC, Canada",Canada,"Nanaimo, BC",City Centre,3,110,2106.7,3819.71,420168.1,6.0167,True
"Nanaimo, BC, Canada",Canada,"Nanaimo, BC",Outside of Centre,3,110,1747.34,3437.74,378151.4,5.5449,True
"Aachen, Germany",Germany,Aachen,City Centre,1,50,842.65,4574.07,228703.5,4.4214,True
"Aachen, Germany",Germany,Aachen,Outside of Centre,1,50,589.17,3571.15,178557.5,3.9595,True
"Aachen, Germany",Germany,Aachen,City Centre,3,110,1517.56,4574.07,503147.7,3.6194,True
"Aachen, Germany",Germany,Aachen,Outside of Centre,3,110,1062.14,3571.15,392826.5,3.2446,True
"Izmir, Turkey",Turkey,Izmir,City Centre,1,50,609.56,1501.14,75057.0,9.7456,True
"Izmir, Turkey",Turkey,Izmir,Outside of Centre,1,50,430.85,1028.51,51425.5,10.0538,True
"Izmir, Turkey",Turkey,Izmir,City Centre,3,110,1148.37,1501.14,165125.4,8.3454,True
"Izmir, Turkey",Turkey,Izmir,Outside of Centre,3,110,803.29,1028.51,113136.1,8.5203,True
"Nashville, TN, United States",United States,"Nashville, TN",City Centre,1,50,1932.44,7910.0,395500.0,5.8633,True
"Nashville, TN, United States",United States,"Nashville, TN",Outside of Centre,1,50,1398.22,2687.0,134350.0,12.4888,True
"Nashville, TN, United States",United States,"Nashville, TN",City Centre,3,110,4358.57,7910.0,870100.0,6.0111,True
"Nashville, TN, United States",United States,"Nashville, TN",Outside of Centre,3,110,2465.0,2687.0,295570.0,10.0078,True
"Leeds, United Kingdom",United Kingdom,Leeds,City Centre,1,50,1260.27,3763.23,188161.5,8.0374,True
"Leeds, United Kingdom",United Kingdom,Leeds,Outside of Centre,1,50,930.09,3509.7,175485.0,6.3601,True
"Leeds, United Kingdom",United Kingdom,Leeds,City Centre,3,110,2358.85,3763.23,413955.3,6.838,True
"Leeds, United Kingdom",United Kingdom,Leeds,Outside of Centre,3,110,1606.56,3509.7,386067.0,4.9936,True
"Halifax, Canada",Canada,Halifax,City Centre,1,50,1475.96,3232.04,161602.0,10.96,True
"Halifax, Canada",Canada,Halifax,Outside of Centre,1,50,1269.39,2807.3,140365.0,10.8522,True
"Halifax, Canada",Canada,Halifax,City Centre,3,110,2473.99,3232.04,355524.4,8.3504,True
"Halifax, Canada",Canada,Halifax,Outside of Centre,3,110,1956.33,2807.3,308803.0,7.6022,True
"Las Vegas, NV, United States",United States,"Las Vegas, NV",City Centre,1,50,1608.07,5208.26,260413.0,7.4101,True
"Las Vegas, NV, United States",United States,"Las Vegas, NV",Outside of Centre,1,50,1461.54,2780.98,139049.0,12.6132,True
"Las Vegas, NV, United States",United States,"Las Vegas, NV",City Centre,3,110,2472.8,5208.26,572908.6,5.1795,True
"Las Vegas, NV, United States",United States,"Las Vegas, NV",Outside of Centre,3,110,2301.92,2780.98,305907.8,9.0299,True
"Denver, CO, United States",United States,"Denver, CO",City Centre,1,50,2026.54,5653.09,282654.5,8.6036,True
"Denver, CO, United States",United States,"Denver, CO",Outside of Centre,1,50,1678.08,3745.54,187277.0,10.7525,True
"Denver, CO, United States",United States,"Denver, CO",City Centre,3,110,3232.0,5653.09,621839.9,6.237,True
"Denver, CO, United States",United States,"Denver, CO",Outside of Centre,3,110,2712.55,3745.54,412009.4,7.9005,True
"Birmingham, United Kingdom",United Kingdom,Birmingham,City Centre,1,50,1397.72,5413.82,270691.0,6.1962,True
"Birmingham, United Kingdom",United Kingdom,Birmingham,Outside of Centre,1,50,1106.04,4176.75,208837.5,6.3554,True
"Birmingham, United Kingdom",United Kingdom,Birmingham,City Centre,3,110,2254.65,5413.82,595520.2,4.5432,True
"Birmingham, United Kingdom",United Kingdom,Birmingham,Outside of Centre,3,110,1695.97,4176.75,459442.5,4.4296,True
"Calgary, Canada",Canada,Calgary,City Centre,1,50,1242.46,3527.82,176391.0,8.4525,True
"Calgary, Canada",Canada,Calgary,Outside of Centre,1,50,1020.23,3344.01,167200.5,7.3222,True
"Calgary, Canada",Canada,Calgary,City Centre,3,110,1923.36,3527.82,388060.2,5.9476,True
"Calgary, Canada",Canada,Calgary,Outside of Centre,3,110,1696.02,3344.01,367841.1,5.5329,True
"Glasgow, United Kingdom",United Kingdom,Glasgow,City Centre,1,50,1349.57,4091.24,204562.0,7.9168,True
"Glasgow, United Kingdom",United Kingdom,Glasgow,Outside of Centre,1,50,1042.99,3059.41,152970.5,8.1819,True
"Glasgow, United Kingdom",United Kingdom,Glasgow,City Centre,3,110,2703.89,4091.24,450036.4,7.2098,True
"Glasgow, United Kingdom",United Kingdom,Glasgow,Outside of Centre,3,110,1977.53,3059.41,336535.1,7.0514,True
"Jersey City, NJ, United States",United States,"Jersey City, NJ",City Centre,1,50,3546.0,7828.5,391425.0,10.871,True
"Jersey City, NJ, United States",United States,"Jersey City, NJ",Outside of Centre,1,50,2260.0,5509.5,275475.0,9.8448,True
"Jersey City, NJ, United States",United States,"Jersey City, NJ",City Centre,3,110,5613.33,7828.5,861135.0,7.8222,True
"Jersey City, NJ, United States",United States,"Jersey City, NJ",Outside of Centre,3,110,3240.0,5509.5,606045.0,6.4154,True
"Catania, Italy",Italy,Catania,City Centre,1,50,611.5,2317.84,115892.0,6.3318,True
"Catania, Italy",Italy,Catania,Outside of Centre,1,50,371.74,1552.86,77643.0,5.7454,True
"Catania, Italy",Italy,Catania,City Centre,3,110,1112.12,2317.84,254962.4,5.2343,True
"Catania, Italy",Italy,Catania,Outside of Centre,3,110,761.39,1552.86,170814.6,5.3489,True
"Fort Lauderdale, FL, United States",United States,"Fort Lauderdale, FL",City Centre,1,50,2536.0,5510.54,275527.0,11.045,True
"Fort Lauderdale, FL, United States",United States,"Fort Lauderdale, FL",Outside of Centre,1,50,2032.0,4169.2,208460.0,11.6972,True
"Fort Lauderdale, FL, United States",United States,"Fort Lauderdale, FL",City Centre,3,110,4723.38,5510.54,606159.4,9.3508,True
"Fort Lauderdale, FL, United States",United States,"Fort Lauderdale, FL",Outside of Centre,3,110,3490.12,4169.2,458612.0,9.1322,True
"Austin, TX, United States",United States,"Austin, TX",City Centre,1,50,1924.0,7325.91,366295.5,6.3031,True
"Austin, TX, United States",United States,"Austin, TX",Outside of Centre,1,50,1288.33,3201.18,160059.0,9.6589,True
"Austin, TX, United States",United States,"Austin, TX",City Centre,3,110,3703.33,7325.91,805850.1,5.5147,True
"Austin, TX, United States",United States,"Austin, TX",Outside of Centre,3,110,2601.43,3201.18,352129.8,8.8652,True
"Saskatoon, Canada",Canada,Saskatoon,City Centre,1,50,1018.85,2845.69,142284.5,8.5928,True
"Saskatoon, Canada",Canada,Saskatoon,Outside of Centre,1,50,894.96,2782.02,139101.0,7.7207,True
"Saskatoon, Canada",Canada,Saskatoon,City Centre,3,110,1736.17,2845.69,313025.9,6.6557,True
"Saskatoon, Canada",Canada,Saskatoon,Outside of Centre,3,110,1411.96,2782.02,306022.2,5.5367,True
"Cork, Ireland",Ireland,Cork,City Centre,1,50,2203.69,4972.57,248628.5,10.6361,True
"Cork, Ireland",Ireland,Cork,Outside of Centre,1,50,1847.06,3153.24,157662.0,14.0584,True
"Cork, Ireland",Ireland,Cork,City Centre,3,110,3327.68,4972.57,546982.7,7.3004,True
"Cork, Ireland",Ireland,Cork,Outside of Centre,3,110,2856.42,3153.24,346856.4,9.8822,True
"Belfast, United Kingdom",United Kingdom,Belfast,City Centre,1,50,1168.69,4153.61,207680.5,6.7528,True
"Belfast, United Kingdom",United Kingdom,Belfast,Outside of Centre,1,50,921.07,2527.34,126367.0,8.7466,True
"Belfast, United Kingdom",United Kingdom,Belfast,City Centre,3,110,1933.19,4153.61,456897.1,5.0774,True
"Belfast, United Kingdom",United Kingdom,Belfast,Outside of Centre,3,110,1387.82,2527.34,278007.4,5.9904,True
"Udine, Italy",Italy,Udine,City Centre,1,50,718.77,2333.49,116674.5,7.3926,True
"Udine, Italy",Italy,Udine,Outside of Centre,1,50,582.48,1624.18,81209.0,8.6071,True
"Udine, Italy",Italy,Udine,City Centre,3,110,1284.53,2333.49,256683.9,6.0052,True
"Udine, Italy",Italy,Udine,Outside of Centre,3,110,952.46,1624.18,178659.8,6.3974,True
"Seattle, WA, United States",United States,"Seattle, WA",City Centre,1,50,2454.06,7453.96,372698.0,7.9015,True
"Seattle, WA, United States",United States,"Seattle, WA",Outside of Centre,1,50,1955.8,5036.35,251817.5,9.3201,True
"Seattle, WA, United States",United States,"Seattle, WA",City Centre,3,110,4800.0,7453.96,819935.6,7.0249,True
"Seattle, WA, United States",United States,"Seattle, WA",Outside of Centre,3,110,3573.53,5036.35,553998.5,7.7405,True
"Doha, Qatar",Qatar,Doha,City Centre,1,50,1960.32,4108.91,205445.5,11.4502,True
"Doha, Qatar",Qatar,Doha,Outside of Centre,1,50,1206.19,2421.41,121070.5,11.9552,True
"Doha, Qatar",Qatar,Doha,City Centre,3,110,3464.98,4108.91,451980.1,9.1995,True
"Doha, Qatar",Qatar,Doha,Outside of Centre,3,110,2322.17,2421.41,266355.1,10.462,True
"Liverpool, United Kingdom",United Kingdom,Liverpool,City Centre,1,50,1184.26,3790.71,189535.5,7.4979,True
"Liverpool, United Kingdom",United Kingdom,Liverpool,Outside of Centre,1,50,832.54,2608.62,130431.0,7.6596,True
"Liverpool, United Kingdom",United Kingdom,Liverpool,City Centre,3,110,2108.33,3790.71,416978.1,6.0675,True
"Liverpool, United Kingdom",United Kingdom,Liverpool,Outside of Centre,3,110,1264.26,2608.62,286948.2,5.2871,True
"Knoxville, TN, United States",United States,"Knoxville, TN",City Centre,1,50,1788.75,4743.9,237195.0,9.0495,True
"Knoxville, TN, United States",United States,"Knoxville, TN",Outside of Centre,1,50,1267.5,2222.85,111142.5,13.6851,True
"Knoxville, TN, United States",United States,"Knoxville, TN",City Centre,3,110,2915.71,4743.9,521829.0,6.705,True
"Knoxville, TN, United States",United States,"Knoxville, TN",Outside of Centre,3,110,2152.62,2222.85,244513.5,10.5644,True
"Manama, Bahrain",Bahrain,Manama,City Centre,1,50,993.8,2617.57,130878.5,9.112,True
"Manama, Bahrain",Bahrain,Manama,Outside of Centre,1,50,645.62,1959.87,97993.5,7.9061,True
"Manama, Bahrain",Bahrain,Manama,City Centre,3,110,2059.97,2617.57,287932.7,8.5852,True
"Manama, Bahrain",Bahrain,Manama,Outside of Centre,3,110,1378.77,1959.87,215585.7,7.6746,True
"Tarragona, Spain",Spain,Tarragona,City Centre,1,50,930.41,2756.65,137832.5,8.1004,True
"Tarragona, Spain",Spain,Tarragona,Outside of Centre,1,50,802.69,1328.3,66415.0,14.5032,True
"Tarragona, Spain",Spain,Tarragona,City Centre,3,110,1268.83,2756.65,303231.5,5.0212,True
"Tarragona, Spain",Spain,Tarragona,Outside of Centre,3,110,1206.89,1328.3,146113.0,9.912,True
"Saarbrucken, Germany",Germany,Saarbrucken,City Centre,1,50,629.71,3273.69,163684.5,4.6165,True
"Saarbrucken, Germany",Germany,Saarbrucken,Outside of Centre,1,50,523.33,2292.47,114623.5,5.4788,True
"Saarbrucken, Germany",Germany,Saarbrucken,City Centre,3,110,1176.63,3273.69,360105.9,3.9209,True
"Saarbrucken, Germany",Germany,Saarbrucken,Outside of Centre,3,110,960.64,2292.47,252171.7,4.5714,True
"Phoenix, AZ, United States",United States,"Phoenix, AZ",City Centre,1,50,1764.38,4708.6,235430.0,8.9931,True
"Phoenix, AZ, United States",United States,"Phoenix, AZ",Outside of Centre,1,50,1435.0,3110.8,155540.0,11.0711,True
"Phoenix, AZ, United States",United States,"Phoenix, AZ",City Centre,3,110,3259.09,4708.6,517946.0,7.5508,True
"Phoenix, AZ, United States",United States,"Phoenix, AZ",Outside of Centre,3,110,2204.15,3110.8,342188.0,7.7296,True
"Winnipeg, Canada",Canada,Winnipeg,City Centre,1,50,963.0,2354.36,117718.0,9.8167,True
"Winnipeg, Canada",Canada,Winnipeg,Outside of Centre,1,50,974.12,2428.17,121408.5,9.6282,True
"Winnipeg, Canada",Canada,Winnipeg,City Centre,3,110,1635.21,2354.36,258979.6,7.5769,True
"Winnipeg, Canada",Canada,Winnipeg,Outside of Centre,3,110,1581.11,2428.17,267098.7,7.1035,True
"Washington, DC, United States",United States,"Washington, DC",City Centre,1,50,2688.12,8393.91,419695.5,7.6859,True
"Washington, DC, United States",United States,"Washington, DC",Outside of Centre,1,50,2196.36,3618.93,180946.5,14.5658,True
"Washington, DC, United States",United States,"Washington, DC",City Centre,3,110,5286.15,8393.91,923330.1,6.8701,True
"Washington, DC, United States",United States,"Washington, DC",Outside of Centre,3,110,4446.0,3618.93,398082.3,13.4023,True
"Sacramento, CA, United States",United States,"Sacramento, CA",City Centre,1,50,2097.78,4765.52,238276.0,10.5648,True
"Sacramento, CA, United States",United States,"Sacramento, CA",Outside of Centre,1,50,1559.09,3487.26,174363.0,10.73,True
"Sacramento, CA, United States",United States,"Sacramento, CA",City Centre,3,110,3289.58,4765.52,524207.2,7.5304,True
"Sacramento, CA, United States",United States,"Sacramento, CA",Outside of Centre,3,110,2570.0,3487.26,383598.6,8.0397,True
"Hyderabad, India",India,Hyderabad,City Centre,1,50,235.58,1368.79,68439.5,4.1306,True
"Hyderabad, India",India,Hyderabad,Outside of Centre,1,50,133.79,755.81,37790.5,4.2484,True
"Hyderabad, India",India,Hyderabad,City Centre,3,110,621.15,1368.79,150566.9,4.9505,True
"Hyderabad, India",India,Hyderabad,Outside of Centre,3,110,328.92,755.81,83139.1,4.7475,True
"Charleston, SC, United States",United States,"Charleston, SC",City Centre,1,50,2324.88,5571.58,278579.0,10.0146,True
"Charleston, SC, United States",United States,"Charleston, SC",Outside of Centre,1,50,1708.67,3040.19,152009.5,13.4887,True
"Charleston, SC, United States",United States,"Charleston, SC",City Centre,3,110,3552.5,5571.58,612873.8,6.9558,True
"Charleston, SC, United States",United States,"Charleston, SC",Outside of Centre,3,110,2623.33,3040.19,334420.9,9.4133,True
"Moncton, Canada",Canada,Moncton,City Centre,1,50,1031.76,2207.79,110389.5,11.2158,True
"Moncton, Canada",Canada,Moncton,Outside of Centre,1,50,804.36,2087.47,104373.5,9.2479,True
"Moncton, Canada",Canada,Moncton,City Centre,3,110,1618.77,2207.79,242856.9,7.9986,True
"Moncton, Canada",Canada,Moncton,Outside of Centre,3,110,1330.14,2087.47,229621.7,6.9513,True
"Jeddah (Jiddah), Saudi Arabia",Saudi Arabia,Jeddah (Jiddah),City Centre,1,50,765.92,1742.5,87125.0,10.5493,True
"Jeddah (Jiddah), Saudi Arabia",Saudi Arabia,Jeddah (Jiddah),Outside of Centre,1,50,530.18,1147.24,57362.0,11.0912,True
"Jeddah (Jiddah), Saudi Arabia",Saudi Arabia,Jeddah (Jiddah),City Centre,3,110,1353.47,1742.5,191675.0,8.4735,True
"Jeddah (Jiddah), Saudi Arabia",Saudi Arabia,Jeddah (Jiddah),Outside of Centre,3,110,846.21,1147.24,126196.4,8.0466,True
"Odense, Denmark",Denmark,Odense,City Centre,1,50,1004.19,4502.29,225114.5,5.353,True
"Odense, Denmark",Denmark,Odense,Outside of Centre,1,50,727.52,2245.65,112282.5,7.7752,True
"Odense, Denmark",Denmark,Odense,City Centre,3,110,1571.54,4502.29,495251.9,3.8079,True
"Odense, Denmark",Denmark,Odense,Outside of Centre,3,110,1255.54,2245.65,247021.5,6.0993,True
"Ann Arbor, MI, United States",United States,"Ann Arbor, MI",City Centre,1,50,2055.33,5526.9,276345.0,8.9251,True
"Ann Arbor, MI, United States",United States,"Ann Arbor, MI",Outside of Centre,1,50,1388.12,2565.78,128289.0,12.9843,True
"Ann Arbor, MI, United States",United States,"Ann Arbor, MI",City Centre,3,110,3867.5,5526.9,607959.0,7.6337,True
"Ann Arbor, MI, United States",United States,"Ann Arbor, MI",Outside of Centre,3,110,2697.5,2565.78,282235.8,11.4691,True
"Arlington, VA, United States",United States,"Arlington, VA",City Centre,1,50,2457.78,6257.41,312870.5,9.4267,True
"Arlington, VA, United States",United States,"Arlington, VA",Outside of Centre,1,50,1994.29,4948.48,247424.0,9.6723,True
"Arlington, VA, United States",United States,"Arlington, VA",City Centre,3,110,4860.0,6257.41,688315.1,8.4729,True
"Arlington, VA, United States",United States,"Arlington, VA",Outside of Centre,3,110,3626.67,4948.48,544332.8,7.9951,True
"Salt Lake City, UT, United States",United States,"Salt Lake City, UT",City Centre,1,50,1640.9,4159.58,207979.0,9.4677,True
"Salt Lake City, UT, United States",United States,"Salt Lake City, UT",Outside of Centre,1,50,1372.73,2918.2,145910.0,11.2897,True
"Salt Lake City, UT, United States",United States,"Salt Lake City, UT",City Centre,3,110,2878.0,4159.58,457553.8,7.548,True
"Salt Lake City, UT, United States",United States,"Salt Lake City, UT",Outside of Centre,3,110,2137.78,2918.2,321002.0,7.9917,True
"New Orleans, LA, United States",United States,"New Orleans, LA",City Centre,1,50,1852.5,5200.75,260037.5,8.5488,True
"New Orleans, LA, United States",United States,"New Orleans, LA",Outside of Centre,1,50,1197.78,1379.0,68950.0,20.8461,True
"New Orleans, LA, United States",United States,"New Orleans, LA",City Centre,3,110,3053.33,5200.75,572082.5,6.4047,True
"New Orleans, LA, United States",United States,"New Orleans, LA",Outside of Centre,3,110,2027.62,1379.0,151690.0,16.0402,True
"Reno, NV, United States",United States,"Reno, NV",City Centre,1,50,1928.33,3336.0,166800.0,13.8729,True
"Reno, NV, United States",United States,"Reno, NV",Outside of Centre,1,50,1390.8,3601.12,180056.0,9.2691,True
"Reno, NV, United States",United States,"Reno, NV",City Centre,3,110,3096.0,3336.0,366960.0,10.1243,True
"Reno, NV, United States",United States,"Reno, NV",Outside of Centre,3,110,2163.0,3601.12,396123.2,6.5525,True
"Madison, WI, United States",United States,"Madison, WI",City Centre,1,50,1771.88,4450.0,222500.0,9.5562,True
"Madison, WI, United States",United States,"Madison, WI",Outside of Centre,1,50,1521.43,2513.5,125675.0,14.5273,True
"Madison, WI, United States",United States,"Madison, WI",City Centre,3,110,3208.0,4450.0,489500.0,7.8644,True
"Madison, WI, United States",United States,"Madison, WI",Outside of Centre,3,110,2578.89,2513.5,276485.0,11.1929,True
"Aberdeen, United Kingdom",United Kingdom,Aberdeen,City Centre,1,50,831.96,2287.9,114395.0,8.7272,True
"Aberdeen, United Kingdom",United Kingdom,Aberdeen,Outside of Centre,1,50,785.87,3445.16,172258.0,5.4746,True
"Aberdeen, United Kingdom",United Kingdom,Aberdeen,City Centre,3,110,1547.84,2287.9,251669.0,7.3804,True
"Aberdeen, United Kingdom",United Kingdom,Aberdeen,Outside of Centre,3,110,1654.74,3445.16,378967.6,5.2397,True
"Regina, Canada",Canada,Regina,City Centre,1,50,1050.75,2130.44,106522.0,11.837,True
"Regina, Canada",Canada,Regina,Outside of Centre,1,50,830.38,2084.61,104230.5,9.5601,True
"Regina, Canada",Canada,Regina,City Centre,3,110,1767.22,2130.44,234348.4,9.0492,True
"Regina, Canada",Canada,Regina,Outside of Centre,3,110,1533.01,2084.61,229307.1,8.0225,True
"Portland, OR, United States",United States,"Portland, OR",City Centre,1,50,2036.19,3896.4,194820.0,12.542,True
"Portland, OR, United States",United States,"Portland, OR",Outside of Centre,1,50,1585.64,3372.32,168616.0,11.2846,True
"Portland, OR, United States",United States,"Portland, OR",City Centre,3,110,3476.08,3896.4,428604.0,9.7323,True
"Portland, OR, United States",United States,"Portland, OR",Outside of Centre,3,110,2738.38,3372.32,370955.2,8.8584,True
"Tampa, FL, United States",United States,"Tampa, FL",City Centre,1,50,2322.73,5435.16,271758.0,10.2565,True
"Tampa, FL, United States",United States,"Tampa, FL",Outside of Centre,1,50,1675.0,2180.37,109018.5,18.4372,True
"Tampa, FL, United States",United States,"Tampa, FL",City Centre,3,110,3929.11,5435.16,597867.6,7.8862,True
"Tampa, FL, United States",United States,"Tampa, FL",Outside of Centre,3,110,2944.44,2180.37,239840.7,14.732,True
"Charlotte, NC, United States",United States,"Charlotte, NC",City Centre,1,50,1898.22,4270.0,213500.0,10.6692,True
"Charlotte, NC, United States",United States,"Charlotte, NC",Outside of Centre,1,50,1371.75,2445.11,122255.5,13.4644,True
"Charlotte, NC, United States",United States,"Charlotte, NC",City Centre,3,110,3446.0,4270.0,469700.0,8.8039,True
"Charlotte, NC, United States",United States,"Charlotte, NC",Outside of Centre,3,110,2326.55,2445.11,268962.1,10.3801,True
"Detroit, MI, United States",United States,"Detroit, MI",City Centre,1,50,1520.0,4030.0,201500.0,9.0521,True
"Detroit, MI, United States",United States,"Detroit, MI",Outside of Centre,1,50,922.33,1284.11,64205.5,17.2383,True
"Detroit, MI, United States",United States,"Detroit, MI",City Centre,3,110,2833.33,4030.0,443300.0,7.6697,True
"Detroit, MI, United States",United States,"Detroit, MI",Outside of Centre,3,110,1701.56,1284.11,141252.1,14.4555,True
"Birmingham, AL, United States",United States,"Birmingham, AL",City Centre,1,50,1706.33,2975.88,148794.0,13.7613,True
"Birmingham, AL, United States",United States,"Birmingham, AL",Outside of Centre,1,50,1224.5,1873.56,93678.0,15.6856,True
"Birmingham, AL, United States",United States,"Birmingham, AL",City Centre,3,110,2971.67,2975.88,327346.8,10.8937,True
"Birmingham, AL, United States",United States,"Birmingham, AL",Outside of Centre,3,110,2121.5,1873.56,206091.6,12.3528,True
"San Antonio, TX, United States",United States,"San Antonio, TX",City Centre,1,50,1514.17,4450.93,222546.5,8.1646,True
"San Antonio, TX, United States",United States,"San Antonio, TX",Outside of Centre,1,50,1062.45,1824.8,91240.0,13.9735,True
"San Antonio, TX, United States",United States,"San Antonio, TX",City Centre,3,110,2908.89,4450.93,489602.3,7.1296,True
"San Antonio, TX, United States",United States,"San Antonio, TX",Outside of Centre,3,110,1982.0,1824.8,200728.0,11.8489,True
"Anchorage, AK, United States",United States,"Anchorage, AK",City Centre,1,50,1760.0,4020.73,201036.5,10.5056,True
"Anchorage, AK, United States",United States,"Anchorage, AK",Outside of Centre,1,50,1383.57,2816.0,140800.0,11.7918,True
"Anchorage, AK, United States",United States,"Anchorage, AK",City Centre,3,110,2856.67,4020.73,442280.3,7.7507,True
"Anchorage, AK, United States",United States,"Anchorage, AK",Outside of Centre,3,110,2441.67,2816.0,309760.0,9.4589,True
"Tucson, AZ, United States",United States,"Tucson, AZ",City Centre,1,50,1401.85,3402.17,170108.5,9.8891,True
"Tucson, AZ, United States",United States,"Tucson, AZ",Outside of Centre,1,50,1087.6,2541.33,127066.5,10.2712,True
"Tucson, AZ, United States",United States,"Tucson, AZ",City Centre,3,110,2189.22,3402.17,374238.7,7.0198,True
"Tucson, AZ, United States",United States,"Tucson, AZ",Outside of Centre,3,110,1680.25,2541.33,279546.3,7.2128,True
"Raleigh, NC, United States",United States,"Raleigh, NC",City Centre,1,50,1728.0,3904.71,195235.5,10.621,True
"Raleigh, NC, United States",United States,"Raleigh, NC",Outside of Centre,1,50,1281.2,2186.78,109339.0,14.0612,True
"Raleigh, NC, United States",United States,"Raleigh, NC",City Centre,3,110,3082.5,3904.71,429518.1,8.612,True
"Raleigh, NC, United States",United States,"Raleigh, NC",Outside of Centre,3,110,2012.0,2186.78,240545.8,10.0372,True
"Columbus, OH, United States",United States,"Columbus, OH",City Centre,1,50,1538.78,3440.0,172000.0,10.7357,True
"Columbus, OH, United States",United States,"Columbus, OH",Outside of Centre,1,50,1102.89,1775.5,88775.0,14.9081,True
"Columbus, OH, United States",United States,"Columbus, OH",City Centre,3,110,2353.75,3440.0,378400.0,7.4643,True
"Columbus, OH, United States",United States,"Columbus, OH",Outside of Centre,3,110,1853.33,1775.5,195305.0,11.3873,True
"Chicago, IL, United States",United States,"Chicago, IL",City Centre,1,50,2400.0,4094.16,204708.0,14.0688,True
"Chicago, IL, United States",United States,"Chicago, IL",Outside of Centre,1,50,1679.31,2696.73,134836.5,14.9453,True
"Chicago, IL, United States",United States,"Chicago, IL",City Centre,3,110,4609.38,4094.16,450357.6,12.2819,True
"Chicago, IL, United States",United States,"Chicago, IL",Outside of Centre,3,110,2762.2,2696.73,296640.3,11.1739,True
"Minneapolis, MN, United States",United States,"Minneapolis, MN",City Centre,1,50,1778.29,3395.59,169779.5,12.5689,True
"Minneapolis, MN, United States",United States,"Minneapolis, MN",Outside of Centre,1,50,1284.29,2174.56,108728.0,14.1743,True
"Minneapolis, MN, United States",United States,"Minneapolis, MN",City Centre,3,110,2808.9,3395.59,373514.9,9.0242,True
"Minneapolis, MN, United States",United States,"Minneapolis, MN",Outside of Centre,3,110,2143.44,2174.56,239201.6,10.753,True
"Spokane, WA, United States",United States,"Spokane, WA",City Centre,1,50,1628.33,3391.25,169562.5,11.5238,True
"Spokane, WA, United States",United States,"Spokane, WA",Outside of Centre,1,50,1290.0,2296.25,114812.5,13.4829,True
"Spokane, WA, United States",United States,"Spokane, WA",City Centre,3,110,2658.33,3391.25,373037.5,8.5514,True
"Spokane, WA, United States",United States,"Spokane, WA",Outside of Centre,3,110,2116.67,2296.25,252587.5,10.0559,True
"Cincinnati, OH, United States",United States,"Cincinnati, OH",City Centre,1,50,1612.67,3447.56,172378.0,11.2265,True
"Cincinnati, OH, United States",United States,"Cincinnati, OH",Outside of Centre,1,50,1064.89,2103.33,105166.5,12.1509,True
"Cincinnati, OH, United States",United States,"Cincinnati, OH",City Centre,3,110,3160.0,3447.56,379231.6,9.9992,True
"Cincinnati, OH, United States",United States,"Cincinnati, OH",Outside of Centre,3,110,1845.78,2103.33,231366.3,9.5733,True
"Buffalo, NY, United States",United States,"Buffalo, NY",City Centre,1,50,1685.62,3065.0,153250.0,13.199,True
"Buffalo, NY, United States",United States,"Buffalo, NY",Outside of Centre,1,50,1102.22,1727.28,86364.0,15.315,True
"Buffalo, NY, United States",United States,"Buffalo, NY",City Centre,3,110,2346.25,3065.0,337150.0,8.3509,True
"Buffalo, NY, United States",United States,"Buffalo, NY",Outside of Centre,3,110,1610.0,1727.28,190000.8,10.1684,True
"Fort Worth, TX, United States",United States,"Fort Worth, TX",City Centre,1,50,1655.0,4109.17,205458.5,9.6662,True
"Fort Worth, TX, United States",United States,"Fort Worth, TX",Outside of Centre,1,50,1313.43,1825.62,91281.0,17.2666,True
"Fort Worth, TX, United States",United States,"Fort Worth, TX",City Centre,3,110,2767.14,4109.17,452008.7,7.3462,True
"Fort Worth, TX, United States",United States,"Fort Worth, TX",Outside of Centre,3,110,2217.5,1825.62,200818.2,13.2508,True
"Philadelphia, PA, United States",United States,"Philadelphia, PA",City Centre,1,50,1971.19,4085.78,204289.0,11.5788,True
"Philadelphia, PA, United States",United States,"Philadelphia, PA",Outside of Centre,1,50,1354.15,1880.67,94033.5,17.2809,True
"Philadelphia, PA, United States",United States,"Philadelphia, PA",City Centre,3,110,4102.73,4085.78,449435.8,10.9543,True
"Philadelphia, PA, United States",United States,"Philadelphia, PA",Outside of Centre,3,110,2208.89,1880.67,206873.7,12.813,True
"Orlando, FL, United States",United States,"Orlando, FL",City Centre,1,50,1961.86,3087.39,154369.5,15.2506,True
"Orlando, FL, United States",United States,"Orlando, FL",Outside of Centre,1,50,1575.71,2770.87,138543.5,13.6481,True
"Orlando, FL, United States",United States,"Orlando, FL",City Centre,3,110,3164.44,3087.39,339612.9,11.1813,True
"Orlando, FL, United States",United States,"Orlando, FL",Outside of Centre,3,110,2605.45,2770.87,304795.7,10.2578,True
"Atlanta, GA, United States",United States,"Atlanta, GA",City Centre,1,50,2053.64,3893.59,194679.5,12.6586,True
"Atlanta, GA, United States",United States,"Atlanta, GA",Outside of Centre,1,50,1506.5,2624.64,131232.0,13.7756,True
"Atlanta, GA, United States",United States,"Atlanta, GA",City Centre,3,110,3499.5,3893.59,428294.9,9.8049,True
"Atlanta, GA, United States",United States,"Atlanta, GA",Outside of Centre,3,110,2170.45,2624.64,288710.4,9.0213,True
"Richmond, VA, United States",United States,"Richmond, VA",City Centre,1,50,1684.75,3163.98,158199.0,12.7795,True
"Richmond, VA, United States",United States,"Richmond, VA",Outside of Centre,1,50,1500.0,2404.89,120244.5,14.9695,True
"Richmond, VA, United States",United States,"Richmond, VA",City Centre,3,110,2534.5,3163.98,348037.8,8.7387,True
"Richmond, VA, United States",United States,"Richmond, VA",Outside of Centre,3,110,2505.0,2404.89,264537.9,11.3632,True
"Olympia, WA, United States",United States,"Olympia, WA",City Centre,1,50,1713.0,3194.63,159731.5,12.8691,True
"Olympia, WA, United States",United States,"Olympia, WA",Outside of Centre,1,50,1605.0,3028.19,151409.5,12.7205,True
"Olympia, WA, United States",United States,"Olympia, WA",City Centre,3,110,3178.0,3194.63,351409.3,10.8523,True
"Olympia, WA, United States",United States,"Olympia, WA",Outside of Centre,3,110,2382.0,3028.19,333100.9,8.5812,True
"Gainesville, FL, United States",United States,"Gainesville, FL",City Centre,1,50,1664.83,2406.78,120339.0,16.6014,True
"Gainesville, FL, United States",United States,"Gainesville, FL",Outside of Centre,1,50,1298.67,2225.96,111298.0,14.0021,True
"Gainesville, FL, United States",United States,"Gainesville, FL",City Centre,3,110,2776.67,2406.78,264745.8,12.5857,True
"Gainesville, FL, United States",United States,"Gainesville, FL",Outside of Centre,3,110,2248.33,2225.96,244855.6,11.0187,True
"Pittsburgh, PA, United States",United States,"Pittsburgh, PA",City Centre,1,50,1570.0,3169.77,158488.5,11.8873,True
"Pittsburgh, PA, United States",United States,"Pittsburgh, PA",Outside of Centre,1,50,1126.2,2032.16,101608.0,13.3005,True
"Pittsburgh, PA, United States",United States,"Pittsburgh, PA",City Centre,3,110,2481.25,3169.77,348674.7,8.5395,True
"Pittsburgh, PA, United States",United States,"Pittsburgh, PA",Outside of Centre,3,110,1753.83,2032.16,223537.6,9.415,True
"Albuquerque, NM, United States",United States,"Albuquerque, NM",City Centre,1,50,1167.38,2495.21,124760.5,11.2284,True
"Albuquerque, NM, United States",United States,"Albuquerque, NM",Outside of Centre,1,50,1117.78,2240.94,112047.0,11.9712,True
"Albuquerque, NM, United States",United States,"Albuquerque, NM",City Centre,3,110,2300.0,2495.21,274473.1,10.0556,True
"Albuquerque, NM, United States",United States,"Albuquerque, NM",Outside of Centre,3,110,1976.25,2240.94,246503.4,9.6206,True
"Edmonton, Canada",Canada,Edmonton,City Centre,1,50,1092.45,2249.12,112456.0,11.6574,True
"Edmonton, Canada",Canada,Edmonton,Outside of Centre,1,50,912.1,2070.28,103514.0,10.5736,True
"Edmonton, Canada",Canada,Edmonton,City Centre,3,110,1732.52,2249.12,247403.2,8.4034,True
"Edmonton, Canada",Canada,Edmonton,Outside of Centre,3,110,1432.46,2070.28,227730.8,7.5482,True
"Durban, South Africa",South Africa,Durban,City Centre,1,50,477.99,908.11,45405.5,12.6326,True
"Durban, South Africa",South Africa,Durban,Outside of Centre,1,50,377.88,593.2,29660.0,15.2885,True
"Durban, South Africa",South Africa,Durban,City Centre,3,110,826.74,908.11,99892.1,9.9316,True
"Durban, South Africa",South Africa,Durban,Outside of Centre,3,110,783.29,593.2,65252.0,14.4049,True
"Kansas City, MO, United States",United States,"Kansas City, MO",City Centre,1,50,1395.0,2586.89,129344.5,12.9422,True
"Kansas City, MO, United States",United States,"Kansas City, MO",Outside of Centre,1,50,1056.67,1923.33,96166.5,13.1855,True
"Kansas City, MO, United States",United States,"Kansas City, MO",City Centre,3,110,2698.75,2586.89,284557.9,11.3808,True
"Kansas City, MO, United States",United States,"Kansas City, MO",Outside of Centre,3,110,1728.0,1923.33,211566.3,9.8012,True
"Jacksonville, FL, United States",United States,"Jacksonville, FL",City Centre,1,50,1626.67,2408.22,120411.0,16.2112,True
"Jacksonville, FL, United States",United States,"Jacksonville, FL",Outside of Centre,1,50,1100.56,2107.41,105370.5,12.5336,True
"Jacksonville, FL, United States",United States,"Jacksonville, FL",City Centre,3,110,2598.5,2408.22,264904.2,11.771,True
"Jacksonville, FL, United States",United States,"Jacksonville, FL",Outside of Centre,3,110,2005.0,2107.41,231815.1,10.379,True
"Pretoria, South Africa",South Africa,Pretoria,City Centre,1,50,465.27,899.49,44974.5,12.4142,True
"Pretoria, South Africa",South Africa,Pretoria,Outside of Centre,1,50,414.96,712.49,35624.5,13.9778,True
"Pretoria, South Africa",South Africa,Pretoria,City Centre,3,110,989.49,899.49,98943.9,12.0006,True
"Pretoria, South Africa",South Africa,Pretoria,Outside of Centre,3,110,769.98,712.49,78373.9,11.7893,True
"Louisville, KY, United States",United States,"Louisville, KY",City Centre,1,50,1556.5,2700.0,135000.0,13.8356,True
"Louisville, KY, United States",United States,"Louisville, KY",Outside of Centre,1,50,998.43,1810.0,90500.0,13.2389,True
"Louisville, KY, United States",United States,"Louisville, KY",City Centre,3,110,1962.5,2700.0,297000.0,7.9293,True
"Louisville, KY, United States",United States,"Louisville, KY",Outside of Centre,3,110,1929.67,1810.0,199100.0,11.6304,True
"Oklahoma City, OK, United States",United States,"Oklahoma City, OK",City Centre,1,50,1286.5,2460.68,123034.0,12.5478,True
"Oklahoma City, OK, United States",United States,"Oklahoma City, OK",Outside of Centre,1,50,1041.14,1716.01,85800.5,14.5613,True
"Oklahoma City, OK, United States",United States,"Oklahoma City, OK",City Centre,3,110,2280.0,2460.68,270674.8,10.1081,True
"Oklahoma City, OK, United States",United States,"Oklahoma City, OK",Outside of Centre,3,110,1578.57,1716.01,188761.1,10.0354,True
"Baltimore, MD, United States",United States,"Baltimore, MD",City Centre,1,50,1760.0,2499.12,124956.0,16.9019,True
"Baltimore, MD, United States",United States,"Baltimore, MD",Outside of Centre,1,50,1093.33,2322.86,116143.0,11.2964,True
"Baltimore, MD, United States",United States,"Baltimore, MD",City Centre,3,110,2331.0,2499.12,274903.2,10.1752,True
"Baltimore, MD, United States",United States,"Baltimore, MD",Outside of Centre,3,110,2086.67,2322.86,255514.6,9.7998,True
"Indianapolis, IN, United States",United States,"Indianapolis, IN",City Centre,1,50,1720.0,2775.38,138769.0,14.8736,True
"Indianapolis, IN, United States",United States,"Indianapolis, IN",Outside of Centre,1,50,1350.0,1886.46,94323.0,17.175,True
"Indianapolis, IN, United States",United States,"Indianapolis, IN",City Centre,3,110,2676.78,2775.38,305291.8,10.5215,True
"Indianapolis, IN, United States",United States,"Indianapolis, IN",Outside of Centre,3,110,1976.11,1886.46,207510.6,11.4275,True
"Johannesburg, South Africa",South Africa,Johannesburg,City Centre,1,50,515.85,1002.35,50117.5,12.3514,True
"Johannesburg, South Africa",South Africa,Johannesburg,Outside of Centre,1,50,433.36,760.34,38017.0,13.6789,True
"Johannesburg, South Africa",South Africa,Johannesburg,City Centre,3,110,1040.09,1002.35,110258.5,11.3198,True
"Johannesburg, South Africa",South Africa,Johannesburg,Outside of Centre,3,110,892.17,760.34,83637.4,12.8005,True
"Omaha, NE, United States",United States,"Omaha, NE",City Centre,1,50,1459.67,1909.2,95460.0,18.3491,True
"Omaha, NE, United States",United States,"Omaha, NE",Outside of Centre,1,50,1131.89,1844.71,92235.5,14.7261,True
"Omaha, NE, United States",United States,"Omaha, NE",City Centre,3,110,3039.22,1909.2,210012.0,17.366,True
"Omaha, NE, United States",United States,"Omaha, NE",Outside of Centre,3,110,1990.5,1844.71,202918.1,11.7713,True
"Houston, TX, United States",United States,"Houston, TX",City Centre,1,50,1700.27,2378.53,118926.5,17.1562,True
"Houston, TX, United States",United States,"Houston, TX",Outside of Centre,1,50,1434.25,1833.0,91650.0,18.7791,True
"Houston, TX, United States",United States,"Houston, TX",City Centre,3,110,3097.44,2378.53,261638.3,14.2064,True
"Houston, TX, United States",United States,"Houston, TX",Outside of Centre,3,110,2214.46,1833.0,201630.0,13.1793,True
"Greenville, SC, United States",United States,"Greenville, SC",City Centre,1,50,1718.0,2004.4,100220.0,20.5707,True
"Greenville, SC, United States",United States,"Greenville, SC",Outside of Centre,1,50,1234.0,2004.4,100220.0,14.7755,True
"Greenville, SC, United States",United States,"Greenville, SC",City Centre,3,110,2580.0,2004.4,220484.0,14.0418,True
"Greenville, SC, United States",United States,"Greenville, SC",Outside of Centre,3,110,2104.43,2004.4,220484.0,11.4535,True
"Cleveland, OH, United States",United States,"Cleveland, OH",City Centre,1,50,1588.89,1663.63,83181.5,22.9218,True
"Cleveland, OH, United States",United States,"Cleveland, OH",Outside of Centre,1,50,1026.22,1594.69,79734.5,15.4446,True
"Cleveland, OH, United States",United States,"Cleveland, OH",City Centre,3,110,2850.0,1663.63,182999.3,18.6886,True
"Cleveland, OH, United States",United States,"Cleveland, OH",Outside of Centre,3,110,1782.22,1594.69,175415.9,12.192,True
"Memphis, TN, United States",United States,"Memphis, TN",City Centre,1,50,1476.67,1780.5,89025.0,19.9046,True
"Memphis, TN, United States",United States,"Memphis, TN",Outside of Centre,1,50,1178.43,1357.69,67884.5,20.8312,True
"Memphis, TN, United States",United States,"Memphis, TN",City Centre,3,110,2061.67,1780.5,195855.0,12.6318,True
"Memphis, TN, United States",United States,"Memphis, TN",Outside of Centre,3,110,1865.0,1357.69,149345.9,14.9853,True
"Wichita, KS, United States",United States,"Wichita, KS",City Centre,1,50,1004.33,1540.48,77024.0,15.647,True
"Wichita, KS, United States",United States,"Wichita, KS",Outside of Centre,1,50,769.86,1481.96,74098.0,12.4677,True
"Wichita, KS, United States",United States,"Wichita, KS",City Centre,3,110,1593.0,1540.48,169452.8,11.281,True
"Wichita, KS, United States",United States,"Wichita, KS",Outside of Centre,3,110,1303.5,1481.96,163015.6,9.5954,True
"Saint Louis, MO, United States",United States,"Saint Louis, MO",City Centre,1,50,1509.33,1388.5,69425.0,26.0885,False
"Saint Louis, MO, United States",United States,"Saint Louis, MO",Outside of Centre,1,50,936.38,1849.25,92462.5,12.1526,True
"Saint Louis, MO, United States",United States,"Saint Louis, MO",City Centre,3,110,2086.25,1388.5,152735.0,16.3911,True
"Saint Louis, MO, United States",United States,"Saint Louis, MO",Outside of Centre,3,110,1694.29,1849.25,203417.5,9.995,True
